scientificName,family,subfamily,infraspecificEpithet
Lepidonia callilepis,Asteraceae,Vernonioideae,NA
Critoniopsis triflosculosa,Asteraceae,Vernonioideae,NA
Vernonia serratuloides,Asteraceae,Vernonioideae,NA
Vernonia serratuloides,Asteraceae,Vernonioideae,NA
Vernonia serratuloides,Asteraceae,Vernonioideae,NA
Roldana lineolata,Asteraceae,Asteroideae,NA
Barkleyanthus salicifolius,Asteraceae,Asteroideae,NA
Senecio argutus,Asteraceae,Asteroideae,NA
Senecio callosus,Asteraceae,Asteroideae,NA
Roldana sessilifolia,Asteraceae,Asteroideae,NA
Barkleyanthus salicifolius,Asteraceae,Asteroideae,NA
Roldana mexicana,Asteraceae,Asteroideae,NA
Roldana mexicana,Asteraceae,Asteroideae,NA
Roldana michoacana,Asteraceae,Asteroideae,NA
Roldana angulifolia,Asteraceae,Asteroideae,NA
Critoniopsis uniflora,Asteraceae,Vernonioideae,NA
Senecio callosus,Asteraceae,Asteroideae,NA
Roldana lobata,Asteraceae,Asteroideae,NA
Barkleyanthus salicifolius,Asteraceae,Asteroideae,NA
Calea urticifolia urticifolia,Asteraceae,Asteroideae,urticifolia
Acourtia carpholepis,Asteraceae,Mutisioideae,NA
Dyssodia tagetiflora,Asteraceae,Asteroideae,NA
Pluchea symphytifolia,Asteraceae,Asteroideae,NA
Adenophyllum porophyllum,Asteraceae,Asteroideae,NA
Trixis inula,Asteraceae,Mutisioideae,NA
Florestina pedata,Asteraceae,Asteroideae,NA
Roldana lobata,Asteraceae,Asteroideae,NA
Acourtia coulteri,Asteraceae,Mutisioideae,NA
Dyssodia acerosa,Asteraceae,Asteroideae,NA
Thymophylla acerosa,Asteraceae,Asteroideae,NA
Thymophylla setifolia,Asteraceae,Asteroideae,NA
Flaveria anomala,Asteraceae,Asteroideae,NA
Dyssodia pinnata pinnata,Asteraceae,Asteroideae,pinnata
Schkuhria pinnata wislizeni,Asteraceae,Asteroideae,wislizeni
Dyssodia papposa,Asteraceae,Asteroideae,NA
Senecio vulgaris,Asteraceae,Asteroideae,NA
Flaveria robusta,Asteraceae,Asteroideae,NA
Lepidaploa koelzii,Asteraceae,Vernonioideae,NA
Adenophyllum cancellatum,Asteraceae,Asteroideae,NA
Melampodium sericeum,Asteraceae,Asteroideae,NA
Jefea lantanifolia,Asteraceae,Asteroideae,NA
Thymophylla pentachaeta pentachaeta,Asteraceae,Asteroideae,pentachaeta
Pectis prostrata,Asteraceae,Asteroideae,NA
Dyssodia pinnata glabrescens,Asteraceae,Asteroideae,glabrescens
Dyssodia papposa,Asteraceae,Asteroideae,NA
Dyssodia pinnata glabrescens,Asteraceae,Asteroideae,glabrescens
Dyssodia papposa,Asteraceae,Asteroideae,NA
Critoniopsis foliosa,Asteraceae,Vernonioideae,NA
Critoniopsis foliosa,Asteraceae,Vernonioideae,NA
Dyssodia papposa,Asteraceae,Asteroideae,NA
Oxypappus scaber,Asteraceae,Asteroideae,NA
Critoniopsis foliosa,Asteraceae,Vernonioideae,NA
Psacalium palmeri,Asteraceae,Asteroideae,NA
Pseudelephantopus spicatus,Asteraceae,Vernonioideae,NA
Sinclairia klattii,Asteraceae,Vernonioideae,NA
Schkuhria pinnata wislizeni,Asteraceae,Asteroideae,wislizeni
Florestina platyphylla,Asteraceae,Asteroideae,NA
Viguiera cordata cordata,Asteraceae,Asteroideae,cordata
Loxothysanus sinuatus,Asteraceae,Asteroideae,NA
Trixis inula,Asteraceae,Mutisioideae,NA
Lepidaploa tortuosa,Asteraceae,Vernonioideae,NA
Flaveria trinervia,Asteraceae,Asteroideae,NA
Flaveria trinervia,Asteraceae,Asteroideae,NA
Flaveria trinervia,Asteraceae,Asteroideae,NA
Acourtia wislizeni megacephala,Asteraceae,Mutisioideae,megacephala
Barkleyanthus salicifolius,Asteraceae,Asteroideae,NA
Dyssodia tagetiflora,Asteraceae,Asteroideae,NA
Dyssodia tagetiflora,Asteraceae,Asteroideae,NA
Galeana pratensis,Asteraceae,Asteroideae,NA
Critoniopsis foliosa,Asteraceae,Vernonioideae,NA
Dyssodia tagetiflora,Asteraceae,Asteroideae,NA
Calea urticifolia urticifolia,Asteraceae,Asteroideae,urticifolia
Dyssodia tagetiflora,Asteraceae,Asteroideae,NA
Trixis haenkei,Asteraceae,Mutisioideae,NA
Barkleyanthus salicifolius,Asteraceae,Asteroideae,NA
Acourtia wislizeni megacephala,Asteraceae,Mutisioideae,megacephala
Elephantopus mollis,Asteraceae,Vernonioideae,NA
Dyssodia tagetiflora,Asteraceae,Asteroideae,NA
Dyssodia tagetiflora,Asteraceae,Asteroideae,NA
Dyssodia tagetiflora,Asteraceae,Asteroideae,NA
Dyssodia tagetiflora,Asteraceae,Asteroideae,NA
Dyssodia tagetiflora,Asteraceae,Asteroideae,NA
Pluchea symphytifolia,Asteraceae,Asteroideae,NA
Pseudelephantopus spicatus,Asteraceae,Vernonioideae,NA
Schkuhria pinnata virgata,Asteraceae,Asteroideae,virgata
Dyssodia papposa,Asteraceae,Asteroideae,NA
Dyssodia pinnata pinnata,Asteraceae,Asteroideae,pinnata
Porophyllum linaria,Asteraceae,Asteroideae,NA
Dyssodia papposa,Asteraceae,Asteroideae,NA
Flaveria trinervia,Asteraceae,Asteroideae,NA
Adenophyllum porophyllum cancellatum,Asteraceae,Asteroideae,cancellatum
Oxypappus scaber,Asteraceae,Asteroideae,NA
Pluchea salicifolia,Asteraceae,Asteroideae,NA
Oxypappus scaber,Asteraceae,Asteroideae,NA
Helenium quadridentatum,Asteraceae,Asteroideae,NA
Galeana pratensis,Asteraceae,Asteroideae,NA
Dyssodia tagetiflora,Asteraceae,Asteroideae,NA
Pluchea symphytifolia,Asteraceae,Asteroideae,NA
Thymophylla micropoides,Asteraceae,Asteroideae,NA
Dyssodia pinnata glabrescens,Asteraceae,Asteroideae,glabrescens
Thymophylla pentachaeta pentachaeta,Asteraceae,Asteroideae,pentachaeta
Dyssodia pinnata glabrescens,Asteraceae,Asteroideae,glabrescens
Dyssodia papposa,Asteraceae,Asteroideae,NA
Dicranocarpus parviflorus,Asteraceae,Asteroideae,NA
Dyssodia papposa,Asteraceae,Asteroideae,NA
Vernonanthura cordata,Asteraceae,Vernonioideae,NA
Thymophylla pentachaeta pentachaeta,Asteraceae,Asteroideae,pentachaeta
Dyssodia pinnata pinnata,Asteraceae,Asteroideae,pinnata
Acourtia hidalgoana,Asteraceae,Mutisioideae,NA
Chrysactinia mexicana,Asteraceae,Asteroideae,NA
Tetrachyron websteri,Asteraceae,Asteroideae,NA
Roldana angulifolia,Asteraceae,Asteroideae,NA
Roldana aschenborniana,Asteraceae,Asteroideae,NA
Barkleyanthus salicifolius,Asteraceae,Asteroideae,NA
Sinclairia glabra hypoleuca,Asteraceae,Vernonioideae,hypoleuca
Dyssodia tagetiflora,Asteraceae,Asteroideae,NA
Vernonanthura cordata,Asteraceae,Vernonioideae,NA
Critoniopsis salicifolia,Asteraceae,Vernonioideae,NA
Vernonia bealliae,Asteraceae,Vernonioideae,NA
Adenophyllum porophyllum,Asteraceae,Asteroideae,NA
Gochnatia hypoleuca hypoleuca,Asteraceae,Gochnatioideae,hypoleuca
Vernonia karvinskiana karwinskiana,Asteraceae,Vernonioideae,karwinskiana
Critoniopsis uniflora,Asteraceae,Vernonioideae,NA
Flaveria trinervia,Asteraceae,Asteroideae,NA
Thymophylla setifolia,Asteraceae,Asteroideae,NA
Acourtia nudicaulis,Asteraceae,Mutisioideae,NA
Dyssodia pinnata pinnata,Asteraceae,Asteroideae,pinnata
Thymophylla pentachaeta pentachaeta,Asteraceae,Asteroideae,pentachaeta
Pluchea salicifolia,Asteraceae,Asteroideae,NA
Perityle microglossa microglossa,Asteraceae,Asteroideae,microglossa
Perityle microglossa microglossa,Asteraceae,Asteroideae,microglossa
Trixis hyposericea,Asteraceae,Mutisioideae,NA
Perityle jaliscana,Asteraceae,Asteroideae,NA
Adenophyllum glandulosum,Asteraceae,Asteroideae,NA
Dyssodia papposa,Asteraceae,Asteroideae,NA
Schkuhria pinnata wislizeni,Asteraceae,Asteroideae,wislizeni
Oxypappus scaber,Asteraceae,Asteroideae,NA
Dyssodia papposa,Asteraceae,Asteroideae,NA
Thymophylla tenuifolia,Asteraceae,Asteroideae,NA
Thymophylla micropoides,Asteraceae,Asteroideae,NA
Dyssodia pinnata pinnata,Asteraceae,Asteroideae,pinnata
Roldana sessilifolia,Asteraceae,Asteroideae,NA
Pittocaulon praecox,Asteraceae,Asteroideae,NA
Acourtia cordata,Asteraceae,Mutisioideae,NA
Roldana reticulata,Asteraceae,Asteroideae,NA
Florestina pedata,Asteraceae,Asteroideae,NA
Schkuhria pinnata wislizeni,Asteraceae,Asteroideae,wislizeni
Chrysactinia mexicana,Asteraceae,Asteroideae,NA
Acourtia palmeri,Asteraceae,Mutisioideae,NA
Pluchea symphytifolia,Asteraceae,Asteroideae,NA
Trixis inula,Asteraceae,Mutisioideae,NA
Pluchea symphytifolia,Asteraceae,Asteroideae,NA
Perityle emoryi,Asteraceae,Asteroideae,NA
Critoniopsis heydeana,Asteraceae,Vernonioideae,NA
Pseudelephantopus spicatus,Asteraceae,Vernonioideae,NA
Chaptalia nutans nutans,Asteraceae,Mutisioideae,nutans
Lepidaploa salzmannii,Asteraceae,Vernonioideae,NA
Melampodium perfoliatum,Asteraceae,Asteroideae,NA
Schkuhria pinnata wislizeni,Asteraceae,Asteroideae,wislizeni
Sinclairia glabra hypoleuca,Asteraceae,Vernonioideae,hypoleuca
Perityle lineariloba,Asteraceae,Asteroideae,NA
Pericome macrocephala,Asteraceae,Asteroideae,NA
Critoniopsis ovata,Asteraceae,Vernonioideae,NA
Schkuhria pinnata wislizeni,Asteraceae,Asteroideae,wislizeni
Critoniopsis foliosa,Asteraceae,Vernonioideae,NA
Psacalium palmeri,Asteraceae,Asteroideae,NA
Calea urticifolia urticifolia,Asteraceae,Asteroideae,urticifolia
Pectis prostrata,Asteraceae,Asteroideae,NA
Vernonanthura serratuloides,Asteraceae,Vernonioideae,NA
Schkuhria pinnata wislizeni,Asteraceae,Asteroideae,wislizeni
Pluchea symphytifolia,Asteraceae,Asteroideae,NA
Pluchea salicifolia,Asteraceae,Asteroideae,NA
Dyssodia tagetiflora,Asteraceae,Asteroideae,NA
Schkuhria pinnata wislizeni,Asteraceae,Asteroideae,wislizeni
Galeana pratensis,Asteraceae,Asteroideae,NA
Sinclairia glabra hypoleuca,Asteraceae,Vernonioideae,hypoleuca
Trixis michuacana longifolia,Asteraceae,Mutisioideae,longifolia
Vernonanthura serratuloides,Asteraceae,Vernonioideae,NA
Bolanosa coulteri,Asteraceae,Vernonioideae,NA
Dyssodia tagetiflora,Asteraceae,Asteroideae,NA
Roldana lobata,Asteraceae,Asteroideae,NA
Dyssodia pinnata glabrescens,Asteraceae,Asteroideae,glabrescens
Critoniopsis foliosa,Asteraceae,Vernonioideae,NA
Dyssodia pinnata pinnata,Asteraceae,Asteroideae,pinnata
Chaptalia hintonii,Asteraceae,Mutisioideae,NA
Chaptalia hintonii,Asteraceae,Mutisioideae,NA
Dyssodia papposa,Asteraceae,Asteroideae,NA
Dyssodia decipiens,Asteraceae,Asteroideae,NA
Schkuhria pinnata wislizeni,Asteraceae,Asteroideae,wislizeni
Tagetes filifolia,Asteraceae,Asteroideae,NA
Psacalium poculiferum,Asteraceae,Asteroideae,NA
Psacalium platylepis,Asteraceae,Asteroideae,NA
Galeana pratensis,Asteraceae,Asteroideae,NA
Psacalium palmeri,Asteraceae,Asteroideae,NA
Psacalium palmeri,Asteraceae,Asteroideae,NA
Pluchea symphytifolia,Asteraceae,Asteroideae,NA
Adenophyllum glandulosum,Asteraceae,Asteroideae,NA
Acourtia reticulata reticulata,Asteraceae,Mutisioideae,reticulata
Acourtia reticulata reticulata,Asteraceae,Mutisioideae,reticulata
Pittocaulon velatum velatum,Asteraceae,Asteroideae,velatum
Adenophyllum porophyllum,Asteraceae,Asteroideae,NA
Roldana lobata,Asteraceae,Asteroideae,NA
Senecio iodanthus,Asteraceae,Asteroideae,NA
Barkleyanthus salicifolius,Asteraceae,Asteroideae,NA
Critoniopsis uniflora,Asteraceae,Vernonioideae,NA
Roldana lobata,Asteraceae,Asteroideae,NA
Struchium sparganophorum,Asteraceae,Vernonioideae,NA
Trixis inula,Asteraceae,Mutisioideae,NA
Schkuhria pinnata wislizeni,Asteraceae,Asteroideae,wislizeni
Adenophyllum cancellatum,Asteraceae,Asteroideae,NA
Tagetes subulata,Asteraceae,Asteroideae,NA
Dyssodia papposa,Asteraceae,Asteroideae,NA
Dyssodia papposa,Asteraceae,Asteroideae,NA
Sanvitalia procumbens,Asteraceae,Asteroideae,NA
Chrysactinia mexicana,Asteraceae,Asteroideae,NA
Thymophylla setifolia,Asteraceae,Asteroideae,NA
Trixis californica californica,Asteraceae,Mutisioideae,californica
Gaillardia gypsophila,Asteraceae,Asteroideae,NA
Thymophylla pentachaeta pentachaeta,Asteraceae,Asteroideae,pentachaeta
Thymophylla pentachaeta pentachaeta,Asteraceae,Asteroideae,pentachaeta
Pluchea odorata,Asteraceae,Asteroideae,NA
Chrysactinia mexicana,Asteraceae,Asteroideae,NA
Cosmos bipinnatus,Asteraceae,Asteroideae,NA
Galeana pratensis,Asteraceae,Asteroideae,NA
Trixis michuacana longifolia,Asteraceae,Mutisioideae,longifolia
Loxothysanus pedunculatus,Asteraceae,Asteroideae,NA
Vernonanthura patens,Asteraceae,Vernonioideae,NA
Flaveria trinervia,Asteraceae,Asteroideae,NA
Galeana pratensis,Asteraceae,Asteroideae,NA
Melampodium sericeum,Asteraceae,Asteroideae,NA
Critoniopsis tomentosa,Asteraceae,Vernonioideae,NA
Dyssodia papposa,Asteraceae,Asteroideae,NA
Tagetes tenuifolia,Asteraceae,Asteroideae,NA
Dyssodia pinnata pinnata,Asteraceae,Asteroideae,pinnata
Acourtia wislizeni megacephala,Asteraceae,Mutisioideae,megacephala
Sinclairia glabra hypoleuca,Asteraceae,Vernonioideae,hypoleuca
Varilla mexicana mexicana,Asteraceae,Asteroideae,mexicana
Sinclairia glabra hypoleuca,Asteraceae,Vernonioideae,hypoleuca
Viguiera dentata,Asteraceae,Asteroideae,NA
Adenophyllum anomalum,Asteraceae,Asteroideae,NA
Adenophyllum anomalum,Asteraceae,Asteroideae,NA
Iostephane heterophylla,Asteraceae,Asteroideae,NA
Schkuhria pinnata wislizeni,Asteraceae,Asteroideae,wislizeni
Pluchea symphytifolia,Asteraceae,Asteroideae,NA
Trixis pterocaulis,Asteraceae,Mutisioideae,NA
Pectis multiflosculosa,Asteraceae,Asteroideae,NA
Pseudogynoxys chenopodioides chenopodioides,Asteraceae,Asteroideae,chenopodioides
Blumea viscosa,Asteraceae,Asteroideae,NA
Critoniopsis triflosculosa,Asteraceae,Vernonioideae,NA
Lepidaploa remotiflora,Asteraceae,Vernonioideae,NA
Trixis inula,Asteraceae,Mutisioideae,NA
Psacalium peltatum peltatum,Asteraceae,Asteroideae,peltatum
Schkuhria pinnata wislizeni,Asteraceae,Asteroideae,wislizeni
Acourtia cordata,Asteraceae,Mutisioideae,NA
Roldana lobata,Asteraceae,Asteroideae,NA
Iostephane heterophylla,Asteraceae,Asteroideae,NA
Barkleyanthus salicifolius,Asteraceae,Asteroideae,NA
Roldana sessilifolia,Asteraceae,Asteroideae,NA
Dyssodia pinnata glabrescens,Asteraceae,Asteroideae,glabrescens
Chaptalia nutans nutans,Asteraceae,Mutisioideae,nutans
Tagetes filifolia,Asteraceae,Asteroideae,NA
Chaptalia nutans nutans,Asteraceae,Mutisioideae,nutans
Pectis liebmannii,Asteraceae,Asteroideae,NA
Schkuhria pinnata virgata,Asteraceae,Asteroideae,virgata
Galeana pratensis,Asteraceae,Asteroideae,NA
Senecio callosus,Asteraceae,Asteroideae,NA
Barkleyanthus salicifolius,Asteraceae,Asteroideae,NA
Packera sanguisorbae,Asteraceae,Asteroideae,NA
Packera sanguisorbae,Asteraceae,Asteroideae,NA
Senecio toluccanus,Asteraceae,Asteroideae,NA
Packera sanguisorbae,Asteraceae,Asteroideae,NA
Roldana barba-johannis,Asteraceae,Asteroideae,NA
Roldana barba-johannis,Asteraceae,Asteroideae,NA
Roldana platanifolia,Asteraceae,Asteroideae,NA
Senecio callosus,Asteraceae,Asteroideae,NA
Senecio callosus,Asteraceae,Asteroideae,NA
Barkleyanthus salicifolius,Asteraceae,Asteroideae,NA
Roldana barba-johannis,Asteraceae,Asteroideae,NA
Senecio callosus,Asteraceae,Asteroideae,NA
Senecio callosus,Asteraceae,Asteroideae,NA
Packera bellidifolia,Asteraceae,Asteroideae,NA
Senecio toluccanus,Asteraceae,Asteroideae,NA
Senecio toluccanus,Asteraceae,Asteroideae,NA
Senecio callosus,Asteraceae,Asteroideae,NA
Roldana barba-johannis,Asteraceae,Asteroideae,NA
Packera sanguisorbae,Asteraceae,Asteroideae,NA
Roldana barba-johannis,Asteraceae,Asteroideae,NA
Senecio toluccanus,Asteraceae,Asteroideae,NA
Psacalium sinuatum,Asteraceae,Asteroideae,NA
Packera sanguisorbae,Asteraceae,Asteroideae,NA
Senecio callosus,Asteraceae,Asteroideae,NA
Senecio toluccanus,Asteraceae,Asteroideae,NA
Telanthophora andrieuxii,Asteraceae,Asteroideae,NA
Senecio callosus,Asteraceae,Asteroideae,NA
Packera sanguisorbae,Asteraceae,Asteroideae,NA
Roldana angulifolia,Asteraceae,Asteroideae,NA
Roldana barba-johannis,Asteraceae,Asteroideae,NA
Packera sanguisorbae,Asteraceae,Asteroideae,NA
Packera sanguisorbae,Asteraceae,Asteroideae,NA
Roldana platanifolia,Asteraceae,Asteroideae,NA
Senecio callosus,Asteraceae,Asteroideae,NA
Senecio callosus,Asteraceae,Asteroideae,NA
Roldana barba-johannis,Asteraceae,Asteroideae,NA
Roldana platanifolia,Asteraceae,Asteroideae,NA
Thymophylla acerosa,Asteraceae,Asteroideae,NA
Dyssodia tagetiflora,Asteraceae,Asteroideae,NA
Acourtia wrightii,Asteraceae,Mutisioideae,NA
Ageratina crassiramea,Asteraceae,Asteroideae,NA
Arnicastrum glandulosum,Asteraceae,Asteroideae,NA
Trixis mexicana mexicana,Asteraceae,Mutisioideae,mexicana
Acourtia wrightii,Asteraceae,Mutisioideae,NA
Schkuhria pinnata wislizeni,Asteraceae,Asteroideae,wislizeni
Roldana sessilifolia,Asteraceae,Asteroideae,NA
Porophyllum viridiflorum,Asteraceae,Asteroideae,NA
Dyssodia tagetiflora,Asteraceae,Asteroideae,NA
Dyssodia tagetiflora,Asteraceae,Asteroideae,NA
Roldana sessilifolia,Asteraceae,Asteroideae,NA
Adenophyllum porophyllum cancellatum,Asteraceae,Asteroideae,cancellatum
Schkuhria pinnata wislizeni,Asteraceae,Asteroideae,wislizeni
Dyssodia pinnata pinnata,Asteraceae,Asteroideae,pinnata
Psacalium peltatum peltatum,Asteraceae,Asteroideae,peltatum
Digitacalia jatrophoides,Asteraceae,Asteroideae,NA
Pluchea symphytifolia,Asteraceae,Asteroideae,NA
Hymenoxys pinetorum,Asteraceae,Asteroideae,NA
Senecio loratifolius,Asteraceae,Asteroideae,NA
Dyssodia pinnata glabrescens,Asteraceae,Asteroideae,glabrescens
Acourtia turbinata,Asteraceae,Mutisioideae,NA
Dyssodia decipiens,Asteraceae,Asteroideae,NA
Schkuhria anthemoides,Asteraceae,Asteroideae,NA
Adenophyllum glandulosum,Asteraceae,Asteroideae,NA
Schkuhria pinnata virgata,Asteraceae,Asteroideae,virgata
Dyssodia acerosa,Asteraceae,Asteroideae,NA
Senecio flaccidus flaccidus,Asteraceae,Asteroideae,flaccidus
Schkuhria pinnata wislizeni,Asteraceae,Asteroideae,wislizeni
Chrysactinia pinnata,Asteraceae,Asteroideae,NA
Thymophylla pentachaeta hartwegii,Asteraceae,Asteroideae,hartwegii
Dyssodia papposa,Asteraceae,Asteroideae,NA
Critoniopsis ovata,Asteraceae,Vernonioideae,NA
Acourtia wislizeni,Asteraceae,Mutisioideae,NA
Senecio flaccidus flaccidus,Asteraceae,Asteroideae,flaccidus
Leibnitzia lyrata,Asteraceae,Mutisioideae,NA
Senecio hypotrichus,Asteraceae,Asteroideae,NA
Cosmos sulphureus,Asteraceae,Asteroideae,NA
Acourtia oxylepis,Asteraceae,Mutisioideae,NA
Thymophylla acerosa,Asteraceae,Asteroideae,NA
Zaluzania triloba,Asteraceae,Asteroideae,NA
Hymenopappus mexicanus,Asteraceae,Asteroideae,NA
Verbesina sororia,Asteraceae,Asteroideae,NA
Pectis angustifolia,Asteraceae,Asteroideae,NA
Pectis angustifolia tenella,Asteraceae,Asteroideae,tenella
Zaluzania triloba,Asteraceae,Asteroideae,NA
Acourtia parryi,Asteraceae,Mutisioideae,NA
Thymophylla pentachaeta pentachaeta,Asteraceae,Asteroideae,pentachaeta
Acourtia wrightii,Asteraceae,Mutisioideae,NA
Eutetras palmeri,Asteraceae,Asteroideae,NA
Gaillardia mexicana,Asteraceae,Asteroideae,NA
Cosmos parviflorus,Asteraceae,Asteroideae,NA
Tagetes parryi,Asteraceae,Asteroideae,NA
Dugesia mexicana,Asteraceae,Asteroideae,NA
Senecio heterodontus,Asteraceae,Asteroideae,NA
Senecio picridis,Asteraceae,Asteroideae,NA
Adenophyllum aurantium,Asteraceae,Asteroideae,NA
Schkuhria pinnata wislizeni,Asteraceae,Asteroideae,wislizeni
Porophyllum macrocephalum,Asteraceae,Asteroideae,NA
Tagetes tenuifolia,Asteraceae,Asteroideae,NA
Adenophyllum cancellatum,Asteraceae,Asteroideae,NA
Calea ternifolia,Asteraceae,Asteroideae,NA
Thymophylla pentachaeta hartwegii,Asteraceae,Asteroideae,hartwegii
Perityle parryi,Asteraceae,Asteroideae,NA
Tithonia tubaeformis,Asteraceae,Asteroideae,NA
Solidago juliae,Asteraceae,Asteroideae,NA
Packera scalaris scalaris,Asteraceae,Asteroideae,scalaris
Brickellia petrophila,Asteraceae,Asteroideae,NA
Perymenium mendezii mendezii,Asteraceae,Asteroideae,mendezii
Melampodium strigosum,Asteraceae,Asteroideae,NA
Flaveria trinervia,Asteraceae,Asteroideae,NA
Tagetes micrantha,Asteraceae,Asteroideae,NA
Sanvitalia abertii,Asteraceae,Asteroideae,NA
Tagetes micrantha,Asteraceae,Asteroideae,NA
Thymophylla setifolia,Asteraceae,Asteroideae,NA
Porophyllum macrocephalum,Asteraceae,Asteroideae,NA
Trixis inula,Asteraceae,Mutisioideae,NA
Senecio loratifolius,Asteraceae,Asteroideae,NA
Hymenoxys pinetorum,Asteraceae,Asteroideae,NA
Senecio loratifolius,Asteraceae,Asteroideae,NA
Packera coahuilensis,Asteraceae,Asteroideae,NA
Barkleyanthus salicifolius,Asteraceae,Asteroideae,NA
Senecio loratifolius,Asteraceae,Asteroideae,NA
Hymenoxys pinetorum,Asteraceae,Asteroideae,NA
Senecio loratifolius,Asteraceae,Asteroideae,NA
Vernonia greggii,Asteraceae,Vernonioideae,NA
Packera coahuilensis,Asteraceae,Asteroideae,NA
Packera hintoniorum,Asteraceae,Asteroideae,NA
Senecio loratifolius,Asteraceae,Asteroideae,NA
Packera hintoniorum,Asteraceae,Asteroideae,NA
Packera coahuilensis,Asteraceae,Asteroideae,NA
Packera coahuilensis,Asteraceae,Asteroideae,NA
Senecio loratifolius,Asteraceae,Asteroideae,NA
Barkleyanthus salicifolius,Asteraceae,Asteroideae,NA
Packera hintoniorum,Asteraceae,Asteroideae,NA
Senecio loratifolius,Asteraceae,Asteroideae,NA
Barkleyanthus salicifolius,Asteraceae,Asteroideae,NA
Senecio loratifolius,Asteraceae,Asteroideae,NA
Tagetes filifolia,Asteraceae,Asteroideae,NA
Schkuhria pinnata guatemalensis,Asteraceae,Asteroideae,guatemalensis
Schkuhria pinnata wislizeni,Asteraceae,Asteroideae,wislizeni
Heterosperma pinnatum,Asteraceae,Asteroideae,NA
Adenophyllum cancellatum,Asteraceae,Asteroideae,NA
Tagetes filifolia,Asteraceae,Asteroideae,NA
Adenophyllum cancellatum,Asteraceae,Asteroideae,NA
Schkuhria pinnata wislizeni,Asteraceae,Asteroideae,wislizeni
Adenophyllum porophyllum cancellatum,Asteraceae,Asteroideae,cancellatum
Pectis prostrata,Asteraceae,Asteroideae,NA
Schkuhria pinnata wislizeni,Asteraceae,Asteroideae,wislizeni
Packera tampicana,Asteraceae,Asteroideae,NA
Chaptalia nutans nutans,Asteraceae,Mutisioideae,nutans
Varilla texana,Asteraceae,Asteroideae,NA
Flaveria trinervia,Asteraceae,Asteroideae,NA
Trixis hyposericea,Asteraceae,Mutisioideae,NA
Critoniopsis foliosa,Asteraceae,Vernonioideae,NA
Trixis hyposericea,Asteraceae,Mutisioideae,NA
Dyssodia tagetiflora,Asteraceae,Asteroideae,NA
Trixis hyposericea,Asteraceae,Mutisioideae,NA
Trixis hyposericea,Asteraceae,Mutisioideae,NA
Acourtia glomeriflora,Asteraceae,Mutisioideae,NA
Trixis hyposericea,Asteraceae,Mutisioideae,NA
Dyssodia tagetiflora,Asteraceae,Asteroideae,NA
Lagascea helianthifolia,Asteraceae,Asteroideae,NA
Trixis hyposericea,Asteraceae,Mutisioideae,NA
Dyssodia tagetiflora,Asteraceae,Asteroideae,NA
Psacalium poculiferum,Asteraceae,Asteroideae,NA
Trixis hyposericea,Asteraceae,Mutisioideae,NA
Pluchea salicifolia,Asteraceae,Asteroideae,NA
Critoniopsis foliosa,Asteraceae,Vernonioideae,NA
Dyssodia tagetiflora,Asteraceae,Asteroideae,NA
Galeana pratensis,Asteraceae,Asteroideae,NA
Acourtia fruticosa,Asteraceae,Mutisioideae,NA
Acourtia fruticosa,Asteraceae,Mutisioideae,NA
Acourtia discolor,Asteraceae,Mutisioideae,NA
Acourtia scapiformis,Asteraceae,Mutisioideae,NA
Boeberoides grandiflora,Asteraceae,Asteroideae,NA
Acourtia reticulata maculata,Asteraceae,Mutisioideae,maculata
Psacalium sinuatum,Asteraceae,Asteroideae,NA
Roldana sessilifolia,Asteraceae,Asteroideae,NA
Galeana pratensis,Asteraceae,Asteroideae,NA
Psacalium palmeri,Asteraceae,Asteroideae,NA
Chrysactinia mexicana,Asteraceae,Asteroideae,NA
Dyssodia papposa,Asteraceae,Asteroideae,NA
Adenophyllum porophyllum cancellatum,Asteraceae,Asteroideae,cancellatum
Dyssodia tagetiflora,Asteraceae,Asteroideae,NA
Acourtia wislizeni megacephala,Asteraceae,Mutisioideae,megacephala
Acourtia wislizeni megacephala,Asteraceae,Mutisioideae,megacephala
Dyssodia tagetiflora,Asteraceae,Asteroideae,NA
Acourtia wislizeni megacephala,Asteraceae,Mutisioideae,megacephala
Adenophyllum porophyllum cancellatum,Asteraceae,Asteroideae,cancellatum
Psacalium peltigerum peltigerum,Asteraceae,Asteroideae,peltigerum
Adenophyllum porophyllum cancellatum,Asteraceae,Asteroideae,cancellatum
Lagascea helianthifolia,Asteraceae,Asteroideae,NA
Psacalium pringlei,Asteraceae,Asteroideae,NA
Adenophyllum porophyllum cancellatum,Asteraceae,Asteroideae,cancellatum
Adenophyllum porophyllum porophyllum,Asteraceae,Asteroideae,porophyllum
Ageratina crassiramea,Asteraceae,Asteroideae,NA
Acourtia simulata,Asteraceae,Mutisioideae,NA
Vernonia bealliae,Asteraceae,Vernonioideae,NA
Ficus kellermanii,Moraceae,NA,NA
Arrabidaea floribunda,Bignoniaceae,NA,NA
Florestina latifolia,Asteraceae,Asteroideae,NA
Caesalpinia exostemma,Fabaceae,Caesalpinioideae,NA
Talinum triangulare,Talinaceae,NA,NA
Opuntia decumbens,Cactaceae,Opuntioideae,NA
Gouania polygama,Rhamnaceae,Ziziphoideae,NA
Turnera,Passifloraceae,Turneroideae,NA
Bouchea nelsonii,Verbenaceae,NA,NA
Chamaesyce dioeca,Euphorbiaceae,NA,NA
Tradescantia andrieuxii,Commelinaceae,Commelinoideae,NA
Eragrostis cilianensis,Poaceae,Chloridoideae,NA
Stenocereus longispinus,Cactaceae,Cactoideae,NA
Caesalpinia eriostachys,Fabaceae,Caesalpinioideae,NA
Cathestecum varium,Poaceae,Chloridoideae,NA
Stemmadenia obovata mollis,Apocynaceae,NA,mollis
Passiflora foetida lanuginosa,Passifloraceae,Passifloroideae,lanuginosa
Capraria biflora,Scrophulariaceae,NA,NA
Pereskiopsis diguetii,Cactaceae,Opuntioideae,NA
Tridax procumbens,Asteraceae,Asteroideae,NA
Merremia quinquefolia,Convolvulaceae,NA,NA
Bursera fagaroides fagaroides,Burseraceae,NA,fagaroides
Acourtia turbinata,Asteraceae,Mutisioideae,NA
Chaptalia nutans texana,Asteraceae,Mutisioideae,texana
Erechtites valerianifolius,Asteraceae,Asteroideae,NA
Pectis leavenworthii,Asteraceae,Asteroideae,NA
Galeana pratensis,Asteraceae,Asteroideae,NA
Galeana pratensis,Asteraceae,Asteroideae,NA
Schkuhria pinnata wislizeni,Asteraceae,Asteroideae,wislizeni
Acourtia fruticosa,Asteraceae,Mutisioideae,NA
Acourtia coulteri,Asteraceae,Mutisioideae,NA
Thymophylla setifolia,Asteraceae,Asteroideae,NA
Flaveria oppositifolia,Asteraceae,Asteroideae,NA
Borrichia frutescens,Asteraceae,Asteroideae,NA
Elephantopus mollis,Asteraceae,Vernonioideae,NA
Elephantopus mollis,Asteraceae,Vernonioideae,NA
Porophyllum viridiflorum,Asteraceae,Asteroideae,NA
Critoniopsis triflosculosa,Asteraceae,Vernonioideae,NA
Chrysactinia mexicana,Asteraceae,Asteroideae,NA
Porophyllum linaria,Asteraceae,Asteroideae,NA
Schkuhria pinnata wislizeni,Asteraceae,Asteroideae,wislizeni
Schkuhria pinnata wislizeni,Asteraceae,Asteroideae,wislizeni
Oxypappus scaber,Asteraceae,Asteroideae,NA
Adenophyllum porophyllum cancellatum,Asteraceae,Asteroideae,cancellatum
Acourtia fruticosa,Asteraceae,Mutisioideae,NA
Oxypappus scaber,Asteraceae,Asteroideae,NA
Tagetes filifolia,Asteraceae,Asteroideae,NA
Tagetes erecta,Asteraceae,Asteroideae,NA
Perityle microglossa microglossa,Asteraceae,Asteroideae,microglossa
Galeana pratensis,Asteraceae,Asteroideae,NA
Pittocaulon velatum velatum,Asteraceae,Asteroideae,velatum
Flaveria trinervia,Asteraceae,Asteroideae,NA
Dyssodia tagetiflora,Asteraceae,Asteroideae,NA
Adenophyllum porophyllum porophyllum,Asteraceae,Asteroideae,porophyllum
Dyssodia tagetiflora,Asteraceae,Asteroideae,NA
Adenophyllum aurantium,Asteraceae,Asteroideae,NA
Dyssodia tagetiflora,Asteraceae,Asteroideae,NA
Acourtia bravohollisiana,Asteraceae,Mutisioideae,NA
Adenophyllum aurantium,Asteraceae,Asteroideae,NA
Flaveria kochiana,Asteraceae,Asteroideae,NA
Trixis inula,Asteraceae,Mutisioideae,NA
Havardia albicans,Fabaceae,Caesalpinioideae,NA
Diospyros yatesiana,Ebenaceae,Ebenoideae,NA
Melanthera nivea,Asteraceae,Asteroideae,NA
Flaveria trinervia,Asteraceae,Asteroideae,NA
Eutetras palmeri,Asteraceae,Asteroideae,NA
Florestina pedata,Asteraceae,Asteroideae,NA
Perityle microglossa microglossa,Asteraceae,Asteroideae,microglossa
Perityle microglossa microglossa,Asteraceae,Asteroideae,microglossa
Lepidaploa canescens,Asteraceae,Vernonioideae,NA
Flaveria robusta,Asteraceae,Asteroideae,NA
Thymophylla setifolia,Asteraceae,Asteroideae,NA
Flaveria trinervia,Asteraceae,Asteroideae,NA
Tagetes lucida,Asteraceae,Asteroideae,NA
Aztecaster pyramidatus,Asteraceae,Asteroideae,NA
Simsia chaseae,Asteraceae,Asteroideae,NA
Cordia gerascanthus,Cordiaceae,NA,NA
Plagiolophus millspaughii,Asteraceae,Asteroideae,NA
Pectis linifolia linifolia,Asteraceae,Asteroideae,linifolia
Trixis inula,Asteraceae,Mutisioideae,NA
Porophyllum punctatum,Asteraceae,Asteroideae,NA
Nopalea inaperta,Cactaceae,Opuntioideae,NA
Nopalea inaperta,Cactaceae,Opuntioideae,NA
Nopalea inaperta,Cactaceae,Opuntioideae,NA
Melanthera nivea,Asteraceae,Asteroideae,NA
Sideroxylon salicifolium,Sapotaceae,Sapotoideae,NA
Nopalea inaperta,Cactaceae,Opuntioideae,NA
Dyssodia pinnata pinnata,Asteraceae,Asteroideae,pinnata
Thymophylla setifolia,Asteraceae,Asteroideae,NA
Trixis mexicana mexicana,Asteraceae,Mutisioideae,mexicana
Dyssodia pinnata pinnata,Asteraceae,Asteroideae,pinnata
Acourtia humboldtii,Asteraceae,Mutisioideae,NA
Schkuhria pinnata wislizeni,Asteraceae,Asteroideae,wislizeni
Dyssodia tagetiflora,Asteraceae,Asteroideae,NA
Tagetes pringlei,Asteraceae,Asteroideae,NA
Tagetes pringlei,Asteraceae,Asteroideae,NA
Schkuhria pinnata wislizeni,Asteraceae,Asteroideae,wislizeni
Adenophyllum porophyllum cancellatum,Asteraceae,Asteroideae,cancellatum
Gochnatia hypoleuca hypoleuca,Asteraceae,Gochnatioideae,hypoleuca
Schkuhria pinnata wislizeni,Asteraceae,Asteroideae,wislizeni
Calea urticifolia urticifolia,Asteraceae,Asteroideae,urticifolia
Koanophyllon reyrobinsonii,Asteraceae,Asteroideae,NA
Acourtia runcinata,Asteraceae,Mutisioideae,NA
Chrysactinia pinnata,Asteraceae,Asteroideae,NA
Acourtia runcinata,Asteraceae,Mutisioideae,NA
Thymophylla setifolia,Asteraceae,Asteroideae,NA
Critoniopsis obtusa,Asteraceae,Vernonioideae,NA
Trixis pterocaulis,Asteraceae,Mutisioideae,NA
Acourtia turbinata,Asteraceae,Mutisioideae,NA
Senecio mulgediifolius,Asteraceae,Asteroideae,NA
Roldana lobata,Asteraceae,Asteroideae,NA
Oxypappus scaber,Asteraceae,Asteroideae,NA
Pseudelephantopus spicatus,Asteraceae,Vernonioideae,NA
Villasenoria orcuttii,Asteraceae,Asteroideae,NA
Vernonanthura serratuloides,Asteraceae,Vernonioideae,NA
Pluchea salicifolia,Asteraceae,Asteroideae,NA
Florestina tripteris,Asteraceae,Asteroideae,NA
Chromolaena collina,Asteraceae,Asteroideae,NA
Acourtia wislizeni megacephala,Asteraceae,Mutisioideae,megacephala
Senecio stoechadiformis,Asteraceae,Asteroideae,NA
Dyssodia acerosa,Asteraceae,Asteroideae,NA
Thymophylla pentachaeta pentachaeta,Asteraceae,Asteroideae,pentachaeta
Perityle jaliscana,Asteraceae,Asteroideae,NA
Loxothysanus sinuatus,Asteraceae,Asteroideae,NA
Senecio deppeanus,Asteraceae,Asteroideae,NA
Roldana schaffneri,Asteraceae,Asteroideae,NA
Roldana aschenborniana,Asteraceae,Asteroideae,NA
Senecio deppeanus,Asteraceae,Asteroideae,NA
Trixis inula,Asteraceae,Mutisioideae,NA
Trixis inula,Asteraceae,Mutisioideae,NA
Critoniopsis leiocarpa,Asteraceae,Vernonioideae,NA
Chaptalia nutans nutans,Asteraceae,Mutisioideae,nutans
Senecio deppeanus,Asteraceae,Asteroideae,NA
Trixis inula,Asteraceae,Mutisioideae,NA
Erechtites hieracifolia cacalioides,Asteraceae,NA,cacalioides
Pluchea symphytifolia,Asteraceae,Asteroideae,NA
Acourtia wrightii,Asteraceae,Mutisioideae,NA
Critoniopsis uniflora,Asteraceae,Vernonioideae,NA
Critoniopsis uniflora,Asteraceae,Vernonioideae,NA
Dyssodia pinnata pinnata,Asteraceae,Asteroideae,pinnata
Galeana pratensis,Asteraceae,Asteroideae,NA
Porophyllum macrocephalum,Asteraceae,Asteroideae,NA
Tagetes tenuifolia,Asteraceae,Asteroideae,NA
Tagetes lucida,Asteraceae,Asteroideae,NA
Acourtia parryi,Asteraceae,Mutisioideae,NA
Pluchea salicifolia,Asteraceae,Asteroideae,NA
Barkleyanthus salicifolius,Asteraceae,Asteroideae,NA
Vernonanthura serratuloides,Asteraceae,Vernonioideae,NA
Schkuhria pinnata wislizeni,Asteraceae,Asteroideae,wislizeni
Critoniopsis foliosa,Asteraceae,Vernonioideae,NA
Tagetes lucida,Asteraceae,Asteroideae,NA
Iostephane heterophylla,Asteraceae,Asteroideae,NA
Flaveria anomala,Asteraceae,Asteroideae,NA
Critoniopsis tomentosa,Asteraceae,Vernonioideae,NA
Dyssodia pinnata pinnata,Asteraceae,Asteroideae,pinnata
Pluchea symphytifolia,Asteraceae,Asteroideae,NA
Pluchea odorata,Asteraceae,Asteroideae,NA
Sinclairia glabra hypoleuca,Asteraceae,Vernonioideae,hypoleuca
Acourtia cuernavacana,Asteraceae,Mutisioideae,NA
Loxothysanus sinuatus,Asteraceae,Asteroideae,NA
Adenophyllum aurantium,Asteraceae,Asteroideae,NA
Lepidaploa tortuosa,Asteraceae,Vernonioideae,NA
Critoniopsis triflosculosa,Asteraceae,Vernonioideae,NA
Palafoxia lindenii,Asteraceae,Asteroideae,NA
Loxothysanus sinuatus,Asteraceae,Asteroideae,NA
Dyssodia anthemidifolia,Asteraceae,Asteroideae,NA
Thymophylla setifolia,Asteraceae,Asteroideae,NA
Adenophyllum aurantium,Asteraceae,Asteroideae,NA
Adenophyllum porophyllum,Asteraceae,Asteroideae,NA
Adenophyllum aurantium,Asteraceae,Asteroideae,NA
Pseudelephantopus spicatus,Asteraceae,Vernonioideae,NA
Trixis inula,Asteraceae,Mutisioideae,NA
Critoniopsis salicifolia,Asteraceae,Vernonioideae,NA
Schkuhria pinnata wislizeni,Asteraceae,Asteroideae,wislizeni
Sinclairia discolor,Asteraceae,Vernonioideae,NA
Pentacalia parasitica,Asteraceae,Asteroideae,NA
Neurolaena macrocephala,Asteraceae,Asteroideae,NA
Bartlettia scaposa,Asteraceae,Asteroideae,NA
Schkuhria pinnata wislizeni,Asteraceae,Asteroideae,wislizeni
Thymophylla setifolia,Asteraceae,Asteroideae,NA
Gochnatia hypoleuca hypoleuca,Asteraceae,Gochnatioideae,hypoleuca
Bahia absinthifolia dealbata,Asteraceae,Asteroideae,dealbata
Trixis angustifolia,Asteraceae,Mutisioideae,NA
Dyssodia papposa,Asteraceae,Asteroideae,NA
Roldana gonzaleziae,Asteraceae,Asteroideae,NA
Roldana sessilifolia,Asteraceae,Asteroideae,NA
Pippenalia delphiniifolia,Asteraceae,Asteroideae,NA
Roldana gonzaleziae,Asteraceae,Asteroideae,NA
Pectis prostrata,Asteraceae,Asteroideae,NA
Senecio stoechadiformis,Asteraceae,Asteroideae,NA
Psacalium sinuatum,Asteraceae,Asteroideae,NA
Adenophyllum porophyllum cancellatum,Asteraceae,Asteroideae,cancellatum
Florestina pedata,Asteraceae,Asteroideae,NA
Helenium mexicanum,Asteraceae,Asteroideae,NA
Galeana pratensis,Asteraceae,Asteroideae,NA
Schkuhria pinnata wislizeni,Asteraceae,Asteroideae,wislizeni
Chrysactinia mexicana,Asteraceae,Asteroideae,NA
Dyssodia papposa,Asteraceae,Asteroideae,NA
Psacalium tabulare,Asteraceae,Asteroideae,NA
Hemizonia greeneana,Asteraceae,Asteroideae,NA
Hemizonia palmeri,Asteraceae,Asteroideae,NA
Hemizonia frutescens,Asteraceae,Asteroideae,NA
Lasthenia californica,Asteraceae,Asteroideae,NA
Perityle emoryi,Asteraceae,Asteroideae,NA
Acourtia veracruzana,Asteraceae,Mutisioideae,NA
Dyssodia pinnata pinnata,Asteraceae,Asteroideae,pinnata
Dyssodia papposa,Asteraceae,Asteroideae,NA
Trixis michuacana longifolia,Asteraceae,Mutisioideae,longifolia
Isocarpha atriplicifolia,Asteraceae,Asteroideae,NA
Salmea scandens,Asteraceae,Asteroideae,NA
Tagetes subulata,Asteraceae,Asteroideae,NA
Jaegeria hirta,Asteraceae,Asteroideae,NA
Vernonanthura serratuloides,Asteraceae,Vernonioideae,NA
Acourtia grandifolia,Asteraceae,Mutisioideae,NA
Jaegeria hirta,Asteraceae,Asteroideae,NA
Melampodium perfoliatum,Asteraceae,Asteroideae,NA
Olivaea tricuspis,Asteraceae,Asteroideae,NA
Bidens rostrata,Asteraceae,Asteroideae,NA
Chaptalia nutans texana,Asteraceae,Mutisioideae,texana
Galeana pratensis,Asteraceae,Asteroideae,NA
Coreopsis cyclocarpa cyclocarpa,Asteraceae,Asteroideae,cyclocarpa
Galeana pratensis,Asteraceae,Asteroideae,NA
Sinclairia angustissima,Asteraceae,Vernonioideae,NA
Eclipta prostrata,Asteraceae,Asteroideae,NA
Critoniopsis obtusa,Asteraceae,Vernonioideae,NA
Chrysactinia mexicana,Asteraceae,Asteroideae,NA
Dyssodia papposa,Asteraceae,Asteroideae,NA
Chaptalia nutans nutans,Asteraceae,Mutisioideae,nutans
Elephantopus mollis,Asteraceae,Vernonioideae,NA
Dyssodia papposa,Asteraceae,Asteroideae,NA
Thymophylla micropoides,Asteraceae,Asteroideae,NA
Chrysactinia pinnata,Asteraceae,Asteroideae,NA
Packera hintoniorum,Asteraceae,Asteroideae,NA
Acourtia purpusii,Asteraceae,Mutisioideae,NA
Flaveria trinervia,Asteraceae,Asteroideae,NA
Dyssodia acerosa,Asteraceae,Asteroideae,NA
Thymophylla setifolia,Asteraceae,Asteroideae,NA
Thymophylla pentachaeta pentachaeta,Asteraceae,Asteroideae,pentachaeta
Vernonanthura cordata,Asteraceae,Vernonioideae,NA
Acourtia nelsonii,Asteraceae,Mutisioideae,NA
Psacalium palmeri,Asteraceae,Asteroideae,NA
Pluchea symphytifolia,Asteraceae,Asteroideae,NA
Schkuhria pinnata wislizeni,Asteraceae,Asteroideae,wislizeni
Schkuhria pinnata wislizeni,Asteraceae,Asteroideae,wislizeni
Helenium scorzonerifolium,Asteraceae,Asteroideae,NA
Senecio callosus,Asteraceae,Asteroideae,NA
Senecio callosus,Asteraceae,Asteroideae,NA
Pluchea symphytifolia,Asteraceae,Asteroideae,NA
Pseudelephantopus spicatus,Asteraceae,Vernonioideae,NA
Pseudelephantopus spicatus,Asteraceae,Vernonioideae,NA
Thymophylla pentachaeta pentachaeta,Asteraceae,Asteroideae,pentachaeta
Florestina tripteris,Asteraceae,Asteroideae,NA
Dyssodia pinnata glabrescens,Asteraceae,Asteroideae,glabrescens
Acourtia patens,Asteraceae,Mutisioideae,NA
Vernonia serratuloides,Asteraceae,Vernonioideae,NA
Oxypappus scaber,Asteraceae,Asteroideae,NA
Porophyllum macrocephalum,Asteraceae,Asteroideae,NA
Schkuhria pinnata guatemalensis,Asteraceae,Asteroideae,guatemalensis
Dyssodia tagetiflora,Asteraceae,Asteroideae,NA
Acourtia fruticosa,Asteraceae,Mutisioideae,NA
Dyssodia tagetiflora,Asteraceae,Asteroideae,NA
Trixis hyposericea,Asteraceae,Mutisioideae,NA
Pluchea salicifolia,Asteraceae,Asteroideae,NA
Trixis hyposericea,Asteraceae,Mutisioideae,NA
Trixis hyposericea,Asteraceae,Mutisioideae,NA
Adenophyllum porophyllum porophyllum,Asteraceae,Asteroideae,porophyllum
Adenophyllum porophyllum porophyllum,Asteraceae,Asteroideae,porophyllum
Calea urticifolia urticifolia,Asteraceae,Asteroideae,urticifolia
Adenophyllum porophyllum cancellatum,Asteraceae,Asteroideae,cancellatum
Pluchea salicifolia,Asteraceae,Asteroideae,NA
Acourtia glomeriflora,Asteraceae,Mutisioideae,NA
Dyssodia tagetiflora,Asteraceae,Asteroideae,NA
Flaveria trinervia,Asteraceae,Asteroideae,NA
Trixis hyposericea,Asteraceae,Mutisioideae,NA
Pluchea salicifolia,Asteraceae,Asteroideae,NA
Acourtia fruticosa,Asteraceae,Mutisioideae,NA
Vernonanthura serratuloides,Asteraceae,Vernonioideae,NA
Pluchea salicifolia,Asteraceae,Asteroideae,NA
Loxothysanus sinuatus,Asteraceae,Asteroideae,NA
Dyscritothamnus mirandae,Asteraceae,Asteroideae,NA
Perityle leptoglossa,Asteraceae,Asteroideae,NA
Flaveria trinervia,Asteraceae,Asteroideae,NA
Flaveria trinervia,Asteraceae,Asteroideae,NA
Galeana pratensis,Asteraceae,Asteroideae,NA
Lagascea helianthifolia,Asteraceae,Asteroideae,NA
Porophyllum macrocephalum,Asteraceae,Asteroideae,NA
Acourtia wislizeni megacephala,Asteraceae,Mutisioideae,megacephala
Bolanosa coulteri,Asteraceae,Vernonioideae,NA
Blumea viscosa,Asteraceae,Asteroideae,NA
Barkleyanthus salicifolius,Asteraceae,Asteroideae,NA
Pluchea symphytifolia,Asteraceae,Asteroideae,NA
Blumea viscosa,Asteraceae,Asteroideae,NA
Schkuhria pinnata wislizeni,Asteraceae,Asteroideae,wislizeni
Perityle microglossa microglossa,Asteraceae,Asteroideae,microglossa
Galeana pratensis,Asteraceae,Asteroideae,NA
Acourtia fruticosa,Asteraceae,Mutisioideae,NA
Acourtia fruticosa,Asteraceae,Mutisioideae,NA
Acourtia glomeriflora,Asteraceae,Mutisioideae,NA
Dyssodia tagetiflora,Asteraceae,Asteroideae,NA
Lagascea helianthifolia,Asteraceae,Asteroideae,NA
Lagascea helianthifolia,Asteraceae,Asteroideae,NA
Galeana pratensis,Asteraceae,Asteroideae,NA
Calea urticifolia urticifolia,Asteraceae,Asteroideae,urticifolia
Acourtia fruticosa,Asteraceae,Mutisioideae,NA
Calea urticifolia urticifolia,Asteraceae,Asteroideae,urticifolia
Pectis repens,Asteraceae,Asteroideae,NA
Lagascea helianthifolia,Asteraceae,Asteroideae,NA
Adenophyllum porophyllum cancellatum,Asteraceae,Asteroideae,cancellatum
Acourtia turbinata,Asteraceae,Mutisioideae,NA
Acourtia coulteri,Asteraceae,Mutisioideae,NA
Blumea viscosa,Asteraceae,Asteroideae,NA
Acourtia cuernavacana,Asteraceae,Mutisioideae,NA
Senecio stoechadiformis,Asteraceae,Asteroideae,NA
Chromolaena odorata,Asteraceae,Asteroideae,NA
Sclerocarpus uniserialis,Asteraceae,Asteroideae,NA
Pseudelephantopus spicatus,Asteraceae,Vernonioideae,NA
Lepidaploa tortuosa,Asteraceae,Vernonioideae,NA
Lepidaploa tortuosa,Asteraceae,Vernonioideae,NA
Calea urticifolia urticifolia,Asteraceae,Asteroideae,urticifolia
Adenophyllum cancellatum,Asteraceae,Asteroideae,NA
Critoniopsis obtusa,Asteraceae,Vernonioideae,NA
Sclerocarpus uniserialis,Asteraceae,Asteroideae,NA
Melampodium montanum viridulum,Asteraceae,Asteroideae,viridulum
Melampodium montanum viridulum,Asteraceae,Asteroideae,viridulum
Sclerocarpus uniserialis,Asteraceae,Asteroideae,NA
Pluchea symphytifolia,Asteraceae,Asteroideae,NA
Pseudelephantopus spicatus,Asteraceae,Vernonioideae,NA
Galeana pratensis,Asteraceae,Asteroideae,NA
Tagetes hartwegii,Asteraceae,Asteroideae,NA
Perityle rosei,Asteraceae,Asteroideae,NA
Thymophylla pentachaeta pentachaeta,Asteraceae,Asteroideae,pentachaeta
Vernonia alamanii,Asteraceae,Vernonioideae,NA
Acourtia platyphylla,Asteraceae,Mutisioideae,NA
Tagetes lucida,Asteraceae,Asteroideae,NA
Pectis pimana,Asteraceae,Asteroideae,NA
Critoniopsis baadii,Asteraceae,Vernonioideae,NA
Vernonanthura cordata,Asteraceae,Vernonioideae,NA
Trixis mexicana mexicana,Asteraceae,Mutisioideae,mexicana
Pelucha trifida,Asteraceae,Asteroideae,NA
Thymophylla micropoides,Asteraceae,Asteroideae,NA
Dyssodia pinnata pinnata,Asteraceae,Asteroideae,pinnata
Thymophylla pentachaeta hartwegii,Asteraceae,Asteroideae,hartwegii
Porophyllum linaria,Asteraceae,Asteroideae,NA
Thymophylla pentachaeta hartwegii,Asteraceae,Asteroideae,hartwegii
Dyssodia pinnata pinnata,Asteraceae,Asteroideae,pinnata
Thymophylla setifolia,Asteraceae,Asteroideae,NA
Thymophylla setifolia,Asteraceae,Asteroideae,NA
Galeana pratensis,Asteraceae,Asteroideae,NA
Psacalium peltigerum peltigerum,Asteraceae,Asteroideae,peltigerum
Pluchea symphytifolia,Asteraceae,Asteroideae,NA
Thymophylla setifolia,Asteraceae,Asteroideae,NA
Dyssodia tagetiflora,Asteraceae,Asteroideae,NA
Pectis prostrata,Asteraceae,Asteroideae,NA
Acourtia fruticosa,Asteraceae,Mutisioideae,NA
Dyssodia papposa,Asteraceae,Asteroideae,NA
Thymophylla pentachaeta hartwegii,Asteraceae,Asteroideae,hartwegii
Vernonanthura serratuloides,Asteraceae,Vernonioideae,NA
Sanvitalia procumbens,Asteraceae,Asteroideae,NA
Porophyllum linaria,Asteraceae,Asteroideae,NA
Thymophylla pentachaeta hartwegii,Asteraceae,Asteroideae,hartwegii
Dyssodia papposa,Asteraceae,Asteroideae,NA
Dyssodia acerosa,Asteraceae,Asteroideae,NA
Thymophylla setifolia,Asteraceae,Asteroideae,NA
Acourtia parryi,Asteraceae,Mutisioideae,NA
Porophyllum calcicola,Asteraceae,Asteroideae,NA
Thymophylla gypsophila,Asteraceae,Asteroideae,NA
Adenophyllum porophylloides,Asteraceae,Asteroideae,NA
Thymophylla tenuifolia,Asteraceae,Asteroideae,NA
Acourtia turbinata,Asteraceae,Mutisioideae,NA
Ageratina mairetiana mairetiana,Asteraceae,Asteroideae,mairetiana
Roldana angulifolia,Asteraceae,Asteroideae,NA
Pluchea symphytifolia,Asteraceae,Asteroideae,NA
Pseudelephantopus spicatus,Asteraceae,Vernonioideae,NA
Pseudelephantopus spicatus,Asteraceae,Vernonioideae,NA
Dyssodia pinnata glabrescens,Asteraceae,Asteroideae,glabrescens
Thymophylla pentachaeta hartwegii,Asteraceae,Asteroideae,hartwegii
Thymophylla setifolia,Asteraceae,Asteroideae,NA
Olivaea tricuspis,Asteraceae,Asteroideae,NA
Flaveria trinervia,Asteraceae,Asteroideae,NA
Galeana pratensis,Asteraceae,Asteroideae,NA
Adenophyllum porophyllum cancellatum,Asteraceae,Asteroideae,cancellatum
Barkleyanthus salicifolius,Asteraceae,Asteroideae,NA
Schkuhria pinnata wislizeni,Asteraceae,Asteroideae,wislizeni
Barkleyanthus salicifolius,Asteraceae,Asteroideae,NA
Acourtia wislizeni megacephala,Asteraceae,Mutisioideae,megacephala
Xanthium strumarium,Asteraceae,Asteroideae,NA
Pluchea symphytifolia,Asteraceae,Asteroideae,NA
Bidens odorata odorata,Asteraceae,Asteroideae,odorata
Bidens pilosa,Asteraceae,Asteroideae,NA
Thymophylla setifolia,Asteraceae,Asteroideae,NA
Elephantopus mollis,Asteraceae,Vernonioideae,NA
Dyssodia decipiens,Asteraceae,Asteroideae,NA
Critoniopsis uniflora,Asteraceae,Vernonioideae,NA
Critoniopsis uniflora,Asteraceae,Vernonioideae,NA
Achillea millefolium,Asteraceae,Asteroideae,NA
Adenophyllum speciosum,Asteraceae,Asteroideae,NA
Palafoxia linearis linearis,Asteraceae,Asteroideae,linearis
Tagetes stenophylla,Asteraceae,Asteroideae,NA
Cacalia michoacana,Asteraceae,Asteroideae,NA
Tagetes lucida,Asteraceae,Asteroideae,NA
Acourtia glomeriflora,Asteraceae,Mutisioideae,NA
Psacalium platylepis,Asteraceae,Asteroideae,NA
Psacalium platylepis,Asteraceae,Asteroideae,NA
Porophyllum punctatum,Asteraceae,Asteroideae,NA
Galeana pratensis,Asteraceae,Asteroideae,NA
Schkuhria pinnata wislizeni,Asteraceae,Asteroideae,wislizeni
Adenophyllum cancellatum,Asteraceae,Asteroideae,NA
Blumea viscosa,Asteraceae,Asteroideae,NA
Dyssodia tagetiflora,Asteraceae,Asteroideae,NA
Dyssodia tagetiflora,Asteraceae,Asteroideae,NA
Roldana schaffneri,Asteraceae,Asteroideae,NA
Critoniopsis obtusa,Asteraceae,Vernonioideae,NA
Flaveria anomala,Asteraceae,Asteroideae,NA
Pluchea symphytifolia,Asteraceae,Asteroideae,NA
Florestina pedata,Asteraceae,Asteroideae,NA
Schkuhria pinnata wislizeni,Asteraceae,Asteroideae,wislizeni
Acourtia runcinata,Asteraceae,Mutisioideae,NA
Flaveria chlorifolia,Asteraceae,Asteroideae,NA
Pluchea salicifolia,Asteraceae,Asteroideae,NA
Perityle microglossa microglossa,Asteraceae,Asteroideae,microglossa
Galeana pratensis,Asteraceae,Asteroideae,NA
Acourtia wislizeni megacephala,Asteraceae,Mutisioideae,megacephala
Thymophylla micropoides,Asteraceae,Asteroideae,NA
Helenium quadridentatum,Asteraceae,Asteroideae,NA
Pseudelephantopus spicatus,Asteraceae,Vernonioideae,NA
Pseudelephantopus spicatus,Asteraceae,Vernonioideae,NA
Chaptalia nutans nutans,Asteraceae,Mutisioideae,nutans
Critoniopsis tomentosa,Asteraceae,Vernonioideae,NA
Acourtia wrightii,Asteraceae,Mutisioideae,NA
Gochnatia hypoleuca hypoleuca,Asteraceae,Gochnatioideae,hypoleuca
Packera neomexicana neomexicana,Asteraceae,Asteroideae,neomexicana
Chrysactinia mexicana,Asteraceae,Asteroideae,NA
Flaveria trinervia,Asteraceae,Asteroideae,NA
Chaptalia madrensis,Asteraceae,Mutisioideae,NA
Melampodium longifolium,Asteraceae,Asteroideae,NA
Dyssodia pinnata pinnata,Asteraceae,Asteroideae,pinnata
Dyssodia papposa,Asteraceae,Asteroideae,NA
Florestina pedata,Asteraceae,Asteroideae,NA
Adenophyllum porophyllum cancellatum,Asteraceae,Asteroideae,cancellatum
Hydropectis aquatica,Asteraceae,Asteroideae,NA
Berlandiera lyrata macrophylla,Asteraceae,Asteroideae,macrophylla
Senecio multidentatus huachucanus,Asteraceae,Asteroideae,huachucanus
Zinnia peruviana,Asteraceae,Asteroideae,NA
Cosmos parviflorus,Asteraceae,Asteroideae,NA
Roldana barba-johannis,Asteraceae,Asteroideae,NA
Roldana pennellii,Asteraceae,Asteroideae,NA
Tagetes pringlei,Asteraceae,Asteroideae,NA
Senecio chihuahuensis,Asteraceae,Asteroideae,NA
Senecio umbraculifera,Asteraceae,Asteroideae,NA
Dyssodia papposa,Asteraceae,Asteroideae,NA
Acourtia glomeriflora,Asteraceae,Mutisioideae,NA
Vernonia bealliae,Asteraceae,Vernonioideae,NA
Trixis inula,Asteraceae,Mutisioideae,NA
Trixis inula,Asteraceae,Mutisioideae,NA
Barkleyanthus salicifolius,Asteraceae,Asteroideae,NA
Acourtia simulata,Asteraceae,Mutisioideae,NA
Adenophyllum cancellatum,Asteraceae,Asteroideae,NA
Eutetras palmeri,Asteraceae,Asteroideae,NA
Tagetes pringlei,Asteraceae,Asteroideae,NA
Galeana pratensis,Asteraceae,Asteroideae,NA
Flaveria cronquistii,Asteraceae,Asteroideae,NA
Flaveria trinervia,Asteraceae,Asteroideae,NA
Chrysactinia mexicana,Asteraceae,Asteroideae,NA
Senecio loratifolius,Asteraceae,Asteroideae,NA
Chaptalia lyratifolia,Asteraceae,Mutisioideae,NA
Packera coahuilensis,Asteraceae,Asteroideae,NA
Psacalium peltatum adenophorum,Asteraceae,Asteroideae,adenophorum
Dyssodia papposa,Asteraceae,Asteroideae,NA
Thymophylla tenuifolia,Asteraceae,Asteroideae,NA
Dyssodia papposa,Asteraceae,Asteroideae,NA
Schkuhria pinnata wislizeni,Asteraceae,Asteroideae,wislizeni
Centratherum punctatum,Asteraceae,Vernonioideae,NA
Acourtia parryi,Asteraceae,Mutisioideae,NA
Schkuhria pinnata virgata,Asteraceae,Asteroideae,virgata
Helenium scorzonerifolium,Asteraceae,Asteroideae,NA
Acourtia reticulata reticulata,Asteraceae,Mutisioideae,reticulata
Florestina pedata,Asteraceae,Asteroideae,NA
Tagetes erecta,Asteraceae,Asteroideae,NA
Chrysactinia mexicana,Asteraceae,Asteroideae,NA
Porophyllum macrocephalum,Asteraceae,Asteroideae,NA
Acourtia wislizeni megacephala,Asteraceae,Mutisioideae,megacephala
Dyssodia pinnata pinnata,Asteraceae,Asteroideae,pinnata
Dyssodia pinnata pinnata,Asteraceae,Asteroideae,pinnata
Dyssodia papposa,Asteraceae,Asteroideae,NA
Dyssodia papposa,Asteraceae,Asteroideae,NA
Perityle parryi,Asteraceae,Asteroideae,NA
Flaveria trinervia,Asteraceae,Asteroideae,NA
Pseudelephantopus spicatus,Asteraceae,Vernonioideae,NA
Pluchea symphytifolia,Asteraceae,Asteroideae,NA
Pectis exserta,Asteraceae,Asteroideae,NA
Dyssodia decipiens,Asteraceae,Asteroideae,NA
Adenophyllum squamosum,Asteraceae,Asteroideae,NA
Acourtia reticulata maculata,Asteraceae,Mutisioideae,maculata
Perityle microglossa microglossa,Asteraceae,Asteroideae,microglossa
Pluchea symphytifolia,Asteraceae,Asteroideae,NA
Senecio flaccidus flaccidus,Asteraceae,Asteroideae,flaccidus
Thymophylla setifolia,Asteraceae,Asteroideae,NA
Thymophylla setifolia,Asteraceae,Asteroideae,NA
Chrysactinia mexicana,Asteraceae,Asteroideae,NA
Flaveria trinervia,Asteraceae,Asteroideae,NA
Thymophylla setifolia,Asteraceae,Asteroideae,NA
Dyssodia papposa,Asteraceae,Asteroideae,NA
Flaveria trinervia,Asteraceae,Asteroideae,NA
Dyssodia tagetiflora,Asteraceae,Asteroideae,NA
Blumea viscosa,Asteraceae,Asteroideae,NA
Viguiera cordata cordata,Asteraceae,Asteroideae,cordata
Trixis mexicana mexicana,Asteraceae,Mutisioideae,mexicana
Trixis mexicana mexicana,Asteraceae,Mutisioideae,mexicana
Melampodium microcephalum,Asteraceae,Asteroideae,NA
Florestina pedata,Asteraceae,Asteroideae,NA
Critoniopsis obtusa,Asteraceae,Vernonioideae,NA
Acourtia carpholepis,Asteraceae,Mutisioideae,NA
Pseudogynoxys chenopodioides chenopodioides,Asteraceae,Asteroideae,chenopodioides
Acourtia veracruzana,Asteraceae,Mutisioideae,NA
Florestina pedata,Asteraceae,Asteroideae,NA
Pluchea symphytifolia,Asteraceae,Asteroideae,NA
Verbesina coahuilensis,Asteraceae,Asteroideae,NA
Chaptalia nutans texana,Asteraceae,Mutisioideae,texana
Leucactinia bracteata,Asteraceae,Asteroideae,NA
Zaluzania triloba,Asteraceae,Asteroideae,NA
Gaillardia comosa,Asteraceae,Asteroideae,NA
Verbesina hypomalaca saltillensis,Asteraceae,Asteroideae,saltillensis
Thymophylla micropoides,Asteraceae,Asteroideae,NA
Chrysactinia mexicana,Asteraceae,Asteroideae,NA
Porophyllum punctatum,Asteraceae,Asteroideae,NA
Ageratina crassiramea,Asteraceae,Asteroideae,NA
Adenophyllum cancellatum,Asteraceae,Asteroideae,NA
Schkuhria schkuhrioides,Asteraceae,Asteroideae,NA
Cosmos bipinnatus,Asteraceae,Asteroideae,NA
Helenium mexicanum,Asteraceae,Asteroideae,NA
Dyssodia tagetiflora,Asteraceae,Asteroideae,NA
Helenium mexicanum,Asteraceae,Asteroideae,NA
Schkuhria schkuhrioides,Asteraceae,Asteroideae,NA
Gaillardia comosa,Asteraceae,Asteroideae,NA
Dyssodia pinnata glabrescens,Asteraceae,Asteroideae,glabrescens
Gaillardia mexicana,Asteraceae,Asteroideae,NA
Dyssodia papposa,Asteraceae,Asteroideae,NA
Acourtia parryi,Asteraceae,Mutisioideae,NA
Chrysactinia mexicana,Asteraceae,Asteroideae,NA
Dyssodia pinnata glabrescens,Asteraceae,Asteroideae,glabrescens
Thymophylla setifolia,Asteraceae,Asteroideae,NA
Chrysactinia mexicana,Asteraceae,Asteroideae,NA
Chrysactinia mexicana,Asteraceae,Asteroideae,NA
Loxothysanus sinuatus,Asteraceae,Asteroideae,NA
Adenophyllum porophyllum,Asteraceae,Asteroideae,NA
Acourtia lozanoi,Asteraceae,Mutisioideae,NA
Amauria rotundifolia,Asteraceae,Asteroideae,NA
Acourtia coulteri,Asteraceae,Mutisioideae,NA
Lepidaploa canescens,Asteraceae,Vernonioideae,NA
Barkleyanthus salicifolius,Asteraceae,Asteroideae,NA
Acourtia aspera,Asteraceae,Mutisioideae,NA
Thymophylla micropoides,Asteraceae,Asteroideae,NA
Thymophylla tenuifolia,Asteraceae,Asteroideae,NA
Barkleyanthus salicifolius,Asteraceae,Asteroideae,NA
Gochnatia hypoleuca hypoleuca,Asteraceae,Gochnatioideae,hypoleuca
Gochnatia hypoleuca hypoleuca,Asteraceae,Gochnatioideae,hypoleuca
Acourtia rzedowskii,Asteraceae,Mutisioideae,NA
Dyssodia papposa,Asteraceae,Asteroideae,NA
Dyssodia tagetiflora,Asteraceae,Asteroideae,NA
Vernonia karvinskiana karwinskiana,Asteraceae,Vernonioideae,karwinskiana
Vernonia karvinskiana karwinskiana,Asteraceae,Vernonioideae,karwinskiana
Berlandiera lyrata,Asteraceae,Asteroideae,NA
Bahia absinthifolia,Asteraceae,Asteroideae,NA
Thymophylla pentachaeta hartwegii,Asteraceae,Asteroideae,hartwegii
Hybridella globosa,Asteraceae,Asteroideae,NA
Dyssodia papposa,Asteraceae,Asteroideae,NA
Liabum bourgeaui,Asteraceae,Vernonioideae,NA
Galeana pratensis,Asteraceae,Asteroideae,NA
Bahia absinthifolia absinthifolia,Asteraceae,Asteroideae,absinthifolia
Thymophylla acerosa,Asteraceae,Asteroideae,NA
Thymophylla pentachaeta hartwegii,Asteraceae,Asteroideae,hartwegii
Flaveria trinervia,Asteraceae,Asteroideae,NA
Dyssodia pinnata pinnata,Asteraceae,Asteroideae,pinnata
Schkuhria pinnata wislizeni,Asteraceae,Asteroideae,wislizeni
Thymophylla tenuifolia,Asteraceae,Asteroideae,NA
Thymophylla tenuifolia,Asteraceae,Asteroideae,NA
Pluchea symphytifolia,Asteraceae,Asteroideae,NA
Barkleyanthus salicifolius,Asteraceae,Asteroideae,NA
Dyssodia tagetiflora,Asteraceae,Asteroideae,NA
Dyssodia decipiens,Asteraceae,Asteroideae,NA
Thymophylla greggii,Asteraceae,Asteroideae,NA
Florestina pedata,Asteraceae,Asteroideae,NA
Lagascea helianthifolia,Asteraceae,Asteroideae,NA
Roldana sessilifolia,Asteraceae,Asteroideae,NA
Acourtia turbinata,Asteraceae,Mutisioideae,NA
Psacalium platylepis,Asteraceae,Asteroideae,NA
Psacalium platylepis,Asteraceae,Asteroideae,NA
Critoniopsis foliosa,Asteraceae,Vernonioideae,NA
Lagascea helianthifolia,Asteraceae,Asteroideae,NA
Lagascea helianthifolia,Asteraceae,Asteroideae,NA
Adenophyllum porophyllum cancellatum,Asteraceae,Asteroideae,cancellatum
Calea urticifolia urticifolia,Asteraceae,Asteroideae,urticifolia
Calea ternifolia,Asteraceae,Asteroideae,NA
Barkleyanthus salicifolius,Asteraceae,Asteroideae,NA
Iostephane heterophylla,Asteraceae,Asteroideae,NA
Calea urticifolia urticifolia,Asteraceae,Asteroideae,urticifolia
Calea urticifolia urticifolia,Asteraceae,Asteroideae,urticifolia
Dyssodia tagetiflora,Asteraceae,Asteroideae,NA
Calea urticifolia urticifolia,Asteraceae,Asteroideae,urticifolia
Calea urticifolia urticifolia,Asteraceae,Asteroideae,urticifolia
Vernonia steetzii,Asteraceae,Vernonioideae,NA
Tagetes subulata,Asteraceae,Asteroideae,NA
Acourtia turbinata,Asteraceae,Mutisioideae,NA
Roldana sessilifolia,Asteraceae,Asteroideae,NA
Calea urticifolia urticifolia,Asteraceae,Asteroideae,urticifolia
Psacalium platylepis,Asteraceae,Asteroideae,NA
Acourtia wislizeni megacephala,Asteraceae,Mutisioideae,megacephala
Barkleyanthus salicifolius,Asteraceae,Asteroideae,NA
Calea urticifolia urticifolia,Asteraceae,Asteroideae,urticifolia
Schkuhria pinnata wislizeni,Asteraceae,Asteroideae,wislizeni
Psacalium pringlei,Asteraceae,Asteroideae,NA
Dyssodia tagetiflora,Asteraceae,Asteroideae,NA
Acourtia wislizeni megacephala,Asteraceae,Mutisioideae,megacephala
Iostephane heterophylla,Asteraceae,Asteroideae,NA
Psacalium peltigerum peltigerum,Asteraceae,Asteroideae,peltigerum
Critoniopsis foliosa,Asteraceae,Vernonioideae,NA
Oxypappus scaber,Asteraceae,Asteroideae,NA
Iostephane heterophylla,Asteraceae,Asteroideae,NA
Acourtia reticulata maculata,Asteraceae,Mutisioideae,maculata
Critoniopsis villaregalis,Asteraceae,Vernonioideae,NA
Dyssodia papposa,Asteraceae,Asteroideae,NA
Adenophyllum cancellatum,Asteraceae,Asteroideae,NA
Thymophylla pentachaeta hartwegii,Asteraceae,Asteroideae,hartwegii
Thymophylla setifolia,Asteraceae,Asteroideae,NA
Pseudelephantopus spicatus,Asteraceae,Vernonioideae,NA
Flaveria trinervia,Asteraceae,Asteroideae,NA
Chrysactinia mexicana,Asteraceae,Asteroideae,NA
Acourtia fruticosa,Asteraceae,Mutisioideae,NA
Lagascea decipiens decipiens,Asteraceae,Asteroideae,decipiens
Vernonia bealliae,Asteraceae,Vernonioideae,NA
Trixis haenkei,Asteraceae,Mutisioideae,NA
Perityle microglossa microglossa,Asteraceae,Asteroideae,microglossa
Adenophyllum cancellatum,Asteraceae,Asteroideae,NA
Lagascea decipiens decipiens,Asteraceae,Asteroideae,decipiens
Perityle microglossa microglossa,Asteraceae,Asteroideae,microglossa
Schkuhria pinnata wislizeni,Asteraceae,Asteroideae,wislizeni
Gochnatia hypoleuca obtusata,Asteraceae,Gochnatioideae,obtusata
Thymophylla setifolia,Asteraceae,Asteroideae,NA
Acourtia simulata,Asteraceae,Mutisioideae,NA
Lagascea decipiens decipiens,Asteraceae,Asteroideae,decipiens
Thymophylla pentachaeta pentachaeta,Asteraceae,Asteroideae,pentachaeta
Thymophylla acerosa,Asteraceae,Asteroideae,NA
Adenophyllum aurantium,Asteraceae,Asteroideae,NA
Pseudogynoxys haenkei,Asteraceae,Asteroideae,NA
Pluchea salicifolia,Asteraceae,Asteroideae,NA
Eclipta prostrata,Asteraceae,Asteroideae,NA
Perityle microglossa microglossa,Asteraceae,Asteroideae,microglossa
Schkuhria pinnata wislizeni,Asteraceae,Asteroideae,wislizeni
Tagetes tenuifolia,Asteraceae,Asteroideae,NA
Barkleyanthus salicifolius,Asteraceae,Asteroideae,NA
Roldana aschenborniana,Asteraceae,Asteroideae,NA
Dyssodia tagetiflora,Asteraceae,Asteroideae,NA
Roldana albonervia,Asteraceae,Asteroideae,NA
Pseudelephantopus spicatus,Asteraceae,Vernonioideae,NA
Roldana heracleifolia,Asteraceae,Asteroideae,NA
Florestina pedata,Asteraceae,Asteroideae,NA
Vernonanthura serratuloides,Asteraceae,Vernonioideae,NA
Schkuhria pinnata wislizeni,Asteraceae,Asteroideae,wislizeni
Dyssodia tagetiflora,Asteraceae,Asteroideae,NA
Roldana heracleifolia,Asteraceae,Asteroideae,NA
Galeana pratensis,Asteraceae,Asteroideae,NA
Acourtia nudicaulis,Asteraceae,Mutisioideae,NA
Acourtia wislizeni megacephala,Asteraceae,Mutisioideae,megacephala
Roldana lobata,Asteraceae,Asteroideae,NA
Piptocarpha poeppigiana,Asteraceae,Vernonioideae,NA
Galeana pratensis,Asteraceae,Asteroideae,NA
Psilostrophe cooperi,Asteraceae,Asteroideae,NA
Dyssodia papposa,Asteraceae,Asteroideae,NA
Cyanthillium cinereum,Asteraceae,Vernonioideae,NA
Loxothysanus sinuatus,Asteraceae,Asteroideae,NA
Vernonia greggii,Asteraceae,Vernonioideae,NA
Vernonia greggii,Asteraceae,Vernonioideae,NA
Pectis multiflosculosa,Asteraceae,Asteroideae,NA
Florestina pedata,Asteraceae,Asteroideae,NA
Acourtia wislizeni megacephala,Asteraceae,Mutisioideae,megacephala
Schkuhria pinnata wislizeni,Asteraceae,Asteroideae,wislizeni
Schkuhria pinnata wislizeni,Asteraceae,Asteroideae,wislizeni
Flaveria oppositifolia,Asteraceae,Asteroideae,NA
Flaveria chlorifolia,Asteraceae,Asteroideae,NA
Elephantopus mollis,Asteraceae,Vernonioideae,NA
Thymophylla setifolia,Asteraceae,Asteroideae,NA
Barkleyanthus salicifolius,Asteraceae,Asteroideae,NA
Trixis chiapensis,Asteraceae,Mutisioideae,NA
Koanophyllon albicaule,Asteraceae,Asteroideae,NA
Koanophyllon albicaule,Asteraceae,Asteroideae,NA
Eutetras pringlei,Asteraceae,Asteroideae,NA
Flaveria anomala,Asteraceae,Asteroideae,NA
Schkuhria pinnata virgata,Asteraceae,Asteroideae,virgata
Flaveria oppositifolia,Asteraceae,Asteroideae,NA
Thymophylla pentachaeta hartwegii,Asteraceae,Asteroideae,hartwegii
Thymophylla acerosa,Asteraceae,Asteroideae,NA
Thymophylla acerosa,Asteraceae,Asteroideae,NA
Perityle turneri,Asteraceae,Asteroideae,NA
Dyssodia papposa,Asteraceae,Asteroideae,NA
Senecio vulgaris,Asteraceae,Asteroideae,NA
Flaveria trinervia,Asteraceae,Asteroideae,NA
Chrysactinia pinnata,Asteraceae,Asteroideae,NA
Vigethia mexicana,Asteraceae,Asteroideae,NA
Vernonia alamanii,Asteraceae,Vernonioideae,NA
Lagascea decipiens decipiens,Asteraceae,Asteroideae,decipiens
Critoniopsis tomentosa,Asteraceae,Vernonioideae,NA
Schkuhria pinnata wislizeni,Asteraceae,Asteroideae,wislizeni
Psacalium peltigerum peltigerum,Asteraceae,Asteroideae,peltigerum
Pectis prostrata,Asteraceae,Asteroideae,NA
Lagascea helianthifolia,Asteraceae,Asteroideae,NA
Psacalium peltigerum peltigerum,Asteraceae,Asteroideae,peltigerum
Psacalium peltigerum peltigerum,Asteraceae,Asteroideae,peltigerum
Roldana sessilifolia,Asteraceae,Asteroideae,NA
Pectis repens,Asteraceae,Asteroideae,NA
Oxypappus scaber,Asteraceae,Asteroideae,NA
Oxypappus scaber,Asteraceae,Asteroideae,NA
Barkleyanthus salicifolius,Asteraceae,Asteroideae,NA
Barkleyanthus salicifolius,Asteraceae,Asteroideae,NA
Galeana pratensis,Asteraceae,Asteroideae,NA
Elephantopus mollis,Asteraceae,Vernonioideae,NA
Roldana chapalensis,Asteraceae,Asteroideae,NA
Roldana michoacana,Asteraceae,Asteroideae,NA
Psacalium pentaflorum,Asteraceae,Asteroideae,NA
Erechtites valerianifolius,Asteraceae,Asteroideae,NA
Acourtia grandifolia,Asteraceae,Mutisioideae,NA
Psacalium pentaflorum,Asteraceae,Asteroideae,NA
Dyssodia tagetiflora,Asteraceae,Asteroideae,NA
Boeberoides grandiflora,Asteraceae,Asteroideae,NA
Chaptalia nutans nutans,Asteraceae,Mutisioideae,nutans
Vernonanthura liatroides,Asteraceae,Vernonioideae,NA
Acourtia runcinata,Asteraceae,Mutisioideae,NA
Thymophylla pentachaeta pentachaeta,Asteraceae,Asteroideae,pentachaeta
Tagetes lucida,Asteraceae,Asteroideae,NA
Flaveria trinervia,Asteraceae,Asteroideae,NA
Heterosperma pinnatum,Asteraceae,Asteroideae,NA
Florestina platyphylla,Asteraceae,Asteroideae,NA
Tithonia tubaeformis,Asteraceae,Asteroideae,NA
Pluchea sericea,Asteraceae,Asteroideae,NA
Dyssodia acerosa,Asteraceae,Asteroideae,NA
Zaluzania augusta augusta,Asteraceae,Asteroideae,augusta
Thymophylla setifolia,Asteraceae,Asteroideae,NA
Thymophylla acerosa,Asteraceae,Asteroideae,NA
Trixis californica californica,Asteraceae,Mutisioideae,californica
Chrysactinia truncata,Asteraceae,Asteroideae,NA
Lepidaploa salzmannii,Asteraceae,Vernonioideae,NA
Loxothysanus sinuatus,Asteraceae,Asteroideae,NA
Vernonanthura patens,Asteraceae,Vernonioideae,NA
Critoniopsis leiocarpa,Asteraceae,Vernonioideae,NA
Lepidaploa tortuosa,Asteraceae,Vernonioideae,NA
Helenium mexicanum,Asteraceae,Asteroideae,NA
Sinclairia glabra hypoleuca,Asteraceae,Vernonioideae,hypoleuca
Galeana pratensis,Asteraceae,Asteroideae,NA
Thymophylla setifolia,Asteraceae,Asteroideae,NA
Acourtia runcinata,Asteraceae,Mutisioideae,NA
Chrysactinia mexicana,Asteraceae,Asteroideae,NA
Acourtia caltepecana,Asteraceae,Mutisioideae,NA
Critoniopsis uniflora,Asteraceae,Vernonioideae,NA
Dyssodia pinnata glabrescens,Asteraceae,Asteroideae,glabrescens
Adenophyllum cancellatum,Asteraceae,Asteroideae,NA
Dyssodia tagetiflora,Asteraceae,Asteroideae,NA
Perityle carmenensis,Asteraceae,Asteroideae,NA
Pluchea symphytifolia,Asteraceae,Asteroideae,NA
Schkuhria pinnata wislizeni,Asteraceae,Asteroideae,wislizeni
Roldana heracleifolia,Asteraceae,Asteroideae,NA
Oxypappus scaber,Asteraceae,Asteroideae,NA
Perityle microglossa microglossa,Asteraceae,Asteroideae,microglossa
Dyssodia pinnata pinnata,Asteraceae,Asteroideae,pinnata
Dyssodia pinnata pinnata,Asteraceae,Asteroideae,pinnata
Dyssodia pinnata pinnata,Asteraceae,Asteroideae,pinnata
Chrysactinia mexicana,Asteraceae,Asteroideae,NA
Galeana pratensis,Asteraceae,Asteroideae,NA
Schkuhria pinnata wislizeni,Asteraceae,Asteroideae,wislizeni
Vernonia bealliae,Asteraceae,Vernonioideae,NA
Telanthophora cobanensis cobanensis,Asteraceae,Asteroideae,cobanensis
Dyssodia papposa,Asteraceae,Asteroideae,NA
Roldana schaffneri,Asteraceae,Asteroideae,NA
Perityle jaliscana,Asteraceae,Asteroideae,NA
Florestina pedata,Asteraceae,Asteroideae,NA
Flaveria robusta,Asteraceae,Asteroideae,NA
Roldana pennellii durangensis,Asteraceae,Asteroideae,durangensis
Acourtia wislizeni megacephala,Asteraceae,Mutisioideae,megacephala
Psacalium platylepis,Asteraceae,Asteroideae,NA
Critoniopsis foliosa,Asteraceae,Vernonioideae,NA
Schkuhria schkuhrioides,Asteraceae,Asteroideae,NA
Dyssodia papposa,Asteraceae,Asteroideae,NA
Fleischmannia pycnocephala,Asteraceae,Asteroideae,NA
Hymenopappus mexicanus,Asteraceae,Asteroideae,NA
Chrysactinia acerosa,Asteraceae,Asteroideae,NA
Thymophylla setifolia,Asteraceae,Asteroideae,NA
Tagetes lucida,Asteraceae,Asteroideae,NA
Critoniopsis obtusa,Asteraceae,Vernonioideae,NA
Pluchea salicifolia,Asteraceae,Asteroideae,NA
Vernonia bealliae,Asteraceae,Vernonioideae,NA
Flaveria trinervia,Asteraceae,Asteroideae,NA
Pluchea symphytifolia,Asteraceae,Asteroideae,NA
Critoniopsis heydeana,Asteraceae,Vernonioideae,NA
Vernonia bealliae,Asteraceae,Vernonioideae,NA
Roldana lobata,Asteraceae,Asteroideae,NA
Roldana heracleifolia,Asteraceae,Asteroideae,NA
Thymophylla setifolia,Asteraceae,Asteroideae,NA
Thymophylla setifolia,Asteraceae,Asteroideae,NA
Trixis michuacana longifolia,Asteraceae,Mutisioideae,longifolia
Acourtia turbinata,Asteraceae,Mutisioideae,NA
Galeana pratensis,Asteraceae,Asteroideae,NA
Schkuhria pinnata wislizeni,Asteraceae,Asteroideae,wislizeni
Adenophyllum porophyllum porophyllum,Asteraceae,Asteroideae,porophyllum
Achillea millefolium,Asteraceae,Asteroideae,NA
Critoniopsis leiocarpa,Asteraceae,Vernonioideae,NA
Trixis nelsonii,Asteraceae,Mutisioideae,NA
Acourtia fruticosa,Asteraceae,Mutisioideae,NA
Acourtia simulata,Asteraceae,Mutisioideae,NA
Adenophyllum cancellatum,Asteraceae,Asteroideae,NA
Perityle microglossa microglossa,Asteraceae,Asteroideae,microglossa
Chaetymenia peduncularis,Asteraceae,Asteroideae,NA
Pluchea symphytifolia,Asteraceae,Asteroideae,NA
Pectis multiflosculosa,Asteraceae,Asteroideae,NA
Pectis multiflosculosa,Asteraceae,Asteroideae,NA
Acourtia wislizeni megacephala,Asteraceae,Mutisioideae,megacephala
Acourtia fruticosa,Asteraceae,Mutisioideae,NA
Dyssodia papposa,Asteraceae,Asteroideae,NA
Helenium mexicanum,Asteraceae,Asteroideae,NA
Psacalium platylepis,Asteraceae,Asteroideae,NA
Eutetras pringlei,Asteraceae,Asteroideae,NA
Adenophyllum cancellatum,Asteraceae,Asteroideae,NA
Thymophylla setifolia,Asteraceae,Asteroideae,NA
Dyssodia papposa,Asteraceae,Asteroideae,NA
Critoniopsis littoralis,Asteraceae,Vernonioideae,NA
Chrysactinia mexicana,Asteraceae,Asteroideae,NA
Florestina pedata,Asteraceae,Asteroideae,NA
Helenium mexicanum,Asteraceae,Asteroideae,NA
Tagetes lunulata,Asteraceae,Asteroideae,NA
Pluchea symphytifolia,Asteraceae,Asteroideae,NA
Vernonanthura cordata,Asteraceae,Vernonioideae,NA
Vernonanthura serratuloides,Asteraceae,Vernonioideae,NA
Perityle cordifolia,Asteraceae,Asteroideae,NA
Schkuhria pinnata wislizeni,Asteraceae,Asteroideae,wislizeni
Tagetes pringlei,Asteraceae,Asteroideae,NA
Tagetes pringlei,Asteraceae,Asteroideae,NA
Pectis stenophylla,Asteraceae,Asteroideae,NA
Thymophylla tenuifolia,Asteraceae,Asteroideae,NA
Pseudogynoxys haenkei,Asteraceae,Asteroideae,NA
Acourtia reticulata reticulata,Asteraceae,Mutisioideae,reticulata
Pittocaulon velatum tzimolensis,Asteraceae,Asteroideae,tzimolensis
Trixis inula,Asteraceae,Mutisioideae,NA
Dyssodia papposa,Asteraceae,Asteroideae,NA
Adenophyllum porophyllum,Asteraceae,Asteroideae,NA
Dyssodia papposa,Asteraceae,Asteroideae,NA
Trixis angustifolia,Asteraceae,Mutisioideae,NA
Dyssodia pinnata pinnata,Asteraceae,Asteroideae,pinnata
Psacalium peltatum peltatum,Asteraceae,Asteroideae,peltatum
Acourtia nana,Asteraceae,Mutisioideae,NA
Dyssodia anthemidifolia,Asteraceae,Asteroideae,NA
Dyssodia anthemidifolia,Asteraceae,Asteroideae,NA
Thymophylla setifolia,Asteraceae,Asteroideae,NA
Chaptalia nutans nutans,Asteraceae,Mutisioideae,nutans
Erechtites hieracifolia cacalioides,Asteraceae,NA,cacalioides
Sinclairia sericolepis,Asteraceae,Vernonioideae,NA
Thymophylla setifolia,Asteraceae,Asteroideae,NA
Trixis inula,Asteraceae,Mutisioideae,NA
Barkleyanthus salicifolius,Asteraceae,Asteroideae,NA
Barkleyanthus salicifolius,Asteraceae,Asteroideae,NA
Gaillardia mexicana,Asteraceae,Asteroideae,NA
Gaillardia suavis,Asteraceae,Asteroideae,NA
Dyssodia papposa,Asteraceae,Asteroideae,NA
Dyssodia papposa,Asteraceae,Asteroideae,NA
Dyssodia papposa,Asteraceae,Asteroideae,NA
Chrysactinia mexicana,Asteraceae,Asteroideae,NA
Dyssodia papposa,Asteraceae,Asteroideae,NA
Dyssodia papposa,Asteraceae,Asteroideae,NA
Barkleyanthus salicifolius,Asteraceae,Asteroideae,NA
Eutetras pringlei,Asteraceae,Asteroideae,NA
Adenophyllum cancellatum,Asteraceae,Asteroideae,NA
Pseudelephantopus spicatus,Asteraceae,Vernonioideae,NA
Tagetes lucida,Asteraceae,Asteroideae,NA
Schkuhria pinnata wislizeni,Asteraceae,Asteroideae,wislizeni
Psacalium palmeri,Asteraceae,Asteroideae,NA
Roldana lobata,Asteraceae,Asteroideae,NA
Vernonanthura serratuloides,Asteraceae,Vernonioideae,NA
Tagetes micrantha,Asteraceae,Asteroideae,NA
Vernonanthura serratuloides,Asteraceae,Vernonioideae,NA
Blumea viscosa,Asteraceae,Asteroideae,NA
Dyssodia pinnata glabrescens,Asteraceae,Asteroideae,glabrescens
Acourtia purpusii,Asteraceae,Mutisioideae,NA
Thymophylla setifolia,Asteraceae,Asteroideae,NA
Dyssodia pinnata glabrescens,Asteraceae,Asteroideae,glabrescens
Dyssodia pinnata glabrescens,Asteraceae,Asteroideae,glabrescens
Acourtia lozanoi,Asteraceae,Mutisioideae,NA
Acourtia runcinata,Asteraceae,Mutisioideae,NA
Barkleyanthus salicifolius,Asteraceae,Asteroideae,NA
Trixis californica californica,Asteraceae,Mutisioideae,californica
Schkuhria pinnata wislizeni,Asteraceae,Asteroideae,wislizeni
Trixis pterocaulis,Asteraceae,Mutisioideae,NA
Barkleyanthus salicifolius,Asteraceae,Asteroideae,NA
Trixis michuacana longifolia,Asteraceae,Mutisioideae,longifolia
Tagetes tenuifolia,Asteraceae,Asteroideae,NA
Dyssodia pinnata pinnata,Asteraceae,Asteroideae,pinnata
Dyssodia papposa,Asteraceae,Asteroideae,NA
Cosmos bipinnatus,Asteraceae,Asteroideae,NA
Porophyllum linaria,Asteraceae,Asteroideae,NA
Barkleyanthus salicifolius,Asteraceae,Asteroideae,NA
Chrysactinia mexicana,Asteraceae,Asteroideae,NA
Dyssodia papposa,Asteraceae,Asteroideae,NA
Zaluzania subcordata,Asteraceae,Asteroideae,NA
Pittocaulon praecox,Asteraceae,Asteroideae,NA
Packera coahuilensis,Asteraceae,Asteroideae,NA
Thymophylla setifolia,Asteraceae,Asteroideae,NA
Gaillardia comosa,Asteraceae,Asteroideae,NA
Schkuhria schkuhrioides,Asteraceae,Asteroideae,NA
Flaveria trinervia,Asteraceae,Asteroideae,NA
Pectis prostrata,Asteraceae,Asteroideae,NA
Schkuhria pinnata wislizeni,Asteraceae,Asteroideae,wislizeni
Palafoxia texana robusta,Asteraceae,Asteroideae,robusta
Pluchea salicifolia,Asteraceae,Asteroideae,NA
Adenophyllum porophyllum cancellatum,Asteraceae,Asteroideae,cancellatum
Perityle microglossa microglossa,Asteraceae,Asteroideae,microglossa
Florestina pedata,Asteraceae,Asteroideae,NA
Vernonanthura cordata,Asteraceae,Vernonioideae,NA
Porophyllum punctatum,Asteraceae,Asteroideae,NA
Flaveria trinervia,Asteraceae,Asteroideae,NA
Vernonanthura patens,Asteraceae,Vernonioideae,NA
Helenium quadridentatum,Asteraceae,Asteroideae,NA
Iostephane heterophylla,Asteraceae,Asteroideae,NA
Galeana pratensis,Asteraceae,Asteroideae,NA
Schkuhria pinnata virgata,Asteraceae,Asteroideae,virgata
Critoniopsis barbinervis,Asteraceae,Vernonioideae,NA
Roldana hartwegii,Asteraceae,Asteroideae,NA
Acourtia wislizeni megacephala,Asteraceae,Mutisioideae,megacephala
Gochnatia hypoleuca hypoleuca,Asteraceae,Gochnatioideae,hypoleuca
Adenophyllum porophylloides,Asteraceae,Asteroideae,NA
Adenophyllum anomalum,Asteraceae,Asteroideae,NA
Critoniopsis triflosculosa,Asteraceae,Vernonioideae,NA
Oxypappus scaber,Asteraceae,Asteroideae,NA
Perityle californica,Asteraceae,Asteroideae,NA
Sinclairia glabra hypoleuca,Asteraceae,Vernonioideae,hypoleuca
Trixis michuacana longifolia,Asteraceae,Mutisioideae,longifolia
Acourtia elizabethiae,Asteraceae,Mutisioideae,NA
Sinclairia glabra hypoleuca,Asteraceae,Vernonioideae,hypoleuca
Dyssodia pinnata pinnata,Asteraceae,Asteroideae,pinnata
Gaillardia pulchella pulchella,Asteraceae,Asteroideae,pulchella
Adenophyllum aurantium,Asteraceae,Asteroideae,NA
Thymophylla setifolia,Asteraceae,Asteroideae,NA
Thymophylla pentachaeta hartwegii,Asteraceae,Asteroideae,hartwegii
Dyssodia pinnata glabrescens,Asteraceae,Asteroideae,glabrescens
Sinclairia glabra hypoleuca,Asteraceae,Vernonioideae,hypoleuca
Acourtia humboldtii,Asteraceae,Mutisioideae,NA
Zaluzania pringlei,Asteraceae,Asteroideae,NA
Dyssodia pinnata pinnata,Asteraceae,Asteroideae,pinnata
Schkuhria pinnata wislizeni,Asteraceae,Asteroideae,wislizeni
Galeana pratensis,Asteraceae,Asteroideae,NA
Barkleyanthus salicifolius,Asteraceae,Asteroideae,NA
Critoniopsis triflosculosa,Asteraceae,Vernonioideae,NA
Tagetes erecta,Asteraceae,Asteroideae,NA
Packera coahuilensis,Asteraceae,Asteroideae,NA
Chrysactinia mexicana,Asteraceae,Asteroideae,NA
Adenophyllum glandulosum,Asteraceae,Asteroideae,NA
Dyssodia papposa,Asteraceae,Asteroideae,NA
Achillea millefolium,Asteraceae,Asteroideae,NA
Packera bellidifolia,Asteraceae,Asteroideae,NA
Vernonia greggii,Asteraceae,Vernonioideae,NA
Thymophylla pentachaeta pentachaeta,Asteraceae,Asteroideae,pentachaeta
Packera montereyana,Asteraceae,Asteroideae,NA
Thymophylla pentachaeta pentachaeta,Asteraceae,Asteroideae,pentachaeta
Acourtia parryi,Asteraceae,Mutisioideae,NA
Thymophylla pentachaeta hartwegii,Asteraceae,Asteroideae,hartwegii
Porophyllum punctatum,Asteraceae,Asteroideae,NA
Vernonanthura cordata,Asteraceae,Vernonioideae,NA
Thymophylla pentachaeta pentachaeta,Asteraceae,Asteroideae,pentachaeta
Trixis inula,Asteraceae,Mutisioideae,NA
Florestina purpurea,Asteraceae,Asteroideae,NA
Barkleyanthus salicifolius,Asteraceae,Asteroideae,NA
Acourtia pringlei,Asteraceae,Mutisioideae,NA
Olivaea tricuspis,Asteraceae,Asteroideae,NA
Tagetes erecta,Asteraceae,Asteroideae,NA
Thymophylla pentachaeta pentachaeta,Asteraceae,Asteroideae,pentachaeta
Dyssodia tagetiflora,Asteraceae,Asteroideae,NA
Thymophylla setifolia,Asteraceae,Asteroideae,NA
Thymophylla pentachaeta pentachaeta,Asteraceae,Asteroideae,pentachaeta
Galeana pratensis,Asteraceae,Asteroideae,NA
Hymenothrix wislizeni,Asteraceae,Asteroideae,NA
Dyssodia tagetiflora,Asteraceae,Asteroideae,NA
Schkuhria pinnata wislizeni,Asteraceae,Asteroideae,wislizeni
Adenophyllum porophyllum porophyllum,Asteraceae,Asteroideae,porophyllum
Spiracantha cornifolia,Asteraceae,Vernonioideae,NA
Porophyllum coloratum coloratum,Asteraceae,Asteroideae,coloratum
Cosmos carvifolius,Asteraceae,Asteroideae,NA
Perityle microglossa microglossa,Asteraceae,Asteroideae,microglossa
Porophyllum viridiflorum,Asteraceae,Asteroideae,NA
Perityle microglossa microglossa,Asteraceae,Asteroideae,microglossa
Tagetes tenuifolia,Asteraceae,Asteroideae,NA
Adenophyllum cancellatum,Asteraceae,Asteroideae,NA
Milleria quinqueflora,Asteraceae,Asteroideae,NA
Achyropappus anthemoides,Asteraceae,Asteroideae,NA
Dyssodia decipiens,Asteraceae,Asteroideae,NA
Chrysactinia mexicana,Asteraceae,Asteroideae,NA
Iostephane heterophylla,Asteraceae,Asteroideae,NA
Oxypappus scaber,Asteraceae,Asteroideae,NA
Piptocarpha poeppigiana,Asteraceae,Vernonioideae,NA
Thymophylla pentachaeta pentachaeta,Asteraceae,Asteroideae,pentachaeta
Tagetes filifolia,Asteraceae,Asteroideae,NA
Schkuhria pinnata wislizeni,Asteraceae,Asteroideae,wislizeni
Senecio argutus,Asteraceae,Asteroideae,NA
Packera sanguisorbae,Asteraceae,Asteroideae,NA
Senecio cinerarioides,Asteraceae,Asteroideae,NA
Senecio cinerarioides,Asteraceae,Asteroideae,NA
Barkleyanthus salicifolius,Asteraceae,Asteroideae,NA
Packera bellidifolia,Asteraceae,Asteroideae,NA
Packera bellidifolia,Asteraceae,Asteroideae,NA
Hymenoxys integrifolia,Asteraceae,Asteroideae,NA
Achillea millefolium,Asteraceae,Asteroideae,NA
Senecio toluccanus,Asteraceae,Asteroideae,NA
Packera bellidifolia,Asteraceae,Asteroideae,NA
Chrysactinia mexicana,Asteraceae,Asteroideae,NA
Lagascea helianthifolia,Asteraceae,Asteroideae,NA
Adenophyllum porophyllum cancellatum,Asteraceae,Asteroideae,cancellatum
Roldana lineolata,Asteraceae,Asteroideae,NA
Psacalium poculiferum,Asteraceae,Asteroideae,NA
Acourtia fruticosa,Asteraceae,Mutisioideae,NA
Vernonia steetzii,Asteraceae,Vernonioideae,NA
Vernonia steetzii,Asteraceae,Vernonioideae,NA
Trixis michuacana longifolia,Asteraceae,Mutisioideae,longifolia
Lagascea helianthifolia,Asteraceae,Asteroideae,NA
Psacalium megaphyllum,Asteraceae,Asteroideae,NA
Psacalium platylepis,Asteraceae,Asteroideae,NA
Psacalium platylepis,Asteraceae,Asteroideae,NA
Critoniopsis foliosa,Asteraceae,Vernonioideae,NA
Critoniopsis foliosa,Asteraceae,Vernonioideae,NA
Vernonia steetzii,Asteraceae,Vernonioideae,NA
Psacalium megaphyllum,Asteraceae,Asteroideae,NA
Roldana chapalensis,Asteraceae,Asteroideae,NA
Dyssodia tagetiflora,Asteraceae,Asteroideae,NA
Barkleyanthus salicifolius,Asteraceae,Asteroideae,NA
Senecio flaccidus flaccidus,Asteraceae,Asteroideae,flaccidus
Acmella repens,Asteraceae,Asteroideae,NA
Pluchea symphytifolia,Asteraceae,Asteroideae,NA
Thymophylla pentachaeta pentachaeta,Asteraceae,Asteroideae,pentachaeta
Critoniopsis tomentosa,Asteraceae,Vernonioideae,NA
Sinclairia glabra hypoleuca,Asteraceae,Vernonioideae,hypoleuca
Schkuhria pinnata wislizeni,Asteraceae,Asteroideae,wislizeni
Pseudelephantopus spicatus,Asteraceae,Vernonioideae,NA
Dyssodia tagetiflora,Asteraceae,Asteroideae,NA
Dyssodia tagetiflora,Asteraceae,Asteroideae,NA
Thymophylla pentachaeta pentachaeta,Asteraceae,Asteroideae,pentachaeta
Trixis inula,Asteraceae,Mutisioideae,NA
Thymophylla tenuiloba,Asteraceae,Asteroideae,NA
Bahia schaffneri schaffneri,Asteraceae,Asteroideae,schaffneri
Psilostrophe tagetina,Asteraceae,Asteroideae,NA
Palafoxia linearis glandulosa,Asteraceae,Asteroideae,glandulosa
Adenophyllum porophyllum cancellatum,Asteraceae,Asteroideae,cancellatum
Flaveria trinervia,Asteraceae,Asteroideae,NA
Schkuhria pinnata wislizeni,Asteraceae,Asteroideae,wislizeni
Adenophyllum cancellatum,Asteraceae,Asteroideae,NA
Cosmos sulphureus,Asteraceae,Asteroideae,NA
Dyssodia pinnata glabrescens,Asteraceae,Asteroideae,glabrescens
Acourtia purpusii,Asteraceae,Mutisioideae,NA
Dyssodia papposa,Asteraceae,Asteroideae,NA
Pluchea salicifolia,Asteraceae,Asteroideae,NA
Elephantopus mollis,Asteraceae,Vernonioideae,NA
Elephantopus mollis,Asteraceae,Vernonioideae,NA
Dyssodia papposa,Asteraceae,Asteroideae,NA
Achillea millefolium,Asteraceae,Asteroideae,NA
Florestina pedata,Asteraceae,Asteroideae,NA
Pluchea salicifolia,Asteraceae,Asteroideae,NA
Pectis repens,Asteraceae,Asteroideae,NA
Pluchea symphytifolia,Asteraceae,Asteroideae,NA
Tithonia tubaeformis,Asteraceae,Asteroideae,NA
Chrysactinia mexicana,Asteraceae,Asteroideae,NA
Achillea millefolium,Asteraceae,Asteroideae,NA
Acourtia cuernavacana,Asteraceae,Mutisioideae,NA
Roldana suffulta,Asteraceae,Asteroideae,NA
Adenophyllum aurantium,Asteraceae,Asteroideae,NA
Adenophyllum aurantium,Asteraceae,Asteroideae,NA
Dyssodia tagetiflora,Asteraceae,Asteroideae,NA
Flaveria trinervia,Asteraceae,Asteroideae,NA
Florestina pedata,Asteraceae,Asteroideae,NA
Florestina pedata,Asteraceae,Asteroideae,NA
Sanvitalia procumbens,Asteraceae,Asteroideae,NA
Dyssodia tagetiflora,Asteraceae,Asteroideae,NA
Vernonanthura cordata,Asteraceae,Vernonioideae,NA
Schkuhria pinnata wislizeni,Asteraceae,Asteroideae,wislizeni
Thymophylla micropoides,Asteraceae,Asteroideae,NA
Schkuhria pinnata wislizeni,Asteraceae,Asteroideae,wislizeni
Trixis inula,Asteraceae,Mutisioideae,NA
Critonia quadrangularis,Asteraceae,Asteroideae,NA
Porophyllum punctatum,Asteraceae,Asteroideae,NA
Aldama dentata,Asteraceae,Asteroideae,NA
Dyssodia papposa,Asteraceae,Asteroideae,NA
Critoniopsis triflosculosa,Asteraceae,Vernonioideae,NA
Galeana pratensis,Asteraceae,Asteroideae,NA
Schkuhria pinnata wislizeni,Asteraceae,Asteroideae,wislizeni
Pectis prostrata,Asteraceae,Asteroideae,NA
Chrysactinia truncata,Asteraceae,Asteroideae,NA
Schkuhria pinnata wislizeni,Asteraceae,Asteroideae,wislizeni
Schkuhria pinnata virgata,Asteraceae,Asteroideae,virgata
Chrysactinia mexicana,Asteraceae,Asteroideae,NA
Adenophyllum porophyllum,Asteraceae,Asteroideae,NA
Brickellia veronicifolia,Asteraceae,Asteroideae,NA
Trixis michuacana longifolia,Asteraceae,Mutisioideae,longifolia
Chromolaena odorata,Asteraceae,Asteroideae,NA
Dyssodia papposa,Asteraceae,Asteroideae,NA
Psacalium platylepis,Asteraceae,Asteroideae,NA
Acourtia wislizeni megacephala,Asteraceae,Mutisioideae,megacephala
Oxypappus scaber,Asteraceae,Asteroideae,NA
Helenium mexicanum,Asteraceae,Asteroideae,NA
Pseudogynoxys chenopodioides chenopodioides,Asteraceae,Asteroideae,chenopodioides
Thymophylla setifolia,Asteraceae,Asteroideae,NA
Acourtia erioloma,Asteraceae,Mutisioideae,NA
Flaveria trinervia,Asteraceae,Asteroideae,NA
Verbesina hypomalaca hypochlora,Asteraceae,Asteroideae,hypochlora
Galeana pratensis,Asteraceae,Asteroideae,NA
Acourtia moschata,Asteraceae,Mutisioideae,NA
Acourtia moschata,Asteraceae,Mutisioideae,NA
Critoniopsis obtusa,Asteraceae,Vernonioideae,NA
Telanthophora andrieuxii,Asteraceae,Asteroideae,NA
Dyssodia tagetiflora,Asteraceae,Asteroideae,NA
Barkleyanthus salicifolius,Asteraceae,Asteroideae,NA
Erechtites hieracifolia cacalioides,Asteraceae,NA,cacalioides
Trixis inula,Asteraceae,Mutisioideae,NA
Pseudogynoxys chenopodioides chenopodioides,Asteraceae,Asteroideae,chenopodioides
Loxothysanus pedunculatus,Asteraceae,Asteroideae,NA
Pseudelephantopus spicatus,Asteraceae,Vernonioideae,NA
Smallanthus oaxacanus,Asteraceae,Asteroideae,NA
Critoniopsis tomentosa,Asteraceae,Vernonioideae,NA
Trixis californica californica,Asteraceae,Mutisioideae,californica
Dyssodia papposa,Asteraceae,Asteroideae,NA
Sinclairia glabra hypoleuca,Asteraceae,Vernonioideae,hypoleuca
Thymophylla pentachaeta pentachaeta,Asteraceae,Asteroideae,pentachaeta
Acourtia parryi,Asteraceae,Mutisioideae,NA
Dyssodia pinnata glabrescens,Asteraceae,Asteroideae,glabrescens
Florestina pedata,Asteraceae,Asteroideae,NA
Galeana pratensis,Asteraceae,Asteroideae,NA
Dyssodia anthemidifolia,Asteraceae,Asteroideae,NA
Adenophyllum glandulosum,Asteraceae,Asteroideae,NA
Adenophyllum cancellatum,Asteraceae,Asteroideae,NA
Sanvitalia procumbens,Asteraceae,Asteroideae,NA
Schkuhria pinnata wislizeni,Asteraceae,Asteroideae,wislizeni
Cosmos bipinnatus,Asteraceae,Asteroideae,NA
Helenium mexicanum,Asteraceae,Asteroideae,NA
Chrysactinia truncata,Asteraceae,Asteroideae,NA
Sinclairia klattii,Asteraceae,Vernonioideae,NA
Helenium scorzonerifolium,Asteraceae,Asteroideae,NA
Elephantopus mollis,Asteraceae,Vernonioideae,NA
Boeberoides grandiflora,Asteraceae,Asteroideae,NA
Hymenoxys integrifolia,Asteraceae,Asteroideae,NA
Roldana platanifolia,Asteraceae,Asteroideae,NA
Bahia pringlei,Asteraceae,Asteroideae,NA
Senecio flaccidus flaccidus,Asteraceae,Asteroideae,flaccidus
Senecio hirsuticaulis,Asteraceae,Asteroideae,NA
Vernonia steetzii,Asteraceae,Vernonioideae,NA
Acourtia parryi,Asteraceae,Mutisioideae,NA
Pittocaulon praecox,Asteraceae,Asteroideae,NA
Sinclairia glabra hypoleuca,Asteraceae,Vernonioideae,hypoleuca
Pluchea salicifolia,Asteraceae,Asteroideae,NA
Schkuhria pinnata wislizeni,Asteraceae,Asteroideae,wislizeni
Senecio flaccidus flaccidus,Asteraceae,Asteroideae,flaccidus
Schkuhria pinnata wislizeni,Asteraceae,Asteroideae,wislizeni
Barkleyanthus salicifolius,Asteraceae,Asteroideae,NA
Adenophyllum cancellatum,Asteraceae,Asteroideae,NA
Gymnolaena oaxacana,Asteraceae,Asteroideae,NA
Calyptocarpus vialis,Asteraceae,Asteroideae,NA
Trixis inula,Asteraceae,Mutisioideae,NA
Calyptocarpus vialis,Asteraceae,Asteroideae,NA
Sanvitalia procumbens,Asteraceae,Asteroideae,NA
Schkuhria pinnata wislizeni,Asteraceae,Asteroideae,wislizeni
Perityle rosei,Asteraceae,Asteroideae,NA
Dyssodia papposa,Asteraceae,Asteroideae,NA
Roldana metepecus,Asteraceae,Asteroideae,NA
Acourtia humboldtii,Asteraceae,Mutisioideae,NA
Melampodium sericeum,Asteraceae,Asteroideae,NA
Senecio deppeanus,Asteraceae,Asteroideae,NA
Chaptalia madrensis,Asteraceae,Mutisioideae,NA
Vernonanthura patens,Asteraceae,Vernonioideae,NA
Barkleyanthus salicifolius,Asteraceae,Asteroideae,NA
Acourtia veracruzana,Asteraceae,Mutisioideae,NA
Critoniopsis tomentosa,Asteraceae,Vernonioideae,NA
Pluchea symphytifolia,Asteraceae,Asteroideae,NA
Blumea viscosa,Asteraceae,Asteroideae,NA
Adenophyllum porophyllum,Asteraceae,Asteroideae,NA
Dyssodia tagetiflora,Asteraceae,Asteroideae,NA
Flaveria trinervia,Asteraceae,Asteroideae,NA
Pluchea symphytifolia,Asteraceae,Asteroideae,NA
Galeana pratensis,Asteraceae,Asteroideae,NA
Dyssodia pinnata glabrescens,Asteraceae,Asteroideae,glabrescens
Florestina pedata,Asteraceae,Asteroideae,NA
Galeana pratensis,Asteraceae,Asteroideae,NA
Cyanthillium cinereum,Asteraceae,Vernonioideae,NA
Roldana guadalajarensis,Asteraceae,Asteroideae,NA
Zinnia haageana,Asteraceae,Asteroideae,NA
Galinsoga parviflora,Asteraceae,Asteroideae,NA
Tagetes lucida,Asteraceae,Asteroideae,NA
Schkuhria pinnata wislizeni,Asteraceae,Asteroideae,wislizeni
Schkuhria pinnata wislizeni,Asteraceae,Asteroideae,wislizeni
Tagetes erecta,Asteraceae,Asteroideae,NA
Vernonia alamanii,Asteraceae,Vernonioideae,NA
Acourtia fruticosa,Asteraceae,Mutisioideae,NA
Thymophylla tenuifolia,Asteraceae,Asteroideae,NA
Thymophylla tenuifolia,Asteraceae,Asteroideae,NA
Acourtia wrightii,Asteraceae,Mutisioideae,NA
Psacalium peltatum adenophorum,Asteraceae,Asteroideae,adenophorum
Galeana pratensis,Asteraceae,Asteroideae,NA
Iostephane heterophylla,Asteraceae,Asteroideae,NA
Acourtia wislizeni megacephala,Asteraceae,Mutisioideae,megacephala
Critoniopsis foliosa,Asteraceae,Vernonioideae,NA
Amauria rotundifolia,Asteraceae,Asteroideae,NA
Acourtia coulteri,Asteraceae,Mutisioideae,NA
Acourtia coulteri,Asteraceae,Mutisioideae,NA
Gymnolaena oaxacana,Asteraceae,Asteroideae,NA
Thymophylla pentachaeta pentachaeta,Asteraceae,Asteroideae,pentachaeta
Barkleyanthus salicifolius,Asteraceae,Asteroideae,NA
Barkleyanthus salicifolius,Asteraceae,Asteroideae,NA
Dyssodia papposa,Asteraceae,Asteroideae,NA
Dyssodia papposa,Asteraceae,Asteroideae,NA
Thymophylla setifolia,Asteraceae,Asteroideae,NA
Dyssodia papposa,Asteraceae,Asteroideae,NA
Chrysactinia mexicana,Asteraceae,Asteroideae,NA
Dyssodia pinnata glabrescens,Asteraceae,Asteroideae,glabrescens
Dyssodia pinnata glabrescens,Asteraceae,Asteroideae,glabrescens
Schkuhria pinnata wislizeni,Asteraceae,Asteroideae,wislizeni
Dyssodia pinnata pinnata,Asteraceae,Asteroideae,pinnata
Heterosperma pinnatum,Asteraceae,Asteroideae,NA
Dyssodia papposa,Asteraceae,Asteroideae,NA
Dyssodia papposa,Asteraceae,Asteroideae,NA
Galeana pratensis,Asteraceae,Asteroideae,NA
Thymophylla setifolia,Asteraceae,Asteroideae,NA
Schkuhria pinnata wislizeni,Asteraceae,Asteroideae,wislizeni
Pluchea symphytifolia,Asteraceae,Asteroideae,NA
Galeana pratensis,Asteraceae,Asteroideae,NA
Psacalium megaphyllum,Asteraceae,Asteroideae,NA
Flaveria trinervia,Asteraceae,Asteroideae,NA
Sclerocarpus uniserialis,Asteraceae,Asteroideae,NA
Trixis inula,Asteraceae,Mutisioideae,NA
Schkuhria pinnata virgata,Asteraceae,Asteroideae,virgata
Cosmos bipinnatus,Asteraceae,Asteroideae,NA
Chrysactinia mexicana,Asteraceae,Asteroideae,NA
Chrysactinia mexicana,Asteraceae,Asteroideae,NA
Schkuhria pinnata wislizeni,Asteraceae,Asteroideae,wislizeni
Bidens squarrosa,Asteraceae,Asteroideae,NA
Dyssodia tagetiflora,Asteraceae,Asteroideae,NA
Vernonanthura serratuloides,Asteraceae,Vernonioideae,NA
Calea urticifolia urticifolia,Asteraceae,Asteroideae,urticifolia
Trixis inula,Asteraceae,Mutisioideae,NA
Schkuhria pinnata wislizeni,Asteraceae,Asteroideae,wislizeni
Psacalium peltatum peltatum,Asteraceae,Asteroideae,peltatum
Alloispermum scabrum,Asteraceae,Asteroideae,NA
Iostephane heterophylla,Asteraceae,Asteroideae,NA
Bolanosa coulteri,Asteraceae,Vernonioideae,NA
Schkuhria pinnata wislizeni,Asteraceae,Asteroideae,wislizeni
Porophyllum macrocephalum,Asteraceae,Asteroideae,NA
Dyssodia papposa,Asteraceae,Asteroideae,NA
Adenophyllum porophyllum cancellatum,Asteraceae,Asteroideae,cancellatum
Iostephane heterophylla,Asteraceae,Asteroideae,NA
Gochnatia hypoleuca hypoleuca,Asteraceae,Gochnatioideae,hypoleuca
Sanvitalia procumbens,Asteraceae,Asteroideae,NA
Psacalium peltatum peltatum,Asteraceae,Asteroideae,peltatum
Artemisia ludoviciana,Asteraceae,Asteroideae,NA
Porophyllum coloratum obtusifolium,Asteraceae,Asteroideae,obtusifolium
Roldana sessilifolia,Asteraceae,Asteroideae,NA
Tagetes lucida,Asteraceae,Asteroideae,NA
Dyssodia papposa,Asteraceae,Asteroideae,NA
Critoniopsis uniflora,Asteraceae,Vernonioideae,NA
Acourtia fruticosa,Asteraceae,Mutisioideae,NA
Schkuhria pinnata wislizeni,Asteraceae,Asteroideae,wislizeni
Senecio stoechadiformis,Asteraceae,Asteroideae,NA
Porophyllum coloratum obtusifolium,Asteraceae,Asteroideae,obtusifolium
Tagetes lunulata,Asteraceae,Asteroideae,NA
Chaptalia nutans nutans,Asteraceae,Mutisioideae,nutans
Flaveria trinervia,Asteraceae,Asteroideae,NA
Florestina pedata,Asteraceae,Asteroideae,NA
Schkuhria glomerata,Asteraceae,Asteroideae,NA
Thymophylla setifolia,Asteraceae,Asteroideae,NA
Bahia absinthifolia absinthifolia,Asteraceae,Asteroideae,absinthifolia
Pluchea symphytifolia,Asteraceae,Asteroideae,NA
Critoniopsis uniflora,Asteraceae,Vernonioideae,NA
Florestina simplicifolia,Asteraceae,Asteroideae,NA
Lepidaploa tortuosa,Asteraceae,Vernonioideae,NA
Adenophyllum cancellatum,Asteraceae,Asteroideae,NA
Tagetes erecta,Asteraceae,Asteroideae,NA
Trixis inula,Asteraceae,Mutisioideae,NA
Flaveria trinervia,Asteraceae,Asteroideae,NA
Acourtia mexicana,Asteraceae,Mutisioideae,NA
Perityle microglossa saxosa,Asteraceae,Asteroideae,saxosa
Ageratina crassiramea,Asteraceae,Asteroideae,NA
Critoniopsis triflosculosa,Asteraceae,Vernonioideae,NA
Oxypappus scaber,Asteraceae,Asteroideae,NA
Critoniopsis foliosa,Asteraceae,Vernonioideae,NA
Schkuhria pinnata virgata,Asteraceae,Asteroideae,virgata
Sanvitalia procumbens,Asteraceae,Asteroideae,NA
Dyssodia pinnata pinnata,Asteraceae,Asteroideae,pinnata
Cosmos bipinnatus,Asteraceae,Asteroideae,NA
Dyssodia pinnata pinnata,Asteraceae,Asteroideae,pinnata
Dyssodia papposa,Asteraceae,Asteroideae,NA
Baileya multiradiata,Asteraceae,Asteroideae,NA
Thymophylla pentachaeta pentachaeta,Asteraceae,Asteroideae,pentachaeta
Bahia absinthifolia absinthifolia,Asteraceae,Asteroideae,absinthifolia
Nicolletia edwardsii,Asteraceae,Asteroideae,NA
Thymophylla acerosa,Asteraceae,Asteroideae,NA
Florestina tripteris,Asteraceae,Asteroideae,NA
Roldana heracleifolia,Asteraceae,Asteroideae,NA
Schkuhria pinnata wislizeni,Asteraceae,Asteroideae,wislizeni
Acourtia reticulata maculata,Asteraceae,Mutisioideae,maculata
Schkuhria pinnata wislizeni,Asteraceae,Asteroideae,wislizeni
Sinclairia glabra hypoleuca,Asteraceae,Vernonioideae,hypoleuca
Porophyllum macrocephalum,Asteraceae,Asteroideae,NA
Acourtia reticulata maculata,Asteraceae,Mutisioideae,maculata
Florestina pedata,Asteraceae,Asteroideae,NA
Thymophylla setifolia,Asteraceae,Asteroideae,NA
Critoniopsis baadii,Asteraceae,Vernonioideae,NA
Bahia absinthifolia absinthifolia,Asteraceae,Asteroideae,absinthifolia
Vernonanthura cordata,Asteraceae,Vernonioideae,NA
Florestina pedata,Asteraceae,Asteroideae,NA
Dyssodia tagetiflora,Asteraceae,Asteroideae,NA
Vernonanthura cordata,Asteraceae,Vernonioideae,NA
Oxypappus scaber,Asteraceae,Asteroideae,NA
Trixis inula,Asteraceae,Mutisioideae,NA
Acourtia parryi,Asteraceae,Mutisioideae,NA
Senecio claryae,Asteraceae,Asteroideae,NA
Gaillardia comosa,Asteraceae,Asteroideae,NA
Acourtia michoacana,Asteraceae,Mutisioideae,NA
Vernonia alamanii,Asteraceae,Vernonioideae,NA
Perityle emoryi,Asteraceae,Asteroideae,NA
Flaveria trinervia,Asteraceae,Asteroideae,NA
Thymophylla pentachaeta hartwegii,Asteraceae,Asteroideae,hartwegii
Acourtia michoacana,Asteraceae,Mutisioideae,NA
Vernonia alamanii,Asteraceae,Vernonioideae,NA
Acourtia fruticosa,Asteraceae,Mutisioideae,NA
Acourtia turbinata,Asteraceae,Mutisioideae,NA
Acourtia platyphylla,Asteraceae,Mutisioideae,NA
Iostephane heterophylla,Asteraceae,Asteroideae,NA
Psacalium quercifolium,Asteraceae,Asteroideae,NA
Iostephane trilobata,Asteraceae,Asteroideae,NA
Critoniopsis uniflora,Asteraceae,Vernonioideae,NA
Thymophylla micropoides,Asteraceae,Asteroideae,NA
Trixis mexicana mexicana,Asteraceae,Mutisioideae,mexicana
Vernonanthura patens,Asteraceae,Vernonioideae,NA
Chaptalia nutans nutans,Asteraceae,Mutisioideae,nutans
Elephantopus mollis,Asteraceae,Vernonioideae,NA
Chaptalia madrensis,Asteraceae,Mutisioideae,NA
Ageratina calophylla,Asteraceae,Asteroideae,NA
Tagetes linifolia,Asteraceae,Asteroideae,NA
Tagetes linifolia,Asteraceae,Asteroideae,NA
Dyssodia tagetiflora,Asteraceae,Asteroideae,NA
Acourtia wislizeni megacephala,Asteraceae,Mutisioideae,megacephala
Trixis michuacana longifolia,Asteraceae,Mutisioideae,longifolia
Loxothysanus pedunculatus,Asteraceae,Asteroideae,NA
Porophyllum viridiflorum,Asteraceae,Asteroideae,NA
Schkuhria pinnata wislizeni,Asteraceae,Asteroideae,wislizeni
Pippenalia delphiniifolia,Asteraceae,Asteroideae,NA
Pluchea symphytifolia,Asteraceae,Asteroideae,NA
Acourtia runcinata,Asteraceae,Mutisioideae,NA
Schkuhria pinnata wislizeni,Asteraceae,Asteroideae,wislizeni
Pectis uniaristata uniaristata,Asteraceae,Asteroideae,uniaristata
Tagetes erecta,Asteraceae,Asteroideae,NA
Schkuhria pinnata wislizeni,Asteraceae,Asteroideae,wislizeni
Dyssodia tagetiflora,Asteraceae,Asteroideae,NA
Jefea lantanifolia,Asteraceae,Asteroideae,NA
Jefea lantanifolia,Asteraceae,Asteroideae,NA
Acourtia runcinata,Asteraceae,Mutisioideae,NA
Acourtia runcinata,Asteraceae,Mutisioideae,NA
Jefea lantanifolia,Asteraceae,Asteroideae,NA
Erigeron janivultus,Asteraceae,Asteroideae,NA
Chaptalia nutans nutans,Asteraceae,Mutisioideae,nutans
Zinnia peruviana,Asteraceae,Asteroideae,NA
Dyssodia tagetiflora,Asteraceae,Asteroideae,NA
Acourtia wislizeni megacephala,Asteraceae,Mutisioideae,megacephala
Trixis californica californica,Asteraceae,Mutisioideae,californica
Dyssodia tagetiflora,Asteraceae,Asteroideae,NA
Flaveria trinervia,Asteraceae,Asteroideae,NA
Thymophylla setifolia,Asteraceae,Asteroideae,NA
Thymophylla setifolia,Asteraceae,Asteroideae,NA
Flaveria trinervia,Asteraceae,Asteroideae,NA
Perityle microglossa microglossa,Asteraceae,Asteroideae,microglossa
Galeana pratensis,Asteraceae,Asteroideae,NA
Fleischmannia pycnocephala,Asteraceae,Asteroideae,NA
Psacalium palmeri,Asteraceae,Asteroideae,NA
Galeana pratensis,Asteraceae,Asteroideae,NA
Boeberastrum anthemidifolium,Asteraceae,Asteroideae,NA
Amauria brandegeeana,Asteraceae,Asteroideae,NA
Galeana pratensis,Asteraceae,Asteroideae,NA
Thymophylla setifolia,Asteraceae,Asteroideae,NA
Thymophylla pentachaeta pentachaeta,Asteraceae,Asteroideae,pentachaeta
Oxypappus scaber,Asteraceae,Asteroideae,NA
Galeana pratensis,Asteraceae,Asteroideae,NA
Lasthenia californica,Asteraceae,Asteroideae,NA
Thymophylla tenuifolia,Asteraceae,Asteroideae,NA
Schkuhria pinnata virgata,Asteraceae,Asteroideae,virgata
Perityle socorrosensis,Asteraceae,Asteroideae,NA
Trixis michuacana longifolia,Asteraceae,Mutisioideae,longifolia
Acourtia fruticosa,Asteraceae,Mutisioideae,NA
Adenophyllum cancellatum,Asteraceae,Asteroideae,NA
Pluchea salicifolia,Asteraceae,Asteroideae,NA
Dyssodia tagetiflora,Asteraceae,Asteroideae,NA
Dyssodia tagetiflora,Asteraceae,Asteroideae,NA
Dyssodia tagetiflora,Asteraceae,Asteroideae,NA
Lagascea helianthifolia,Asteraceae,Asteroideae,NA
Schkuhria pinnata wislizeni,Asteraceae,Asteroideae,wislizeni
Acourtia wislizeni megacephala,Asteraceae,Mutisioideae,megacephala
Dyssodia tagetiflora,Asteraceae,Asteroideae,NA
Schkuhria pinnata wislizeni,Asteraceae,Asteroideae,wislizeni
Achillea millefolium,Asteraceae,Asteroideae,NA
Acourtia wislizeni megacephala,Asteraceae,Mutisioideae,megacephala
Roldana chapalensis,Asteraceae,Asteroideae,NA
Sinclairia pringlei,Asteraceae,Vernonioideae,NA
Porophyllum viridiflorum,Asteraceae,Asteroideae,NA
Hymenopappus flavomarginatus,Asteraceae,Asteroideae,NA
Gaillardia mexicana,Asteraceae,Asteroideae,NA
Oxypappus scaber,Asteraceae,Asteroideae,NA
Pectis exilis,Asteraceae,Asteroideae,NA
Acourtia wislizeni megacephala,Asteraceae,Mutisioideae,megacephala
Barkleyanthus salicifolius,Asteraceae,Asteroideae,NA
Acourtia nana,Asteraceae,Mutisioideae,NA
Acourtia nana,Asteraceae,Mutisioideae,NA
Thymophylla tenuifolia,Asteraceae,Asteroideae,NA
Acourtia wrightii,Asteraceae,Mutisioideae,NA
Senecio flaccidus flaccidus,Asteraceae,Asteroideae,flaccidus
Acourtia runcinata,Asteraceae,Mutisioideae,NA
Helenium elegans amphibolum,Asteraceae,Asteroideae,amphibolum
Acourtia runcinata,Asteraceae,Mutisioideae,NA
Melampodium cinereum hirtellum,Asteraceae,Asteroideae,hirtellum
Dyssodia papposa,Asteraceae,Asteroideae,NA
Psacalium palmeri,Asteraceae,Asteroideae,NA
Psacalium palmeri,Asteraceae,Asteroideae,NA
Acourtia longifolia,Asteraceae,Mutisioideae,NA
Dyssodia pinnata glabrescens,Asteraceae,Asteroideae,glabrescens
Adenophyllum squamosum,Asteraceae,Asteroideae,NA
Acourtia reticulata reticulata,Asteraceae,Mutisioideae,reticulata
Helenium mexicanum,Asteraceae,Asteroideae,NA
Blumea viscosa,Asteraceae,Asteroideae,NA
Perityle microglossa microglossa,Asteraceae,Asteroideae,microglossa
Barkleyanthus salicifolius,Asteraceae,Asteroideae,NA
Acourtia wislizeni megacephala,Asteraceae,Mutisioideae,megacephala
Pluchea odorata,Asteraceae,Asteroideae,NA
Roldana hederifolia,Asteraceae,Asteroideae,NA
Iostephane heterophylla,Asteraceae,Asteroideae,NA
Gochnatia hypoleuca hypoleuca,Asteraceae,Gochnatioideae,hypoleuca
Gymnosperma glutinosum,Asteraceae,Asteroideae,NA
Vernonanthura cordata,Asteraceae,Vernonioideae,NA
Critoniopsis salicifolia,Asteraceae,Vernonioideae,NA
Vernonanthura liatroides,Asteraceae,Vernonioideae,NA
Sclerocarpus papposus,Asteraceae,Asteroideae,NA
Melampodium gracile,Asteraceae,Asteroideae,NA
Pittocaulon bombycophole,Asteraceae,Asteroideae,NA
Boeberoides grandiflora,Asteraceae,Asteroideae,NA
Boeberoides grandiflora,Asteraceae,Asteroideae,NA
Pittocaulon bombycophole,Asteraceae,Asteroideae,NA
Pittocaulon bombycophole,Asteraceae,Asteroideae,NA
Pseudelephantopus spicatus,Asteraceae,Vernonioideae,NA
Vernonanthura liatroides,Asteraceae,Vernonioideae,NA
Pittocaulon bombycophole,Asteraceae,Asteroideae,NA
Pittocaulon bombycophole,Asteraceae,Asteroideae,NA
Sclerocarpus papposus,Asteraceae,Asteroideae,NA
Sanvitalia procumbens,Asteraceae,Asteroideae,NA
Critoniopsis salicifolia,Asteraceae,Vernonioideae,NA
Chrysactinia pinnata,Asteraceae,Asteroideae,NA
Thymophylla pentachaeta pentachaeta,Asteraceae,Asteroideae,pentachaeta
Chaptalia nutans nutans,Asteraceae,Mutisioideae,nutans
Iostephane heterophylla,Asteraceae,Asteroideae,NA
Psacalium laxiflorum,Asteraceae,Asteroideae,NA
Dyssodia pinnata pinnata,Asteraceae,Asteroideae,pinnata
Schkuhria pinnata virgata,Asteraceae,Asteroideae,virgata
Dyssodia pinnata pinnata,Asteraceae,Asteroideae,pinnata
Psacalium radulifolium,Asteraceae,Asteroideae,NA
Acourtia coulteri,Asteraceae,Mutisioideae,NA
Loxothysanus sinuatus,Asteraceae,Asteroideae,NA
Oxypappus scaber,Asteraceae,Asteroideae,NA
Trixis inula,Asteraceae,Mutisioideae,NA
Dyssodia papposa,Asteraceae,Asteroideae,NA
Telanthophora grandifolia grandifolia,Asteraceae,Asteroideae,grandifolia
Vernonanthura patens,Asteraceae,Vernonioideae,NA
Telanthophora grandifolia grandifolia,Asteraceae,Asteroideae,grandifolia
Calea urticifolia urticifolia,Asteraceae,Asteroideae,urticifolia
Schkuhria pinnata virgata,Asteraceae,Asteroideae,virgata
Acourtia fruticosa,Asteraceae,Mutisioideae,NA
Zinnia peruviana,Asteraceae,Asteroideae,NA
Montanoa leucantha leucantha,Asteraceae,Asteroideae,leucantha
Schkuhria pinnata virgata,Asteraceae,Asteroideae,virgata
Zaluzania augusta augusta,Asteraceae,Asteroideae,augusta
Melampodium sericeum,Asteraceae,Asteroideae,NA
Galeana pratensis,Asteraceae,Asteroideae,NA
Pluchea symphytifolia,Asteraceae,Asteroideae,NA
Helenium quadridentatum,Asteraceae,Asteroideae,NA
Flaveria trinervia,Asteraceae,Asteroideae,NA
Porophyllum viridiflorum,Asteraceae,Asteroideae,NA
Schkuhria pinnata wislizeni,Asteraceae,Asteroideae,wislizeni
Bolanosa coulteri,Asteraceae,Vernonioideae,NA
Psacalium palmeri,Asteraceae,Asteroideae,NA
Psacalium peltigerum peltigerum,Asteraceae,Asteroideae,peltigerum
Roldana sessilifolia,Asteraceae,Asteroideae,NA
Barkleyanthus salicifolius,Asteraceae,Asteroideae,NA
Schkuhria pinnata wislizeni,Asteraceae,Asteroideae,wislizeni
Gochnatia hypoleuca hypoleuca,Asteraceae,Gochnatioideae,hypoleuca
Dyssodia acerosa,Asteraceae,Asteroideae,NA
Flourensia cernua,Asteraceae,Asteroideae,NA
Trixis angustifolia,Asteraceae,Mutisioideae,NA
Dyssodia anthemidifolia,Asteraceae,Asteroideae,NA
Pluchea symphytifolia,Asteraceae,Asteroideae,NA
Pseudelephantopus spicatus,Asteraceae,Vernonioideae,NA
Dyssodia pinnata glabrescens,Asteraceae,Asteroideae,glabrescens
Comaclinium montanum,Asteraceae,Asteroideae,NA
Fleischmannia pycnocephala,Asteraceae,Asteroideae,NA
Psacalium megaphyllum,Asteraceae,Asteroideae,NA
Boeberoides grandiflora,Asteraceae,Asteroideae,NA
Barkleyanthus salicifolius,Asteraceae,Asteroideae,NA
Florestina pedata,Asteraceae,Asteroideae,NA
Galeana pratensis,Asteraceae,Asteroideae,NA
Roldana oaxacana,Asteraceae,Asteroideae,NA
Ageratina chiapensis,Asteraceae,Asteroideae,NA
Galeana pratensis,Asteraceae,Asteroideae,NA
Florestina pedata,Asteraceae,Asteroideae,NA
Acourtia veracruzana,Asteraceae,Mutisioideae,NA
Acourtia cordata,Asteraceae,Mutisioideae,NA
Oxypappus scaber,Asteraceae,Asteroideae,NA
Adenophyllum glandulosum,Asteraceae,Asteroideae,NA
Adenophyllum glandulosum,Asteraceae,Asteroideae,NA
Adenophyllum glandulosum,Asteraceae,Asteroideae,NA
Thymophylla tenuifolia,Asteraceae,Asteroideae,NA
Pseudelephantopus spicatus,Asteraceae,Vernonioideae,NA
Thymophylla setifolia,Asteraceae,Asteroideae,NA
Schkuhria pinnata wislizeni,Asteraceae,Asteroideae,wislizeni
Chrysactinia truncata,Asteraceae,Asteroideae,NA
Senecio richardsonii,Asteraceae,Asteroideae,NA
Senecio procumbens,Asteraceae,Asteroideae,NA
Hemizonia fasciculata,Asteraceae,Asteroideae,NA
Dyssodia pinnata pinnata,Asteraceae,Asteroideae,pinnata
Flaveria trinervia,Asteraceae,Asteroideae,NA
Chromolaena odorata,Asteraceae,Asteroideae,NA
Chaptalia nutans nutans,Asteraceae,Mutisioideae,nutans
Florestina pedata,Asteraceae,Asteroideae,NA
Galeana pratensis,Asteraceae,Asteroideae,NA
Critoniopsis leiocarpa,Asteraceae,Vernonioideae,NA
Galeana pratensis,Asteraceae,Asteroideae,NA
Acourtia fruticosa,Asteraceae,Mutisioideae,NA
Tagetes congesta,Asteraceae,Asteroideae,NA
Oxypappus scaber,Asteraceae,Asteroideae,NA
Tagetes filifolia,Asteraceae,Asteroideae,NA
Galeana pratensis,Asteraceae,Asteroideae,NA
Gochnatia hypoleuca hypoleuca,Asteraceae,Gochnatioideae,hypoleuca
Pluchea salicifolia,Asteraceae,Asteroideae,NA
Trixis michuacana longifolia,Asteraceae,Mutisioideae,longifolia
Pseudelephantopus spicatus,Asteraceae,Vernonioideae,NA
Pectis stenophylla,Asteraceae,Asteroideae,NA
Adenophyllum pulcherrimum,Asteraceae,Asteroideae,NA
Dyssodia papposa,Asteraceae,Asteroideae,NA
Gochnatia hypoleuca hypoleuca,Asteraceae,Gochnatioideae,hypoleuca
Perityle microglossa microglossa,Asteraceae,Asteroideae,microglossa
Flaveria trinervia,Asteraceae,Asteroideae,NA
Blumea viscosa,Asteraceae,Asteroideae,NA
Dyssodia tagetiflora,Asteraceae,Asteroideae,NA
Telanthophora cobanensis cobanensis,Asteraceae,Asteroideae,cobanensis
Critoniopsis leiocarpa,Asteraceae,Vernonioideae,NA
Acourtia nudicaulis,Asteraceae,Mutisioideae,NA
Iostephane heterophylla,Asteraceae,Asteroideae,NA
Melampodium montanum viridulum,Asteraceae,Asteroideae,viridulum
Galeana pratensis,Asteraceae,Asteroideae,NA
Dyssodia tagetiflora,Asteraceae,Asteroideae,NA
Florestina pedata,Asteraceae,Asteroideae,NA
Roldana aschenborniana,Asteraceae,Asteroideae,NA
Loxothysanus sinuatus,Asteraceae,Asteroideae,NA
Psacalium peltatum adenophorum,Asteraceae,Asteroideae,adenophorum
Thymophylla pentachaeta pentachaeta,Asteraceae,Asteroideae,pentachaeta
Thymophylla pentachaeta pentachaeta,Asteraceae,Asteroideae,pentachaeta
Gaillardia mexicana,Asteraceae,Asteroideae,NA
Gaillardia mexicana,Asteraceae,Asteroideae,NA
Packera coahuilensis,Asteraceae,Asteroideae,NA
Dyssodia pinnata glabrescens,Asteraceae,Asteroideae,glabrescens
Thymophylla aurea,Asteraceae,Asteroideae,NA
Dyssodia papposa,Asteraceae,Asteroideae,NA
Adenophyllum porophyllum cancellatum,Asteraceae,Asteroideae,cancellatum
Oxypappus scaber,Asteraceae,Asteroideae,NA
Oxypappus scaber,Asteraceae,Asteroideae,NA
Critoniopsis foliosa,Asteraceae,Vernonioideae,NA
Pluchea parvifolia,Asteraceae,Asteroideae,NA
Pectis multiseta,Asteraceae,Asteroideae,NA
Adenophyllum speciosum,Asteraceae,Asteroideae,NA
Chaptalia nutans nutans,Asteraceae,Mutisioideae,nutans
Bahia autumnalis,Asteraceae,Asteroideae,NA
Psacalium calvum,Asteraceae,Asteroideae,NA
Schkuhria pinnata virgata,Asteraceae,Asteroideae,virgata
Zaluzania subcordata,Asteraceae,Asteroideae,NA
Thymophylla tenuifolia,Asteraceae,Asteroideae,NA
Pseudelephantopus spicatus,Asteraceae,Vernonioideae,NA
Thymophylla tenuifolia,Asteraceae,Asteroideae,NA
Barkleyanthus salicifolius,Asteraceae,Asteroideae,NA
Schkuhria pinnata wislizeni,Asteraceae,Asteroideae,wislizeni
Adenophyllum squamosum,Asteraceae,Asteroideae,NA
Adenophyllum squamosum,Asteraceae,Asteroideae,NA
Schkuhria pinnata wislizeni,Asteraceae,Asteroideae,wislizeni
Sinclairia glabra hypoleuca,Asteraceae,Vernonioideae,hypoleuca
Gochnatia hypoleuca obtusata,Asteraceae,Gochnatioideae,obtusata
Chrysactinia mexicana,Asteraceae,Asteroideae,NA
Critoniopsis salicifolia,Asteraceae,Vernonioideae,NA
Chromolaena odorata,Asteraceae,Asteroideae,NA
Alvordia congesta,Asteraceae,Asteroideae,NA
Thymophylla pentachaeta pentachaeta,Asteraceae,Asteroideae,pentachaeta
Trixis inula,Asteraceae,Mutisioideae,NA
Lepidaploa tortuosa,Asteraceae,Vernonioideae,NA
Senecio deppeanus,Asteraceae,Asteroideae,NA
Vernonanthura patens,Asteraceae,Vernonioideae,NA
Perityle cuneata marginata,Asteraceae,Asteroideae,marginata
Erechtites valerianifolius,Asteraceae,Asteroideae,NA
Elephantopus mollis,Asteraceae,Vernonioideae,NA
Acourtia fruticosa,Asteraceae,Mutisioideae,NA
Acourtia fruticosa,Asteraceae,Mutisioideae,NA
Galeana pratensis,Asteraceae,Asteroideae,NA
Trixis michuacana longifolia,Asteraceae,Mutisioideae,longifolia
Trixis michuacana longifolia,Asteraceae,Mutisioideae,longifolia
Perityle microglossa microglossa,Asteraceae,Asteroideae,microglossa
Porophyllum lindenii,Asteraceae,Asteroideae,NA
Thymophylla pentachaeta pentachaeta,Asteraceae,Asteroideae,pentachaeta
Lagascea helianthifolia,Asteraceae,Asteroideae,NA
Oxypappus scaber,Asteraceae,Asteroideae,NA
Psacalium poculiferum,Asteraceae,Asteroideae,NA
Oxypappus scaber,Asteraceae,Asteroideae,NA
Oxypappus scaber,Asteraceae,Asteroideae,NA
Oxypappus scaber,Asteraceae,Asteroideae,NA
Critoniopsis foliosa,Asteraceae,Vernonioideae,NA
Roldana angulifolia,Asteraceae,Asteroideae,NA
Roldana angulifolia,Asteraceae,Asteroideae,NA
Acourtia michoacana,Asteraceae,Mutisioideae,NA
Senecio toluccanus,Asteraceae,Asteroideae,NA
Schkuhria pinnata wislizeni,Asteraceae,Asteroideae,wislizeni
Critoniopsis foliosa,Asteraceae,Vernonioideae,NA
Critoniopsis foliosa,Asteraceae,Vernonioideae,NA
Barkleyanthus salicifolius,Asteraceae,Asteroideae,NA
Dyssodia papposa,Asteraceae,Asteroideae,NA
Dyssodia papposa,Asteraceae,Asteroideae,NA
Roldana cristobalensis,Asteraceae,Asteroideae,NA
Barkleyanthus salicifolius,Asteraceae,Asteroideae,NA
Dyssodia pinnata pinnata,Asteraceae,Asteroideae,pinnata
Dyssodia papposa,Asteraceae,Asteroideae,NA
Thymophylla tenuifolia,Asteraceae,Asteroideae,NA
Sinclairia polyantha,Asteraceae,Vernonioideae,NA
Vernonia greggii,Asteraceae,Vernonioideae,NA
Vernonia greggii,Asteraceae,Vernonioideae,NA
Thymophylla setifolia,Asteraceae,Asteroideae,NA
Melampodium longifolium,Asteraceae,Asteroideae,NA
Gochnatia hypoleuca hypoleuca,Asteraceae,Gochnatioideae,hypoleuca
Dyssodia pinnata glabrescens,Asteraceae,Asteroideae,glabrescens
Jefea lantanifolia,Asteraceae,Asteroideae,NA
Chrysactinia mexicana,Asteraceae,Asteroideae,NA
Cosmos crithmifolius,Asteraceae,Asteroideae,NA
Iostephane heterophylla,Asteraceae,Asteroideae,NA
Schkuhria pinnata wislizeni,Asteraceae,Asteroideae,wislizeni
Barkleyanthus salicifolius,Asteraceae,Asteroideae,NA
Perityle leptoglossa,Asteraceae,Asteroideae,NA
Adenophyllum porophylloides,Asteraceae,Asteroideae,NA
Acourtia platyphylla,Asteraceae,Mutisioideae,NA
Oxypappus scaber,Asteraceae,Asteroideae,NA
Pseudelephantopus spicatus,Asteraceae,Vernonioideae,NA
Pseudelephantopus spicatus,Asteraceae,Vernonioideae,NA
Sinclairia glabra hypoleuca,Asteraceae,Vernonioideae,hypoleuca
Villanova achilleoides,Asteraceae,Asteroideae,NA
Cyanthillium cinereum,Asteraceae,Vernonioideae,NA
Florestina pedata,Asteraceae,Asteroideae,NA
Flaveria trinervia,Asteraceae,Asteroideae,NA
Dyssodia tagetiflora,Asteraceae,Asteroideae,NA
Dyssodia tagetiflora,Asteraceae,Asteroideae,NA
Schkuhria pinnata wislizeni,Asteraceae,Asteroideae,wislizeni
Trixis michuacana longifolia,Asteraceae,Mutisioideae,longifolia
Barkleyanthus salicifolius,Asteraceae,Asteroideae,NA
Thymophylla setifolia,Asteraceae,Asteroideae,NA
Boeberoides grandiflora,Asteraceae,Asteroideae,NA
Thymophylla pentachaeta pentachaeta,Asteraceae,Asteroideae,pentachaeta
Schkuhria pinnata virgata,Asteraceae,Asteroideae,virgata
Thymophylla tenuifolia,Asteraceae,Asteroideae,NA
Galeana pratensis,Asteraceae,Asteroideae,NA
Vernonia bealliae,Asteraceae,Vernonioideae,NA
Flaveria trinervia,Asteraceae,Asteroideae,NA
Chrysactinia mexicana,Asteraceae,Asteroideae,NA
Tagetes foetidissima,Asteraceae,Asteroideae,NA
Schkuhria pinnata wislizeni,Asteraceae,Asteroideae,wislizeni
Cosmos pringlei,Asteraceae,Asteroideae,NA
Acourtia fruticosa,Asteraceae,Mutisioideae,NA
Dyssodia tagetiflora,Asteraceae,Asteroideae,NA
Adenophyllum porophyllum porophyllum,Asteraceae,Asteroideae,porophyllum
Roldana sessilifolia,Asteraceae,Asteroideae,NA
Dyssodia tagetiflora,Asteraceae,Asteroideae,NA
Pectis prostrata,Asteraceae,Asteroideae,NA
Schkuhria pinnata wislizeni,Asteraceae,Asteroideae,wislizeni
Vernonanthura serratuloides,Asteraceae,Vernonioideae,NA
Adenophyllum porophyllum cancellatum,Asteraceae,Asteroideae,cancellatum
Dyssodia tagetiflora,Asteraceae,Asteroideae,NA
Pectis repens,Asteraceae,Asteroideae,NA
Adenophyllum porophyllum porophyllum,Asteraceae,Asteroideae,porophyllum
Calea urticifolia urticifolia,Asteraceae,Asteroideae,urticifolia
Dyssodia tagetiflora,Asteraceae,Asteroideae,NA
Barkleyanthus salicifolius,Asteraceae,Asteroideae,NA
Schkuhria pinnata wislizeni,Asteraceae,Asteroideae,wislizeni
Pseudogynoxys chenopodioides chenopodioides,Asteraceae,Asteroideae,chenopodioides
Ageratina crassiramea,Asteraceae,Asteroideae,NA
Perityle microglossa microglossa,Asteraceae,Asteroideae,microglossa
Erigeron janivultus,Asteraceae,Asteroideae,NA
Barkleyanthus salicifolius,Asteraceae,Asteroideae,NA
Oxypappus scaber,Asteraceae,Asteroideae,NA
Onoseris onoseroides,Asteraceae,Mutisioideae,NA
Thymophylla micropoides,Asteraceae,Asteroideae,NA
Thymophylla pentachaeta pentachaeta,Asteraceae,Asteroideae,pentachaeta
Sinclairia glabra hypoleuca,Asteraceae,Vernonioideae,hypoleuca
Adenophyllum porophyllum,Asteraceae,Asteroideae,NA
Achillea millefolium,Asteraceae,Asteroideae,NA
Trixis inula,Asteraceae,Mutisioideae,NA
Galeana pratensis,Asteraceae,Asteroideae,NA
Schkuhria pinnata wislizeni,Asteraceae,Asteroideae,wislizeni
Florestina pedata,Asteraceae,Asteroideae,NA
Porophyllum macrocephalum,Asteraceae,Asteroideae,NA
Acourtia wislizeni megacephala,Asteraceae,Mutisioideae,megacephala
Acourtia wislizeni megacephala,Asteraceae,Mutisioideae,megacephala
Thymophylla pentachaeta pentachaeta,Asteraceae,Asteroideae,pentachaeta
Dyssodia pinnata glabrescens,Asteraceae,Asteroideae,glabrescens
Oxypappus scaber,Asteraceae,Asteroideae,NA
Schkuhria pinnata wislizeni,Asteraceae,Asteroideae,wislizeni
Acourtia wislizeni megacephala,Asteraceae,Mutisioideae,megacephala
Bahia pringlei,Asteraceae,Asteroideae,NA
Senecio procumbens,Asteraceae,Asteroideae,NA
Senecio roseus,Asteraceae,Asteroideae,NA
Piptocarpha poeppigiana,Asteraceae,Vernonioideae,NA
Schkuhria pinnata wislizeni,Asteraceae,Asteroideae,wislizeni
Dyssodia pinnata pinnata,Asteraceae,Asteroideae,pinnata
Dyssodia pinnata glabrescens,Asteraceae,Asteroideae,glabrescens
Pluchea salicifolia,Asteraceae,Asteroideae,NA
Elephantopus mollis,Asteraceae,Vernonioideae,NA
Dyssodia pinnata pinnata,Asteraceae,Asteroideae,pinnata
Oxypappus scaber,Asteraceae,Asteroideae,NA
Porophyllum lindenii,Asteraceae,Asteroideae,NA
Vernonanthura patens,Asteraceae,Vernonioideae,NA
Palafoxia lindenii,Asteraceae,Asteroideae,NA
Thymophylla setifolia,Asteraceae,Asteroideae,NA
Trixis angustifolia,Asteraceae,Mutisioideae,NA
Roldana lobata,Asteraceae,Asteroideae,NA
Sanvitalia procumbens,Asteraceae,Asteroideae,NA
Cosmos bipinnatus,Asteraceae,Asteroideae,NA
Sanvitalia procumbens,Asteraceae,Asteroideae,NA
Packera sanguisorbae,Asteraceae,Asteroideae,NA
Schkuhria pinnata virgata,Asteraceae,Asteroideae,virgata
Dyssodia pinnata glabrescens,Asteraceae,Asteroideae,glabrescens
Adenophyllum porophyllum,Asteraceae,Asteroideae,NA
Schkuhria pinnata wislizeni,Asteraceae,Asteroideae,wislizeni
Sinclairia liebmannii,Asteraceae,Vernonioideae,NA
Barkleyanthus salicifolius,Asteraceae,Asteroideae,NA
Trixis pringlei pringlei,Asteraceae,Mutisioideae,pringlei
Lepidaploa polypleura,Asteraceae,Vernonioideae,NA
Porophyllum viridiflorum,Asteraceae,Asteroideae,NA
Pluchea symphytifolia,Asteraceae,Asteroideae,NA
Barkleyanthus salicifolius,Asteraceae,Asteroideae,NA
Schkuhria pinnata virgata,Asteraceae,Asteroideae,virgata
Barkleyanthus salicifolius,Asteraceae,Asteroideae,NA
Schkuhria pinnata wislizeni,Asteraceae,Asteroideae,wislizeni
Iostephane heterophylla,Asteraceae,Asteroideae,NA
Trixis angustifolia,Asteraceae,Mutisioideae,NA
Tagetes lunulata,Asteraceae,Asteroideae,NA
Galeana pratensis,Asteraceae,Asteroideae,NA
Schkuhria pinnata wislizeni,Asteraceae,Asteroideae,wislizeni
Onoseris onoseroides,Asteraceae,Mutisioideae,NA
Verbesina serrata,Asteraceae,Asteroideae,NA
Acourtia moschata,Asteraceae,Mutisioideae,NA
Elephantopus mollis,Asteraceae,Vernonioideae,NA
Chaptalia nutans nutans,Asteraceae,Mutisioideae,nutans
Elephantopus angustifolius,Asteraceae,Vernonioideae,NA
Senecio iodanthus,Asteraceae,Asteroideae,NA
Senecio stoechadiformis,Asteraceae,Asteroideae,NA
Achillea millefolium,Asteraceae,Asteroideae,NA
Roldana barba-johannis,Asteraceae,Asteroideae,NA
Senecio cinerarioides,Asteraceae,Asteroideae,NA
Senecio mairetianus,Asteraceae,Asteroideae,NA
Senecio callosus,Asteraceae,Asteroideae,NA
Senecio bracteatus,Asteraceae,Asteroideae,NA
Thymophylla setifolia,Asteraceae,Asteroideae,NA
Tagetes lucida,Asteraceae,Asteroideae,NA
Ambrosia psilostachya,Asteraceae,Asteroideae,NA
Erigeron fraternus,Asteraceae,Asteroideae,NA
Schkuhria pinnata wislizeni,Asteraceae,Asteroideae,wislizeni
Pluchea symphytifolia,Asteraceae,Asteroideae,NA
Chaptalia nutans nutans,Asteraceae,Mutisioideae,nutans
Trixis hyposericea,Asteraceae,Mutisioideae,NA
Galeana pratensis,Asteraceae,Asteroideae,NA
Trixis hyposericea,Asteraceae,Mutisioideae,NA
Chrysactinia mexicana,Asteraceae,Asteroideae,NA
Chrysactinia mexicana,Asteraceae,Asteroideae,NA
Trixis inula,Asteraceae,Mutisioideae,NA
Iostephane heterophylla,Asteraceae,Asteroideae,NA
Florestina pedata,Asteraceae,Asteroideae,NA
Helenium mexicanum,Asteraceae,Asteroideae,NA
Schkuhria pinnata wislizeni,Asteraceae,Asteroideae,wislizeni
Dyssodia pinnata pinnata,Asteraceae,Asteroideae,pinnata
Melampodium montanum montanum,Asteraceae,Asteroideae,montanum
Desmanthodium perfoliatum,Asteraceae,Asteroideae,NA
Montanoa leucantha arborescens,Asteraceae,Asteroideae,arborescens
Verbesina liebmannii,Asteraceae,Asteroideae,NA
Thymophylla pentachaeta pentachaeta,Asteraceae,Asteroideae,pentachaeta
Dyssodia papposa,Asteraceae,Asteroideae,NA
Verbesina hypomalaca hypomalaca,Asteraceae,Asteroideae,hypomalaca
Pectis uniaristata uniaristata,Asteraceae,Asteroideae,uniaristata
Adenophyllum porophyllum porophyllum,Asteraceae,Asteroideae,porophyllum
Stevia villaregalis,Asteraceae,Asteroideae,NA
Salmea palmeri,Asteraceae,Asteroideae,NA
Perityle jaliscana,Asteraceae,Asteroideae,NA
Bidens rostrata,Asteraceae,Asteroideae,NA
Schkuhria pinnata wislizeni,Asteraceae,Asteroideae,wislizeni
Stevia villaregalis,Asteraceae,Asteroideae,NA
Acourtia wislizeni megacephala,Asteraceae,Mutisioideae,megacephala
Cosmos sulphureus,Asteraceae,Asteroideae,NA
Lasianthaea palmeri,Asteraceae,Asteroideae,NA
Sinclairia palmeri,Asteraceae,Vernonioideae,NA
Bidens cordylocarpa,Asteraceae,Asteroideae,NA
Thymophylla setifolia,Asteraceae,Asteroideae,NA
Sinclairia glabra hypoleuca,Asteraceae,Vernonioideae,hypoleuca
Sinclairia glabra hypoleuca,Asteraceae,Vernonioideae,hypoleuca
Struchium sparganophorum,Asteraceae,Vernonioideae,NA
Dyssodia tagetiflora,Asteraceae,Asteroideae,NA
Schkuhria pinnata wislizeni,Asteraceae,Asteroideae,wislizeni
Iostephane heterophylla,Asteraceae,Asteroideae,NA
Adenophyllum porophyllum porophyllum,Asteraceae,Asteroideae,porophyllum
Pectis prostrata,Asteraceae,Asteroideae,NA
Schkuhria pinnata wislizeni,Asteraceae,Asteroideae,wislizeni
Pectis prostrata,Asteraceae,Asteroideae,NA
Calea urticifolia urticifolia,Asteraceae,Asteroideae,urticifolia
Pectis prostrata,Asteraceae,Asteroideae,NA
Thymophylla pentachaeta pentachaeta,Asteraceae,Asteroideae,pentachaeta
Thymophylla tenuifolia,Asteraceae,Asteroideae,NA
Dyssodia pinnata glabrescens,Asteraceae,Asteroideae,glabrescens
Trixis mexicana mexicana,Asteraceae,Mutisioideae,mexicana
Acourtia reticulata maculata,Asteraceae,Mutisioideae,maculata
Tithonia longiradiata,Asteraceae,Asteroideae,NA
Lepidaploa canescens,Asteraceae,Vernonioideae,NA
Lepidaploa tortuosa,Asteraceae,Vernonioideae,NA
Vernonia argyropappa,Asteraceae,Vernonioideae,NA
Critoniopsis heydeana,Asteraceae,Vernonioideae,NA
Thymophylla setifolia,Asteraceae,Asteroideae,NA
Vernonanthura oaxacana,Asteraceae,Vernonioideae,NA
Dyssodia anthemidifolia,Asteraceae,Asteroideae,NA
Gochnatia hypoleuca hypoleuca,Asteraceae,Gochnatioideae,hypoleuca
Vernonanthura patens,Asteraceae,Vernonioideae,NA
Critonia morifolia,Asteraceae,Asteroideae,NA
Thymophylla pentachaeta pentachaeta,Asteraceae,Asteroideae,pentachaeta
Galeana pratensis,Asteraceae,Asteroideae,NA
Lepidonia callilepis,Asteraceae,Vernonioideae,NA
Comaclinium montanum,Asteraceae,Asteroideae,NA
Flaveria trinervia,Asteraceae,Asteroideae,NA
Acourtia fruticosa,Asteraceae,Mutisioideae,NA
Chrysactinia mexicana,Asteraceae,Asteroideae,NA
Dyssodia pinnata pinnata,Asteraceae,Asteroideae,pinnata
Senecio rosei,Asteraceae,Asteroideae,NA
Roldana gonzaleziae,Asteraceae,Asteroideae,NA
Psacalium pachyphyllum,Asteraceae,Asteroideae,NA
Helenium mexicanum,Asteraceae,Asteroideae,NA
Galeana pratensis,Asteraceae,Asteroideae,NA
Leibnitzia lyrata,Asteraceae,Mutisioideae,NA
Jaegeria hirta,Asteraceae,Asteroideae,NA
Schkuhria pinnata wislizeni,Asteraceae,Asteroideae,wislizeni
Schkuhria pinnata wislizeni,Asteraceae,Asteroideae,wislizeni
Dyssodia tagetiflora,Asteraceae,Asteroideae,NA
Vernonanthura serratuloides,Asteraceae,Vernonioideae,NA
Schkuhria pinnata wislizeni,Asteraceae,Asteroideae,wislizeni
Calea urticifolia urticifolia,Asteraceae,Asteroideae,urticifolia
Psacalium pringlei,Asteraceae,Asteroideae,NA
Lepidaploa canescens,Asteraceae,Vernonioideae,NA
Psacalium sinuatum,Asteraceae,Asteroideae,NA
Roldana sessilifolia,Asteraceae,Asteroideae,NA
Dyssodia papposa,Asteraceae,Asteroideae,NA
Critoniopsis foliosa,Asteraceae,Vernonioideae,NA
Helenium mexicanum,Asteraceae,Asteroideae,NA
Melampodium microcephalum,Asteraceae,Asteroideae,NA
Melampodium microcephalum,Asteraceae,Asteroideae,NA
Vernonanthura liatroides,Asteraceae,Vernonioideae,NA
Aldama dentata,Asteraceae,Asteroideae,NA
Hymenopappus mexicanus,Asteraceae,Asteroideae,NA
Pseudelephantopus spicatus,Asteraceae,Vernonioideae,NA
Elephantopus mollis,Asteraceae,Vernonioideae,NA
Jaliscoa paleacea,Asteraceae,Asteroideae,NA
Critoniopsis autumnalis,Asteraceae,Vernonioideae,NA
Adenophyllum squamosum,Asteraceae,Asteroideae,NA
Critoniopsis autumnalis,Asteraceae,Vernonioideae,NA
Critoniopsis autumnalis,Asteraceae,Vernonioideae,NA
Thymophylla pentachaeta pentachaeta,Asteraceae,Asteroideae,pentachaeta
Vernonanthura patens,Asteraceae,Vernonioideae,NA
Lepidaploa polypleura,Asteraceae,Vernonioideae,NA
Psacaliopsis paneroi juxtlahuacensis,Asteraceae,Asteroideae,juxtlahuacensis
Thymophylla setifolia,Asteraceae,Asteroideae,NA
Senecio carnerensis,Asteraceae,Asteroideae,NA
Senecio madrensis,Asteraceae,Asteroideae,NA
Chrysactinia mexicana,Asteraceae,Asteroideae,NA
Thymophylla setifolia,Asteraceae,Asteroideae,NA
Adenophyllum aurantium,Asteraceae,Asteroideae,NA
Melampodium montanum viridulum,Asteraceae,Asteroideae,viridulum
Iostephane heterophylla,Asteraceae,Asteroideae,NA
Thymophylla setifolia,Asteraceae,Asteroideae,NA
Chrysactinia mexicana,Asteraceae,Asteroideae,NA
Dyssodia papposa,Asteraceae,Asteroideae,NA
Zaluzania triloba,Asteraceae,Asteroideae,NA
Leucactinia bracteata,Asteraceae,Asteroideae,NA
Chrysactinia mexicana,Asteraceae,Asteroideae,NA
Porophyllum coloratum coloratum,Asteraceae,Asteroideae,coloratum
Thymophylla pentachaeta hartwegii,Asteraceae,Asteroideae,hartwegii
Artemisia ludoviciana,Asteraceae,Asteroideae,NA
Thymophylla acerosa,Asteraceae,Asteroideae,NA
Leucactinia bracteata,Asteraceae,Asteroideae,NA
Elephantopus mollis,Asteraceae,Vernonioideae,NA
Acourtia michoacana,Asteraceae,Mutisioideae,NA
Packera sanguisorbae,Asteraceae,Asteroideae,NA
Roldana lineolata,Asteraceae,Asteroideae,NA
Adenophyllum porophyllum,Asteraceae,Asteroideae,NA
Acourtia fruticosa,Asteraceae,Mutisioideae,NA
Vernonanthura serratuloides,Asteraceae,Vernonioideae,NA
Tagetes pringlei,Asteraceae,Asteroideae,NA
Montanoa leucantha leucantha,Asteraceae,Asteroideae,leucantha
Acourtia humboldtii,Asteraceae,Mutisioideae,NA
Trigonospermum annuum,Asteraceae,Asteroideae,NA
Trixis nelsonii,Asteraceae,Mutisioideae,NA
Pseudelephantopus spicatus,Asteraceae,Vernonioideae,NA
Flaveria trinervia,Asteraceae,Asteroideae,NA
Tagetes persicifolia,Asteraceae,Asteroideae,NA
Trixis michuacana longifolia,Asteraceae,Mutisioideae,longifolia
Acourtia wislizeni megacephala,Asteraceae,Mutisioideae,megacephala
Dyssodia papposa,Asteraceae,Asteroideae,NA
Oxypappus scaber,Asteraceae,Asteroideae,NA
Oxypappus scaber,Asteraceae,Asteroideae,NA
Thymophylla pentachaeta pentachaeta,Asteraceae,Asteroideae,pentachaeta
Thymophylla micropoides,Asteraceae,Asteroideae,NA
Desmanthodium perfoliatum,Asteraceae,Asteroideae,NA
Vernonanthura serratuloides,Asteraceae,Vernonioideae,NA
Porophyllum coloratum obtusifolium,Asteraceae,Asteroideae,obtusifolium
Schkuhria pinnata wislizeni,Asteraceae,Asteroideae,wislizeni
Acourtia fruticosa,Asteraceae,Mutisioideae,NA
Roldana lobata,Asteraceae,Asteroideae,NA
Acourtia runcinata,Asteraceae,Mutisioideae,NA
Hymenoxys integrifolia,Asteraceae,Asteroideae,NA
Porophyllum punctatum,Asteraceae,Asteroideae,NA
Dyssodia tagetiflora,Asteraceae,Asteroideae,NA
Schkuhria pinnata wislizeni,Asteraceae,Asteroideae,wislizeni
Dyssodia tagetiflora,Asteraceae,Asteroideae,NA
Piptocarpha poeppigiana,Asteraceae,Vernonioideae,NA
Sinclairia glabra hypoleuca,Asteraceae,Vernonioideae,hypoleuca
Verbesina sphaerocephala sphaerocephala,Asteraceae,Asteroideae,sphaerocephala
Schkuhria pinnata wislizeni,Asteraceae,Asteroideae,wislizeni
Psilostrophe gnaphalodes gnaphalodes,Asteraceae,Asteroideae,gnaphalodes
Dyssodia anthemidifolia,Asteraceae,Asteroideae,NA
Packera bellidifolia,Asteraceae,Asteroideae,NA
Acourtia purpusii,Asteraceae,Mutisioideae,NA
Struchium sparganophorum,Asteraceae,Vernonioideae,NA
Acourtia runcinata,Asteraceae,Mutisioideae,NA
Melampodium strigosum,Asteraceae,Asteroideae,NA
Florestina pedata,Asteraceae,Asteroideae,NA
Sinclairia glabra hypoleuca,Asteraceae,Vernonioideae,hypoleuca
Flaveria trinervia,Asteraceae,Asteroideae,NA
Thymophylla tenuifolia,Asteraceae,Asteroideae,NA
Thymophylla aurantiaca,Asteraceae,Asteroideae,NA
Dyssodia tagetiflora,Asteraceae,Asteroideae,NA
Pluchea symphytifolia,Asteraceae,Asteroideae,NA
Iostephane trilobata,Asteraceae,Asteroideae,NA
Schkuhria pinnata wislizeni,Asteraceae,Asteroideae,wislizeni
Pseudelephantopus spicatus,Asteraceae,Vernonioideae,NA
Acourtia glomeriflora,Asteraceae,Mutisioideae,NA
Lepidaploa salzmannii,Asteraceae,Vernonioideae,NA
Pseudelephantopus spicatus,Asteraceae,Vernonioideae,NA
Trixis michuacana longifolia,Asteraceae,Mutisioideae,longifolia
Critoniopsis foliosa,Asteraceae,Vernonioideae,NA
Acourtia wislizeni megacephala,Asteraceae,Mutisioideae,megacephala
Dyssodia tagetiflora,Asteraceae,Asteroideae,NA
Dyssodia anthemidifolia,Asteraceae,Asteroideae,NA
Cosmos bipinnatus,Asteraceae,Asteroideae,NA
Acourtia humboldtii,Asteraceae,Mutisioideae,NA
Acourtia moschata,Asteraceae,Mutisioideae,NA
Pittocaulon praecox,Asteraceae,Asteroideae,NA
Acourtia runcinata,Asteraceae,Mutisioideae,NA
Flaveria trinervia,Asteraceae,Asteroideae,NA
Schkuhria pinnata wislizeni,Asteraceae,Asteroideae,wislizeni
Galeana pratensis,Asteraceae,Asteroideae,NA
Flaveria trinervia,Asteraceae,Asteroideae,NA
Trixis michuacana longifolia,Asteraceae,Mutisioideae,longifolia
Trixis haenkei,Asteraceae,Mutisioideae,NA
Dyssodia tagetiflora,Asteraceae,Asteroideae,NA
Psacalium palmeri,Asteraceae,Asteroideae,NA
Dyssodia tagetiflora,Asteraceae,Asteroideae,NA
Dyssodia tagetiflora,Asteraceae,Asteroideae,NA
Schkuhria pinnata wislizeni,Asteraceae,Asteroideae,wislizeni
Flaveria anomala,Asteraceae,Asteroideae,NA
Dyssodia papposa,Asteraceae,Asteroideae,NA
Adenophyllum aurantium,Asteraceae,Asteroideae,NA
Dyssodia tagetiflora,Asteraceae,Asteroideae,NA
Flaveria trinervia,Asteraceae,Asteroideae,NA
Dyssodia tagetiflora,Asteraceae,Asteroideae,NA
Acourtia wislizeni megacephala,Asteraceae,Mutisioideae,megacephala
Oxypappus scaber,Asteraceae,Asteroideae,NA
Oxypappus scaber,Asteraceae,Asteroideae,NA
Thymophylla pentachaeta pentachaeta,Asteraceae,Asteroideae,pentachaeta
Critoniopsis uniflora,Asteraceae,Vernonioideae,NA
Perityle microglossa microglossa,Asteraceae,Asteroideae,microglossa
Acourtia scapiformis,Asteraceae,Mutisioideae,NA
Chrysactinia mexicana,Asteraceae,Asteroideae,NA
Dyssodia pinnata glabrescens,Asteraceae,Asteroideae,glabrescens
Lasthenia californica,Asteraceae,Asteroideae,NA
Telanthophora cobanensis cobanensis,Asteraceae,Asteroideae,cobanensis
Telanthophora grandifolia grandifolia,Asteraceae,Asteroideae,grandifolia
Dyssodia decipiens,Asteraceae,Asteroideae,NA
Schkuhria pinnata wislizeni,Asteraceae,Asteroideae,wislizeni
Barkleyanthus salicifolius,Asteraceae,Asteroideae,NA
Dyssodia tagetiflora,Asteraceae,Asteroideae,NA
Adenophyllum cancellatum,Asteraceae,Asteroideae,NA
Dyssodia pinnata pinnata,Asteraceae,Asteroideae,pinnata
Acourtia moctezumae,Asteraceae,Mutisioideae,NA
Arnicastrum glandulosum vestitum,Asteraceae,Asteroideae,vestitum
Pluchea symphytifolia,Asteraceae,Asteroideae,NA
Trixis californica californica,Asteraceae,Mutisioideae,californica
Pluchea symphytifolia,Asteraceae,Asteroideae,NA
Dyssodia decipiens,Asteraceae,Asteroideae,NA
Microspermum nummulariifolium,Asteraceae,Asteroideae,NA
Pluchea symphytifolia,Asteraceae,Asteroideae,NA
Dyssodia tagetiflora,Asteraceae,Asteroideae,NA
Schkuhria pinnata wislizeni,Asteraceae,Asteroideae,wislizeni
Onoseris onoseroides,Asteraceae,Mutisioideae,NA
Achillea millefolium,Asteraceae,Asteroideae,NA
Senecio stoechadiformis,Asteraceae,Asteroideae,NA
Acourtia turbinata,Asteraceae,Mutisioideae,NA
Senecio stoechadiformis,Asteraceae,Asteroideae,NA
Galeana pratensis,Asteraceae,Asteroideae,NA
Adenophyllum cancellatum,Asteraceae,Asteroideae,NA
Pseudogynoxys chenopodioides chenopodioides,Asteraceae,Asteroideae,chenopodioides
Thymophylla aurantiaca,Asteraceae,Asteroideae,NA
Critoniopsis littoralis,Asteraceae,Vernonioideae,NA
Perityle socorrosensis,Asteraceae,Asteroideae,NA
Critoniopsis littoralis,Asteraceae,Vernonioideae,NA
Dyssodia pinnata pinnata,Asteraceae,Asteroideae,pinnata
Schkuhria pinnata wislizeni,Asteraceae,Asteroideae,wislizeni
Flaveria pubescens,Asteraceae,Asteroideae,NA
Baccharis salicifolia,Asteraceae,Asteroideae,NA
Pseudelephantopus spicatus,Asteraceae,Vernonioideae,NA
Vernonanthura serratuloides,Asteraceae,Vernonioideae,NA
Heterosperma pinnatum,Asteraceae,Asteroideae,NA
Tagetes erecta,Asteraceae,Asteroideae,NA
Acourtia simulata,Asteraceae,Mutisioideae,NA
Dyssodia tagetiflora,Asteraceae,Asteroideae,NA
Psacalium sinuatum,Asteraceae,Asteroideae,NA
Erigeron flagellaris,Asteraceae,Asteroideae,NA
Vernonanthura cordata,Asteraceae,Vernonioideae,NA
Vernonanthura cordata,Asteraceae,Vernonioideae,NA
Acourtia reticulata maculata,Asteraceae,Mutisioideae,maculata
Vernonia serratuloides,Asteraceae,Vernonioideae,NA
Dyssodia decipiens,Asteraceae,Asteroideae,NA
Gymnolaena oaxacana,Asteraceae,Asteroideae,NA
Critoniopsis foliosa,Asteraceae,Vernonioideae,NA
Senecio callosus,Asteraceae,Asteroideae,NA
Perityle microglossa microglossa,Asteraceae,Asteroideae,microglossa
Florestina pedata,Asteraceae,Asteroideae,NA
Acourtia glomeriflora,Asteraceae,Mutisioideae,NA
Thymophylla pentachaeta pentachaeta,Asteraceae,Asteroideae,pentachaeta
Thymophylla micropoides,Asteraceae,Asteroideae,NA
Chrysactinia mexicana,Asteraceae,Asteroideae,NA
Thymophylla setifolia,Asteraceae,Asteroideae,NA
Roldana lobata,Asteraceae,Asteroideae,NA
Senecio mulgediifolius,Asteraceae,Asteroideae,NA
Dyssodia pinnata pinnata,Asteraceae,Asteroideae,pinnata
Dyssodia papposa,Asteraceae,Asteroideae,NA
Pseudelephantopus spicatus,Asteraceae,Vernonioideae,NA
Gaillardia comosa,Asteraceae,Asteroideae,NA
Zaluzania triloba,Asteraceae,Asteroideae,NA
Leuciva dealbata,Asteraceae,Asteroideae,NA
Thymophylla pentachaeta pentachaeta,Asteraceae,Asteroideae,pentachaeta
Calanticaria greggii,Asteraceae,Asteroideae,NA
Achillea millefolium,Asteraceae,Asteroideae,NA
Calanticaria greggii,Asteraceae,Asteroideae,NA
Plateilema palmeri,Asteraceae,Asteroideae,NA
Plateilema palmeri,Asteraceae,Asteroideae,NA
Dyssodia papposa,Asteraceae,Asteroideae,NA
Zinnia peruviana,Asteraceae,Asteroideae,NA
Artemisia ludoviciana,Asteraceae,Asteroideae,NA
Tagetes lucida,Asteraceae,Asteroideae,NA
Heterosperma pinnatum,Asteraceae,Asteroideae,NA
Schkuhria pinnata wislizeni,Asteraceae,Asteroideae,wislizeni
Viguiera linearis,Asteraceae,Asteroideae,NA
Melampodium sericeum,Asteraceae,Asteroideae,NA
Blumea viscosa,Asteraceae,Asteroideae,NA
Smallanthus maculatus,Asteraceae,Asteroideae,NA
Blumea viscosa,Asteraceae,Asteroideae,NA
Pseudelephantopus spicatus,Asteraceae,Vernonioideae,NA
Erechtites hieracifolia cacalioides,Asteraceae,NA,cacalioides
Florestina pedata,Asteraceae,Asteroideae,NA
Adenophyllum squamosum,Asteraceae,Asteroideae,NA
Acourtia runcinata,Asteraceae,Mutisioideae,NA
Artemisia ludoviciana,Asteraceae,Asteroideae,NA
Dyssodia papposa,Asteraceae,Asteroideae,NA
Sclerocarpus uniserialis,Asteraceae,Asteroideae,NA
Gochnatia hypoleuca hypoleuca,Asteraceae,Gochnatioideae,hypoleuca
Perityle emoryi,Asteraceae,Asteroideae,NA
Pluchea symphytifolia,Asteraceae,Asteroideae,NA
Stevia serrata arguta,Asteraceae,Asteroideae,arguta
Hymenothrix palmeri,Asteraceae,Asteroideae,NA
Pluchea salicifolia,Asteraceae,Asteroideae,NA
Piptocarpha poeppigiana,Asteraceae,Vernonioideae,NA
Trixis angustifolia,Asteraceae,Mutisioideae,NA
Hymenoxys integrifolia,Asteraceae,Asteroideae,NA
Trixis michuacana longifolia,Asteraceae,Mutisioideae,longifolia
Vernonanthura cordata,Asteraceae,Vernonioideae,NA
Flaveria ramosissima,Asteraceae,Asteroideae,NA
Chrysactinia mexicana,Asteraceae,Asteroideae,NA
Roldana chapalensis,Asteraceae,Asteroideae,NA
Rosilla lutea,Asteraceae,Asteroideae,NA
Oxypappus scaber,Asteraceae,Asteroideae,NA
Flaveria oppositifolia,Asteraceae,Asteroideae,NA
Dyssodia tagetiflora,Asteraceae,Asteroideae,NA
Schkuhria pinnata wislizeni,Asteraceae,Asteroideae,wislizeni
Adenophyllum porophyllum,Asteraceae,Asteroideae,NA
Lagascea decipiens decipiens,Asteraceae,Asteroideae,decipiens
Acourtia fruticosa,Asteraceae,Mutisioideae,NA
Galeana pratensis,Asteraceae,Asteroideae,NA
Dyssodia tagetiflora,Asteraceae,Asteroideae,NA
Tagetes lacera,Asteraceae,Asteroideae,NA
Acourtia pinetorum,Asteraceae,Mutisioideae,NA
Dyssodia papposa,Asteraceae,Asteroideae,NA
Acourtia fruticosa,Asteraceae,Mutisioideae,NA
Dyssodia tagetiflora,Asteraceae,Asteroideae,NA
Galeana pratensis,Asteraceae,Asteroideae,NA
Pectis cylindrica,Asteraceae,Asteroideae,NA
Acourtia moschata,Asteraceae,Mutisioideae,NA
Acourtia fruticosa,Asteraceae,Mutisioideae,NA
Schkuhria pinnata wislizeni,Asteraceae,Asteroideae,wislizeni
Hymenopappus scabiosaeus corymbosus,Asteraceae,Asteroideae,corymbosus
Pluchea symphytifolia,Asteraceae,Asteroideae,NA
Oxypappus scaber,Asteraceae,Asteroideae,NA
Dyssodia papposa,Asteraceae,Asteroideae,NA
Trixis pterocaulis,Asteraceae,Mutisioideae,NA
Vernonanthura patens,Asteraceae,Vernonioideae,NA
Pectis prostrata,Asteraceae,Asteroideae,NA
Flaveria trinervia,Asteraceae,Asteroideae,NA
Porophyllum macrocephalum,Asteraceae,Asteroideae,NA
Pseudelephantopus spicatus,Asteraceae,Vernonioideae,NA
Pluchea salicifolia,Asteraceae,Asteroideae,NA
Oxypappus scaber,Asteraceae,Asteroideae,NA
Flaveria trinervia,Asteraceae,Asteroideae,NA
Dyssodia acerosa,Asteraceae,Asteroideae,NA
Thymophylla setifolia,Asteraceae,Asteroideae,NA
Blumea viscosa,Asteraceae,Asteroideae,NA
Erechtites hieracifolia cacalioides,Asteraceae,NA,cacalioides
Chaptalia nutans nutans,Asteraceae,Mutisioideae,nutans
Achillea millefolium,Asteraceae,Asteroideae,NA
Sanvitalia procumbens,Asteraceae,Asteroideae,NA
Dyssodia pinnata pinnata,Asteraceae,Asteroideae,pinnata
Perityle californica,Asteraceae,Asteroideae,NA
Achyropappus anthemoides,Asteraceae,Asteroideae,NA
Dyssodia pinnata pinnata,Asteraceae,Asteroideae,pinnata
Florestina pedata,Asteraceae,Asteroideae,NA
Lagascea decipiens decipiens,Asteraceae,Asteroideae,decipiens
Loxothysanus sinuatus,Asteraceae,Asteroideae,NA
Pluchea salicifolia,Asteraceae,Asteroideae,NA
Iostephane heterophylla,Asteraceae,Asteroideae,NA
Oxypappus scaber,Asteraceae,Asteroideae,NA
Barkleyanthus salicifolius,Asteraceae,Asteroideae,NA
Barkleyanthus salicifolius,Asteraceae,Asteroideae,NA
Helenium quadridentatum,Asteraceae,Asteroideae,NA
Chrysactinia mexicana,Asteraceae,Asteroideae,NA
Boeberastrum littoralis,Asteraceae,Asteroideae,NA
Psacalium pringlei,Asteraceae,Asteroideae,NA
Acourtia wislizeni megacephala,Asteraceae,Mutisioideae,megacephala
Trixis michuacana longifolia,Asteraceae,Mutisioideae,longifolia
Roldana heracleifolia,Asteraceae,Asteroideae,NA
Barkleyanthus salicifolius,Asteraceae,Asteroideae,NA
Barkleyanthus salicifolius,Asteraceae,Asteroideae,NA
Acourtia turbinata,Asteraceae,Mutisioideae,NA
Flaveria trinervia,Asteraceae,Asteroideae,NA
Porophyllum lindenii,Asteraceae,Asteroideae,NA
Porophyllum lindenii,Asteraceae,Asteroideae,NA
Acourtia turbinata,Asteraceae,Mutisioideae,NA
Roldana hederifolia,Asteraceae,Asteroideae,NA
Acourtia cuernavacana,Asteraceae,Mutisioideae,NA
Barkleyanthus salicifolius,Asteraceae,Asteroideae,NA
Acourtia humboldtii,Asteraceae,Mutisioideae,NA
Dyssodia pinnata pinnata,Asteraceae,Asteroideae,pinnata
Roldana grimesii,Asteraceae,Asteroideae,NA
Schkuhria pinnata virgata,Asteraceae,Asteroideae,virgata
Oxypappus scaber,Asteraceae,Asteroideae,NA
Flaveria anomala,Asteraceae,Asteroideae,NA
Dicranocarpus parviflorus,Asteraceae,Asteroideae,NA
Acourtia moschata,Asteraceae,Mutisioideae,NA
Pluchea symphytifolia,Asteraceae,Asteroideae,NA
Chrysactinia mexicana,Asteraceae,Asteroideae,NA
Oxypappus scaber,Asteraceae,Asteroideae,NA
Bahia absinthifolia absinthifolia,Asteraceae,Asteroideae,absinthifolia
Acourtia veracruzana,Asteraceae,Mutisioideae,NA
Pluchea symphytifolia,Asteraceae,Asteroideae,NA
Tagetes oaxacana,Asteraceae,Asteroideae,NA
Chrysactinia mexicana,Asteraceae,Asteroideae,NA
Acourtia wrightii,Asteraceae,Mutisioideae,NA
Varilla mexicana mexicana,Asteraceae,Asteroideae,mexicana
Pluchea symphytifolia,Asteraceae,Asteroideae,NA
Dyssodia tagetiflora,Asteraceae,Asteroideae,NA
Acourtia reticulata maculata,Asteraceae,Mutisioideae,maculata
Roldana pinetorum,Asteraceae,Asteroideae,NA
Acourtia lobulata,Asteraceae,Mutisioideae,NA
Desmanthodium perfoliatum,Asteraceae,Asteroideae,NA
Dyssodia tagetiflora,Asteraceae,Asteroideae,NA
Vernonanthura serratuloides,Asteraceae,Vernonioideae,NA
Flaveria trinervia,Asteraceae,Asteroideae,NA
Thymophylla pentachaeta pentachaeta,Asteraceae,Asteroideae,pentachaeta
Lepidaploa koelzii,Asteraceae,Vernonioideae,NA
Pittocaulon filare,Asteraceae,Asteroideae,NA
Flaveria robusta,Asteraceae,Asteroideae,NA
Adenophyllum aurantium,Asteraceae,Asteroideae,NA
Flaveria robusta,Asteraceae,Asteroideae,NA
Schkuhria pinnata wislizeni,Asteraceae,Asteroideae,wislizeni
Schkuhria pinnata wislizeni,Asteraceae,Asteroideae,wislizeni
Bahia absinthifolia absinthifolia,Asteraceae,Asteroideae,absinthifolia
Acourtia turbinata,Asteraceae,Mutisioideae,NA
Oxypappus scaber,Asteraceae,Asteroideae,NA
Helenium elegans amphibolum,Asteraceae,Asteroideae,amphibolum
Perityle californica,Asteraceae,Asteroideae,NA
Gaillardia pinnatifida,Asteraceae,Asteroideae,NA
Packera sanguisorbae,Asteraceae,Asteroideae,NA
Roldana lineolata,Asteraceae,Asteroideae,NA
Senecio cinerarioides,Asteraceae,Asteroideae,NA
Senecio cinerarioides,Asteraceae,Asteroideae,NA
Senecio callosus,Asteraceae,Asteroideae,NA
Achillea millefolium,Asteraceae,Asteroideae,NA
Roldana reticulata,Asteraceae,Asteroideae,NA
Senecio argutus,Asteraceae,Asteroideae,NA
Dyssodia tagetiflora,Asteraceae,Asteroideae,NA
Acourtia reticulata maculata,Asteraceae,Mutisioideae,maculata
Plateilema palmeri,Asteraceae,Asteroideae,NA
Dyssodia decipiens,Asteraceae,Asteroideae,NA
Gochnatia magna,Asteraceae,Gochnatioideae,NA
Barkleyanthus salicifolius,Asteraceae,Asteroideae,NA
Perityle microglossa saxosa,Asteraceae,Asteroideae,saxosa
Galeana pratensis,Asteraceae,Asteroideae,NA
Trixis inula,Asteraceae,Mutisioideae,NA
Flaveria trinervia,Asteraceae,Asteroideae,NA
Vernonanthura patens,Asteraceae,Vernonioideae,NA
Loxothysanus sinuatus,Asteraceae,Asteroideae,NA
Barkleyanthus salicifolius,Asteraceae,Asteroideae,NA
Boeberastrum anthemidifolium,Asteraceae,Asteroideae,NA
Chrysactinia mexicana,Asteraceae,Asteroideae,NA
Sinclairia andrieuxii,Asteraceae,Vernonioideae,NA
Chrysactinia mexicana,Asteraceae,Asteroideae,NA
Iostephane madrensis,Asteraceae,Asteroideae,NA
Cosmos palmeri palmeri,Asteraceae,NA,palmeri
Florestina liebmannii,Asteraceae,Asteroideae,NA
Trixis inula,Asteraceae,Mutisioideae,NA
Acourtia reticulata reticulata,Asteraceae,Mutisioideae,reticulata
Thymophylla pentachaeta pentachaeta,Asteraceae,Asteroideae,pentachaeta
Barkleyanthus salicifolius,Asteraceae,Asteroideae,NA
Acourtia nana,Asteraceae,Mutisioideae,NA
Lasthenia californica,Asteraceae,Asteroideae,NA
Erechtites hieracifolia cacalioides,Asteraceae,NA,cacalioides
Calea urticifolia urticifolia,Asteraceae,Asteroideae,urticifolia
Roldana sartorii,Asteraceae,Asteroideae,NA
Roldana schaffneri,Asteraceae,Asteroideae,NA
Roldana sartorii,Asteraceae,Asteroideae,NA
Roldana aschenborniana,Asteraceae,Asteroideae,NA
Leiboldia serrata,Asteraceae,Vernonioideae,NA
Roldana schaffneri,Asteraceae,Asteroideae,NA
Roldana petasioides,Asteraceae,Asteroideae,NA
Tagetes filifolia,Asteraceae,Asteroideae,NA
Calea urticifolia urticifolia,Asteraceae,Asteroideae,urticifolia
Loxothysanus sinuatus,Asteraceae,Asteroideae,NA
Roldana aschenborniana,Asteraceae,Asteroideae,NA
Roldana sartorii,Asteraceae,Asteroideae,NA
Loxothysanus sinuatus,Asteraceae,Asteroideae,NA
Acourtia veracruzana,Asteraceae,Mutisioideae,NA
Flaveria trinervia,Asteraceae,Asteroideae,NA
Elephantopus mollis,Asteraceae,Vernonioideae,NA
Porophyllum lindenii,Asteraceae,Asteroideae,NA
Dyssodia tagetiflora,Asteraceae,Asteroideae,NA
Lagascea helianthifolia,Asteraceae,Asteroideae,NA
Critoniopsis foliosa,Asteraceae,Vernonioideae,NA
Critoniopsis tomentosa,Asteraceae,Vernonioideae,NA
Trixis michuacana longifolia,Asteraceae,Mutisioideae,longifolia
Flaveria robusta,Asteraceae,Asteroideae,NA
Bidens anthriscoides decomposita,Asteraceae,Asteroideae,decomposita
Lasianthaea macrocephala,Asteraceae,Asteroideae,NA
Verbesina serrata,Asteraceae,Asteroideae,NA
Stevia villaregalis,Asteraceae,Asteroideae,NA
Psacalium megaphyllum,Asteraceae,Asteroideae,NA
Acourtia fruticosa,Asteraceae,Mutisioideae,NA
Trixis hyposericea,Asteraceae,Mutisioideae,NA
Pectis exilis,Asteraceae,Asteroideae,NA
Tagetes tenuifolia,Asteraceae,Asteroideae,NA
Senecio guadalajarensis,Asteraceae,Asteroideae,NA
Pectis exilis,Asteraceae,Asteroideae,NA
Sinclairia glabra hypoleuca,Asteraceae,Vernonioideae,hypoleuca
Vernonia bealliae,Asteraceae,Vernonioideae,NA
Pluchea symphytifolia,Asteraceae,Asteroideae,NA
Varilla texana,Asteraceae,Asteroideae,NA
Flaveria trinervia,Asteraceae,Asteroideae,NA
Acourtia turbinata,Asteraceae,Mutisioideae,NA
Roldana lineolata,Asteraceae,Asteroideae,NA
Acourtia lozanoi,Asteraceae,Mutisioideae,NA
Piqueria trinervia,Asteraceae,Asteroideae,NA
Dyssodia tagetiflora,Asteraceae,Asteroideae,NA
Porophyllum linaria,Asteraceae,Asteroideae,NA
Schkuhria pinnata wislizeni,Asteraceae,Asteroideae,wislizeni
Dyssodia papposa,Asteraceae,Asteroideae,NA
Acourtia fruticosa,Asteraceae,Mutisioideae,NA
Vernonia alamanii,Asteraceae,Vernonioideae,NA
Roldana hederifolia,Asteraceae,Asteroideae,NA
Acourtia simulata,Asteraceae,Mutisioideae,NA
Roldana albonervia,Asteraceae,Asteroideae,NA
Acourtia turbinata,Asteraceae,Mutisioideae,NA
Critoniopsis tomentosa,Asteraceae,Vernonioideae,NA
Pluchea symphytifolia,Asteraceae,Asteroideae,NA
Acourtia wislizeni megacephala,Asteraceae,Mutisioideae,megacephala
Psacalium tabulare,Asteraceae,Asteroideae,NA
Psacalium tabulare,Asteraceae,Asteroideae,NA
Senecio doratophyllus,Asteraceae,Asteroideae,NA
Senecio doratophyllus,Asteraceae,Asteroideae,NA
Nelsonianthus epiphyticus,Asteraceae,Asteroideae,NA
Roldana jurgensenii,Asteraceae,Asteroideae,NA
Critoniopsis shannonii,Asteraceae,Vernonioideae,NA
Senecio doratophyllus,Asteraceae,Asteroideae,NA
Vernonanthura oaxacana,Asteraceae,Vernonioideae,NA
Thymophylla setifolia,Asteraceae,Asteroideae,NA
Thymophylla pentachaeta pentachaeta,Asteraceae,Asteroideae,pentachaeta
Sinclairia cervina,Asteraceae,Vernonioideae,NA
Acourtia simulata,Asteraceae,Mutisioideae,NA
Dyssodia papposa,Asteraceae,Asteroideae,NA
Oxypappus scaber,Asteraceae,Asteroideae,NA
Schkuhria pinnata wislizeni,Asteraceae,Asteroideae,wislizeni
Vernonia alamanii,Asteraceae,Vernonioideae,NA
Adenophyllum porophyllum cancellatum,Asteraceae,Asteroideae,cancellatum
Vernonanthura serratuloides,Asteraceae,Vernonioideae,NA
Flaveria trinervia,Asteraceae,Asteroideae,NA
Adenophyllum cancellatum,Asteraceae,Asteroideae,NA
Psacalium platylepis,Asteraceae,Asteroideae,NA
Roldana sessilifolia,Asteraceae,Asteroideae,NA
Thymophylla setifolia,Asteraceae,Asteroideae,NA
Verbesina coulteri,Asteraceae,Asteroideae,NA
Ageratina espinosarum,Asteraceae,Asteroideae,NA
Ageratina calophylla,Asteraceae,Asteroideae,NA
Schkuhria pinnata virgata,Asteraceae,Asteroideae,virgata
Roldana lobata,Asteraceae,Asteroideae,NA
Critoniopsis uniflora,Asteraceae,Vernonioideae,NA
Schkuhria pinnata wislizeni,Asteraceae,Asteroideae,wislizeni
Pluchea salicifolia,Asteraceae,Asteroideae,NA
Flaveria robusta,Asteraceae,Asteroideae,NA
Flaveria robusta,Asteraceae,Asteroideae,NA
Pseudelephantopus spicatus,Asteraceae,Vernonioideae,NA
Perityle microglossa saxosa,Asteraceae,Asteroideae,saxosa
Porophyllum macrocephalum,Asteraceae,Asteroideae,NA
Dyssodia pinnata pinnata,Asteraceae,Asteroideae,pinnata
Acourtia platyphylla,Asteraceae,Mutisioideae,NA
Roldana sessilifolia,Asteraceae,Asteroideae,NA
Acourtia wislizeni megacephala,Asteraceae,Mutisioideae,megacephala
Acourtia wislizeni megacephala,Asteraceae,Mutisioideae,megacephala
Chromolaena odorata,Asteraceae,Asteroideae,NA
Oxypappus scaber,Asteraceae,Asteroideae,NA
Ageratina areolaris,Asteraceae,Asteroideae,NA
Trixis michuacana longifolia,Asteraceae,Mutisioideae,longifolia
Psacalium platylepis,Asteraceae,Asteroideae,NA
Thymophylla acerosa,Asteraceae,Asteroideae,NA
Trixis californica californica,Asteraceae,Mutisioideae,californica
Acourtia nudicaulis,Asteraceae,Mutisioideae,NA
Psacalium amplum,Asteraceae,Asteroideae,NA
Schkuhria pinnata wislizeni,Asteraceae,Asteroideae,wislizeni
Thymophylla setifolia,Asteraceae,Asteroideae,NA
Dyssodia tagetiflora,Asteraceae,Asteroideae,NA
Schkuhria pinnata wislizeni,Asteraceae,Asteroideae,wislizeni
Packera coahuilensis,Asteraceae,Asteroideae,NA
Senecio toluccanus,Asteraceae,Asteroideae,NA
Acourtia hintoniorum,Asteraceae,Mutisioideae,NA
Vernonia greggii,Asteraceae,Vernonioideae,NA
Psacalium peltatum adenophorum,Asteraceae,Asteroideae,adenophorum
Sinclairia glabra hypoleuca,Asteraceae,Vernonioideae,hypoleuca
Oxypappus scaber,Asteraceae,Asteroideae,NA
Galeana pratensis,Asteraceae,Asteroideae,NA
Pectis prostrata,Asteraceae,Asteroideae,NA
Fleischmannia pycnocephala,Asteraceae,Asteroideae,NA
Iostephane heterophylla,Asteraceae,Asteroideae,NA
Acourtia purpusii,Asteraceae,Mutisioideae,NA
Vernonia bealliae,Asteraceae,Vernonioideae,NA
Acourtia michoacana,Asteraceae,Mutisioideae,NA
Dyssodia pinnata glabrescens,Asteraceae,Asteroideae,glabrescens
Hymenothrix palmeri palmeri,Asteraceae,NA,palmeri
Cosmos pringlei,Asteraceae,Asteroideae,NA
Cosmos bipinnatus,Asteraceae,Asteroideae,NA
Flaveria trinervia,Asteraceae,Asteroideae,NA
Thymophylla pentachaeta pentachaeta,Asteraceae,Asteroideae,pentachaeta
Acourtia reticulata maculata,Asteraceae,Mutisioideae,maculata
Roldana heracleifolia,Asteraceae,Asteroideae,NA
Acourtia fruticosa,Asteraceae,Mutisioideae,NA
Dyssodia pinnata glabrescens,Asteraceae,Asteroideae,glabrescens
Dyssodia pinnata glabrescens,Asteraceae,Asteroideae,glabrescens
Perityle cuneata marginata,Asteraceae,Asteroideae,marginata
Acourtia huajuapana huajuapana,Asteraceae,Mutisioideae,huajuapana
Senecio coahuilensis,Asteraceae,Asteroideae,NA
Verbesina coahuilensis,Asteraceae,Asteroideae,NA
Hymenoxys insignis,Asteraceae,Asteroideae,NA
Zaluzania augusta rzedowskii,Asteraceae,Asteroideae,rzedowskii
Psacalium amplum,Asteraceae,Asteroideae,NA
Schkuhria pinnata wislizeni,Asteraceae,Asteroideae,wislizeni
Critoniopsis triflosculosa,Asteraceae,Vernonioideae,NA
Dyssodia tagetiflora,Asteraceae,Asteroideae,NA
Acourtia wislizeni megacephala,Asteraceae,Mutisioideae,megacephala
Pluchea symphytifolia,Asteraceae,Asteroideae,NA
Thymophylla pentachaeta hartwegii,Asteraceae,Asteroideae,hartwegii
Porophyllum linaria,Asteraceae,Asteroideae,NA
Thymophylla aurantiaca,Asteraceae,Asteroideae,NA
Thymophylla tenuifolia,Asteraceae,Asteroideae,NA
Flaveria trinervia,Asteraceae,Asteroideae,NA
Iostephane heterophylla,Asteraceae,Asteroideae,NA
Trixis hyposericea,Asteraceae,Mutisioideae,NA
Critoniopsis triflosculosa,Asteraceae,Vernonioideae,NA
Pluchea salicifolia,Asteraceae,Asteroideae,NA
Acourtia nana,Asteraceae,Mutisioideae,NA
Acourtia humboldtii,Asteraceae,Mutisioideae,NA
Acourtia reticulata maculata,Asteraceae,Mutisioideae,maculata
Acourtia scaposa,Asteraceae,Mutisioideae,NA
Acourtia fruticosa,Asteraceae,Mutisioideae,NA
Iostephane heterophylla,Asteraceae,Asteroideae,NA
Tagetes lucida,Asteraceae,Asteroideae,NA
Trixis hyposericea,Asteraceae,Mutisioideae,NA
Trixis mexicana mexicana,Asteraceae,Mutisioideae,mexicana
Dyssodia papposa,Asteraceae,Asteroideae,NA
Trixis inula,Asteraceae,Mutisioideae,NA
Porophyllum punctatum,Asteraceae,Asteroideae,NA
Pluchea symphytifolia,Asteraceae,Asteroideae,NA
Dyscritothamnus mirandae,Asteraceae,Asteroideae,NA
Schkuhria pinnata wislizeni,Asteraceae,Asteroideae,wislizeni
Adenophyllum porophyllum cancellatum,Asteraceae,Asteroideae,cancellatum
Critoniopsis obtusa,Asteraceae,Vernonioideae,NA
Pluchea parvifolia,Asteraceae,Asteroideae,NA
Adenophyllum porophyllum porophyllum,Asteraceae,Asteroideae,porophyllum
Schkuhria pinnata wislizeni,Asteraceae,Asteroideae,wislizeni
Galeana pratensis,Asteraceae,Asteroideae,NA
Blumea viscosa,Asteraceae,Asteroideae,NA
Packera coahuilensis,Asteraceae,Asteroideae,NA
Chrysactinia mexicana,Asteraceae,Asteroideae,NA
Galeana pratensis,Asteraceae,Asteroideae,NA
Pluchea salicifolia,Asteraceae,Asteroideae,NA
Helenium mexicanum,Asteraceae,Asteroideae,NA
Lagascea angustifolia,Asteraceae,Asteroideae,NA
Trixis michuacana longifolia,Asteraceae,Mutisioideae,longifolia
Iostephane heterophylla,Asteraceae,Asteroideae,NA
Loxothysanus sinuatus,Asteraceae,Asteroideae,NA
Loxothysanus sinuatus,Asteraceae,Asteroideae,NA
Barkleyanthus salicifolius,Asteraceae,Asteroideae,NA
Sinclairia glabra hypoleuca,Asteraceae,Vernonioideae,hypoleuca
Zinnia peruviana,Asteraceae,Asteroideae,NA
Bahia pringlei,Asteraceae,Asteroideae,NA
Fleischmannia pycnocephala,Asteraceae,Asteroideae,NA
Bahia schaffneri schaffneri,Asteraceae,Asteroideae,schaffneri
Acourtia cordata,Asteraceae,Mutisioideae,NA
Adenophyllum porophyllum,Asteraceae,Asteroideae,NA
Pluchea salicifolia,Asteraceae,Asteroideae,NA
Dyssodia papposa,Asteraceae,Asteroideae,NA
Acourtia reticulata maculata,Asteraceae,Mutisioideae,maculata
Vernonia serratuloides,Asteraceae,Vernonioideae,NA
Roldana heracleifolia,Asteraceae,Asteroideae,NA
Blumea viscosa,Asteraceae,Asteroideae,NA
Chaenactis glabriuscula glabriuscula,Asteraceae,Asteroideae,glabriuscula
Layia glandulosa,Asteraceae,Asteroideae,NA
Dyssodia pinnata pinnata,Asteraceae,Asteroideae,pinnata
Acourtia glomeriflora,Asteraceae,Mutisioideae,NA
Schkuhria pinnata wislizeni,Asteraceae,Asteroideae,wislizeni
Acourtia purpusii,Asteraceae,Mutisioideae,NA
Loxothysanus sinuatus,Asteraceae,Asteroideae,NA
Adenophyllum pulcherrimum,Asteraceae,Asteroideae,NA
Flaveria trinervia,Asteraceae,Asteroideae,NA
Thymophylla aurea,Asteraceae,Asteroideae,NA
Pectis bonplandiana,Asteraceae,Asteroideae,NA
Acourtia fruticosa,Asteraceae,Mutisioideae,NA
Acourtia parryi,Asteraceae,Mutisioideae,NA
Tridax coronopifolia,Asteraceae,Asteroideae,NA
Dyssodia decipiens,Asteraceae,Asteroideae,NA
Achillea millefolium,Asteraceae,Asteroideae,NA
Packera candidissima,Asteraceae,Asteroideae,NA
Barkleyanthus salicifolius,Asteraceae,Asteroideae,NA
Iostephane heterophylla,Asteraceae,Asteroideae,NA
Oxypappus scaber,Asteraceae,Asteroideae,NA
Melampodium bibracteatum,Asteraceae,Asteroideae,NA
Achyropappus anthemoides,Asteraceae,Asteroideae,NA
Thymophylla tenuifolia,Asteraceae,Asteroideae,NA
Chaptalia nutans nutans,Asteraceae,Mutisioideae,nutans
Vernonanthura serratuloides,Asteraceae,Vernonioideae,NA
Adenophyllum porophyllum cancellatum,Asteraceae,Asteroideae,cancellatum
Barkleyanthus salicifolius,Asteraceae,Asteroideae,NA
Pectis prostrata,Asteraceae,Asteroideae,NA
Dyssodia tagetiflora,Asteraceae,Asteroideae,NA
Porophyllum macrocephalum,Asteraceae,Asteroideae,NA
Roldana heracleifolia,Asteraceae,Asteroideae,NA
Roldana heracleifolia,Asteraceae,Asteroideae,NA
Perityle microglossa microglossa,Asteraceae,Asteroideae,microglossa
Flaveria trinervia,Asteraceae,Asteroideae,NA
Roldana heracleifolia,Asteraceae,Asteroideae,NA
Flaveria trinervia,Asteraceae,Asteroideae,NA
Pseudelephantopus spicatus,Asteraceae,Vernonioideae,NA
Sanvitalia procumbens,Asteraceae,Asteroideae,NA
Sanvitalia procumbens,Asteraceae,Asteroideae,NA
Flaveria trinervia,Asteraceae,Asteroideae,NA
Thymophylla pentachaeta hartwegii,Asteraceae,Asteroideae,hartwegii
Piptocarpha poeppigiana,Asteraceae,Vernonioideae,NA
Thymophylla setifolia,Asteraceae,Asteroideae,NA
Pittocaulon praecox,Asteraceae,Asteroideae,NA
Trixis angustifolia,Asteraceae,Mutisioideae,NA
Trixis inula,Asteraceae,Mutisioideae,NA
Thymophylla setifolia,Asteraceae,Asteroideae,NA
Boeberoides grandiflora,Asteraceae,Asteroideae,NA
Trixis mexicana mexicana,Asteraceae,Mutisioideae,mexicana
Dyssodia papposa,Asteraceae,Asteroideae,NA
Roldana lobata,Asteraceae,Asteroideae,NA
Acourtia turbinata,Asteraceae,Mutisioideae,NA
Roldana aschenborniana,Asteraceae,Asteroideae,NA
Helenium quadridentatum,Asteraceae,Asteroideae,NA
Helenium mexicanum,Asteraceae,Asteroideae,NA
Tetrachyron discolor,Asteraceae,Asteroideae,NA
Critoniopsis obtusa,Asteraceae,Vernonioideae,NA
Pluchea symphytifolia,Asteraceae,Asteroideae,NA
Acourtia nana,Asteraceae,Mutisioideae,NA
Chaenactis lacera,Asteraceae,Asteroideae,NA
Acourtia parryi,Asteraceae,Mutisioideae,NA
Calea urticifolia urticifolia,Asteraceae,Asteroideae,urticifolia
Chaptalia nutans nutans,Asteraceae,Mutisioideae,nutans
Flaveria trinervia,Asteraceae,Asteroideae,NA
Ageratina zunilana,Asteraceae,Asteroideae,NA
Critoniadelphus nubigenus,Asteraceae,Asteroideae,NA
Roldana heterogama,Asteraceae,Asteroideae,NA
Trixis angustifolia,Asteraceae,Mutisioideae,NA
Galeana pratensis,Asteraceae,Asteroideae,NA
Vernonanthura patens,Asteraceae,Vernonioideae,NA
Vernonanthura patens,Asteraceae,Vernonioideae,NA
Tagetes erecta,Asteraceae,Asteroideae,NA
Trixis inula,Asteraceae,Mutisioideae,NA
Helenium mexicanum,Asteraceae,Asteroideae,NA
Acourtia huajuapana huajuapana,Asteraceae,Mutisioideae,huajuapana
Flaveria cronquistii,Asteraceae,Asteroideae,NA
Gymnolaena oaxacana,Asteraceae,Asteroideae,NA
Schkuhria pinnata,Asteraceae,Asteroideae,NA
Schkuhria pinnata virgata,Asteraceae,Asteroideae,virgata
Dyssodia decipiens,Asteraceae,Asteroideae,NA
Florestina pedata,Asteraceae,Asteroideae,NA
Flaveria trinervia,Asteraceae,Asteroideae,NA
Vernonanthura cordata,Asteraceae,Vernonioideae,NA
Vernonanthura cordata,Asteraceae,Vernonioideae,NA
Schkuhria pinnata wislizeni,Asteraceae,Asteroideae,wislizeni
Dyssodia tagetiflora,Asteraceae,Asteroideae,NA
Acourtia wislizeni megacephala,Asteraceae,Mutisioideae,megacephala
Erigeron narcissus,Asteraceae,Asteroideae,NA
Sinclairia glabra hypoleuca,Asteraceae,Vernonioideae,hypoleuca
Xanthium strumarium,Asteraceae,Asteroideae,NA
Sinclairia glabra,Asteraceae,Vernonioideae,NA
Pluchea carolinensis,Asteraceae,Asteroideae,NA
Sinclairia glabra hypoleuca,Asteraceae,Vernonioideae,hypoleuca
Critoniopsis triflosculosa,Asteraceae,Vernonioideae,NA
Pseudelephantopus spicatus,Asteraceae,Vernonioideae,NA
Pseudelephantopus spicatus,Asteraceae,Vernonioideae,NA
Calea urticifolia urticifolia,Asteraceae,Asteroideae,urticifolia
Galeana pratensis,Asteraceae,Asteroideae,NA
Aldama dentata,Asteraceae,Asteroideae,NA
Galeana pratensis,Asteraceae,Asteroideae,NA
Zinnia violacea,Asteraceae,Asteroideae,NA
Melampodium americanum,Asteraceae,Asteroideae,NA
Adenophyllum aurantium,Asteraceae,Asteroideae,NA
Chaptalia madrensis,Asteraceae,Mutisioideae,NA
Loxothysanus sinuatus,Asteraceae,Asteroideae,NA
Chaptalia nutans nutans,Asteraceae,Mutisioideae,nutans
Porophyllum punctatum,Asteraceae,Asteroideae,NA
Thymophylla pentachaeta pentachaeta,Asteraceae,Asteroideae,pentachaeta
Schkuhria pinnata wislizeni,Asteraceae,Asteroideae,wislizeni
Lepidaploa tortuosa,Asteraceae,Vernonioideae,NA
Critoniopsis heydeana,Asteraceae,Vernonioideae,NA
Senecio leonensis,Asteraceae,Asteroideae,NA
Pluchea salicifolia,Asteraceae,Asteroideae,NA
Adenophyllum cancellatum,Asteraceae,Asteroideae,NA
Flaveria trinervia,Asteraceae,Asteroideae,NA
Sclerocarpus spatulatus,Asteraceae,Asteroideae,NA
Alloispermum scabrifolium,Asteraceae,Asteroideae,NA
Perityle microglossa microglossa,Asteraceae,Asteroideae,microglossa
Critoniopsis triflosculosa,Asteraceae,Vernonioideae,NA
Critoniopsis triflosculosa,Asteraceae,Vernonioideae,NA
Cosmos bipinnatus,Asteraceae,Asteroideae,NA
Schkuhria pinnata virgata,Asteraceae,Asteroideae,virgata
Sinclairia glabra hypoleuca,Asteraceae,Vernonioideae,hypoleuca
Thymophylla micropoides,Asteraceae,Asteroideae,NA
Roldana lobata,Asteraceae,Asteroideae,NA
Dyssodia papposa,Asteraceae,Asteroideae,NA
Schkuhria pinnata virgata,Asteraceae,Asteroideae,virgata
Senecio argutus,Asteraceae,Asteroideae,NA
Roldana lineolata,Asteraceae,Asteroideae,NA
Acourtia turbinata,Asteraceae,Mutisioideae,NA
Pluchea salicifolia,Asteraceae,Asteroideae,NA
Dyssodia tagetiflora,Asteraceae,Asteroideae,NA
Trixis haenkei,Asteraceae,Mutisioideae,NA
Dyssodia tagetiflora,Asteraceae,Asteroideae,NA
Vernonanthura serratuloides,Asteraceae,Vernonioideae,NA
Pluchea symphytifolia,Asteraceae,Asteroideae,NA
Pluchea salicifolia,Asteraceae,Asteroideae,NA
Acmella repens,Asteraceae,Asteroideae,NA
Schkuhria pinnata virgata,Asteraceae,Asteroideae,virgata
Psacalium palmeri,Asteraceae,Asteroideae,NA
Acourtia hidalgoana,Asteraceae,Mutisioideae,NA
Perityle trichodonta,Asteraceae,Asteroideae,NA
Porophyllum macrocephalum,Asteraceae,Asteroideae,NA
Roldana angulifolia,Asteraceae,Asteroideae,NA
Oxypappus scaber,Asteraceae,Asteroideae,NA
Dyssodia decipiens,Asteraceae,Asteroideae,NA
Acourtia turbinata,Asteraceae,Mutisioideae,NA
Lagascea helianthifolia,Asteraceae,Asteroideae,NA
Senecio callosus,Asteraceae,Asteroideae,NA
Roldana angulifolia,Asteraceae,Asteroideae,NA
Acourtia turbinata,Asteraceae,Mutisioideae,NA
Senecio iodanthus,Asteraceae,Asteroideae,NA
Leibnitzia lyrata,Asteraceae,Mutisioideae,NA
Leibnitzia lyrata,Asteraceae,Mutisioideae,NA
Packera rosei,Asteraceae,Asteroideae,NA
Adenophyllum porophyllum cancellatum,Asteraceae,Asteroideae,cancellatum
Roldana angulifolia,Asteraceae,Asteroideae,NA
Bolanosa coulteri,Asteraceae,Vernonioideae,NA
Acourtia turbinata,Asteraceae,Mutisioideae,NA
Senecio callosus,Asteraceae,Asteroideae,NA
Packera rosei,Asteraceae,Asteroideae,NA
Senecio callosus,Asteraceae,Asteroideae,NA
Porophyllum viridiflorum,Asteraceae,Asteroideae,NA
Acourtia turbinata,Asteraceae,Mutisioideae,NA
Senecio callosus,Asteraceae,Asteroideae,NA
Leibnitzia lyrata,Asteraceae,Mutisioideae,NA
Acourtia turbinata,Asteraceae,Mutisioideae,NA
Roldana angulifolia,Asteraceae,Asteroideae,NA
Dyssodia tagetiflora,Asteraceae,Asteroideae,NA
Iostephane heterophylla,Asteraceae,Asteroideae,NA
Senecio callosus,Asteraceae,Asteroideae,NA
Senecio callosus,Asteraceae,Asteroideae,NA
Senecio callosus,Asteraceae,Asteroideae,NA
Alloispermum scabrum,Asteraceae,Asteroideae,NA
Acourtia turbinata,Asteraceae,Mutisioideae,NA
Packera rosei,Asteraceae,Asteroideae,NA
Senecio callosus,Asteraceae,Asteroideae,NA
Roldana reticulata,Asteraceae,Asteroideae,NA
Psacalium laxiflorum,Asteraceae,Asteroideae,NA
Packera rosei,Asteraceae,Asteroideae,NA
Leibnitzia lyrata,Asteraceae,Mutisioideae,NA
Psacalium poculiferum,Asteraceae,Asteroideae,NA
Senecio callosus,Asteraceae,Asteroideae,NA
Senecio callosus,Asteraceae,Asteroideae,NA
Packera quebradensis,Asteraceae,Asteroideae,NA
Calea urticifolia urticifolia,Asteraceae,Asteroideae,urticifolia
Packera rosei,Asteraceae,Asteroideae,NA
Packera quebradensis,Asteraceae,Asteroideae,NA
Roldana angulifolia,Asteraceae,Asteroideae,NA
Acourtia turbinata,Asteraceae,Mutisioideae,NA
Perityle microglossa microglossa,Asteraceae,Asteroideae,microglossa
Acourtia turbinata,Asteraceae,Mutisioideae,NA
Barkleyanthus salicifolius,Asteraceae,Asteroideae,NA
Lagascea helianthifolia,Asteraceae,Asteroideae,NA
Acourtia turbinata,Asteraceae,Mutisioideae,NA
Senecio callosus,Asteraceae,Asteroideae,NA
Pseudelephantopus spicatus,Asteraceae,Vernonioideae,NA
Acourtia turbinata,Asteraceae,Mutisioideae,NA
Roldana michoacana,Asteraceae,Asteroideae,NA
Porophyllum macrocephalum,Asteraceae,Asteroideae,NA
Roldana angulifolia,Asteraceae,Asteroideae,NA
Calea ternifolia,Asteraceae,Asteroideae,NA
Roldana michoacana,Asteraceae,Asteroideae,NA
Packera quebradensis,Asteraceae,Asteroideae,NA
Packera rosei,Asteraceae,Asteroideae,NA
Leibnitzia lyrata,Asteraceae,Mutisioideae,NA
Roldana michoacana,Asteraceae,Asteroideae,NA
Senecio callosus,Asteraceae,Asteroideae,NA
Roldana michoacana,Asteraceae,Asteroideae,NA
Oxypappus scaber,Asteraceae,Asteroideae,NA
Alloispermum scabrum,Asteraceae,Asteroideae,NA
Calea urticifolia urticifolia,Asteraceae,Asteroideae,urticifolia
Senecio callosus,Asteraceae,Asteroideae,NA
Iostephane heterophylla,Asteraceae,Asteroideae,NA
Lagascea helianthifolia,Asteraceae,Asteroideae,NA
Schkuhria pinnata wislizeni,Asteraceae,Asteroideae,wislizeni
Barkleyanthus salicifolius,Asteraceae,Asteroideae,NA
Senecio callosus,Asteraceae,Asteroideae,NA
Tagetes lucida,Asteraceae,Asteroideae,NA
Senecio iodanthus,Asteraceae,Asteroideae,NA
Leibnitzia lyrata,Asteraceae,Mutisioideae,NA
Packera rosei,Asteraceae,Asteroideae,NA
Packera quebradensis,Asteraceae,Asteroideae,NA
Senecio callosus,Asteraceae,Asteroideae,NA
Iostephane heterophylla,Asteraceae,Asteroideae,NA
Acourtia turbinata,Asteraceae,Mutisioideae,NA
Packera rosei,Asteraceae,Asteroideae,NA
Leibnitzia lyrata,Asteraceae,Mutisioideae,NA
Adenophyllum porophyllum cancellatum,Asteraceae,Asteroideae,cancellatum
Porophyllum lindenii,Asteraceae,Asteroideae,NA
Iostephane heterophylla,Asteraceae,Asteroideae,NA
Senecio callosus,Asteraceae,Asteroideae,NA
Senecio callosus,Asteraceae,Asteroideae,NA
Senecio callosus,Asteraceae,Asteroideae,NA
Senecio callosus,Asteraceae,Asteroideae,NA
Trixis inula,Asteraceae,Mutisioideae,NA
Bahia schaffneri schaffneri,Asteraceae,Asteroideae,schaffneri
Schkuhria pinnata wislizeni,Asteraceae,Asteroideae,wislizeni
Thymophylla pentachaeta pentachaeta,Asteraceae,Asteroideae,pentachaeta
Chrysactinia mexicana,Asteraceae,Asteroideae,NA
Bebbia juncea,Asteraceae,Asteroideae,NA
Boeberastrum anthemidifolium,Asteraceae,Asteroideae,NA
Perityle californica,Asteraceae,Asteroideae,NA
Flaveria trinervia,Asteraceae,Asteroideae,NA
Critoniopsis obtusa,Asteraceae,Vernonioideae,NA
Dyssodia acerosa,Asteraceae,Asteroideae,NA
Acourtia glomeriflora,Asteraceae,Mutisioideae,NA
Galeana pratensis,Asteraceae,Asteroideae,NA
Trixis inula,Asteraceae,Mutisioideae,NA
Adenophyllum porophyllum,Asteraceae,Asteroideae,NA
Roldana oaxacana,Asteraceae,Asteroideae,NA
Critoniopsis tomentosa,Asteraceae,Vernonioideae,NA
Helenium mexicanum,Asteraceae,Asteroideae,NA
Flaveria trinervia,Asteraceae,Asteroideae,NA
Chrysactinia mexicana,Asteraceae,Asteroideae,NA
Acourtia elizabethiae,Asteraceae,Mutisioideae,NA
Dyssodia decipiens,Asteraceae,Asteroideae,NA
Helenium mexicanum,Asteraceae,Asteroideae,NA
Roldana oaxacana,Asteraceae,Asteroideae,NA
Roldana lanicaulis,Asteraceae,Asteroideae,NA
Critoniopsis obtusa,Asteraceae,Vernonioideae,NA
Dyssodia tagetiflora,Asteraceae,Asteroideae,NA
Adenophyllum porophyllum cancellatum,Asteraceae,Asteroideae,cancellatum
Barkleyanthus salicifolius,Asteraceae,Asteroideae,NA
Tagetes tenuifolia,Asteraceae,Asteroideae,NA
Barkleyanthus salicifolius,Asteraceae,Asteroideae,NA
Senecio prionopterus,Asteraceae,Asteroideae,NA
Acourtia glomeriflora,Asteraceae,Mutisioideae,NA
Critoniopsis triflosculosa,Asteraceae,Vernonioideae,NA
Tagetes tenuifolia,Asteraceae,Asteroideae,NA
Tridax coronopifolia,Asteraceae,Asteroideae,NA
Zaluzania augusta augusta,Asteraceae,Asteroideae,augusta
Zinnia peruviana,Asteraceae,Asteroideae,NA
Schkuhria pinnata wislizeni,Asteraceae,Asteroideae,wislizeni
Heterosperma pinnatum,Asteraceae,Asteroideae,NA
Roldana sessilifolia,Asteraceae,Asteroideae,NA
Schkuhria pinnata wislizeni,Asteraceae,Asteroideae,wislizeni
Roldana aschenborniana,Asteraceae,Asteroideae,NA
Trixis inula,Asteraceae,Mutisioideae,NA
Bahia pringlei,Asteraceae,Asteroideae,NA
Layia glandulosa,Asteraceae,Asteroideae,NA
Pluchea symphytifolia,Asteraceae,Asteroideae,NA
Helenium quadridentatum,Asteraceae,Asteroideae,NA
Critoniopsis uniflora,Asteraceae,Vernonioideae,NA
Acourtia fruticosa,Asteraceae,Mutisioideae,NA
Acourtia turbinata,Asteraceae,Mutisioideae,NA
Dyssodia pinnata pinnata,Asteraceae,Asteroideae,pinnata
Schkuhria pinnata,Asteraceae,Asteroideae,NA
Hymenoxys pinetorum,Asteraceae,Asteroideae,NA
Comaclinium montanum,Asteraceae,Asteroideae,NA
Porophyllum macrocephalum,Asteraceae,Asteroideae,NA
Barkleyanthus salicifolius,Asteraceae,Asteroideae,NA
Barkleyanthus salicifolius,Asteraceae,Asteroideae,NA
Barkleyanthus salicifolius,Asteraceae,Asteroideae,NA
Pluchea symphytifolia,Asteraceae,Asteroideae,NA
Trixis angustifolia,Asteraceae,Mutisioideae,NA
Pluchea salicifolia,Asteraceae,Asteroideae,NA
Lepidaploa tortuosa,Asteraceae,Vernonioideae,NA
Trixis inula,Asteraceae,Mutisioideae,NA
Vernonanthura patens,Asteraceae,Vernonioideae,NA
Critoniopsis triflosculosa,Asteraceae,Vernonioideae,NA
Thymophylla micropoides,Asteraceae,Asteroideae,NA
Thymophylla tenuifolia,Asteraceae,Asteroideae,NA
Schkuhria pinnata virgata,Asteraceae,Asteroideae,virgata
Adenophyllum porophyllum cancellatum,Asteraceae,Asteroideae,cancellatum
Schkuhria pinnata wislizeni,Asteraceae,Asteroideae,wislizeni
Porophyllum punctatum,Asteraceae,Asteroideae,NA
Porophyllum punctatum,Asteraceae,Asteroideae,NA
Porophyllum punctatum,Asteraceae,Asteroideae,NA
Vernonia bealliae,Asteraceae,Vernonioideae,NA
Lagascea decipiens decipiens,Asteraceae,Asteroideae,decipiens
Pluchea symphytifolia,Asteraceae,Asteroideae,NA
Lepidonia callilepis,Asteraceae,Vernonioideae,NA
Elephantopus mollis,Asteraceae,Vernonioideae,NA
Acourtia simulata,Asteraceae,Mutisioideae,NA
Aldama dentata,Asteraceae,Asteroideae,NA
Roldana sartorii,Asteraceae,Asteroideae,NA
Vernonanthura patens,Asteraceae,Vernonioideae,NA
Aldama dentata,Asteraceae,Asteroideae,NA
Chaptalia nutans nutans,Asteraceae,Mutisioideae,nutans
Sinclairia glabra hypoleuca,Asteraceae,Vernonioideae,hypoleuca
Loxothysanus sinuatus,Asteraceae,Asteroideae,NA
Pseudelephantopus spicatus,Asteraceae,Vernonioideae,NA
Barkleyanthus salicifolius,Asteraceae,Asteroideae,NA
Melampodium sericeum,Asteraceae,Asteroideae,NA
Melampodium sericeum,Asteraceae,Asteroideae,NA
Adenophyllum cancellatum,Asteraceae,Asteroideae,NA
Dyssodia tagetiflora,Asteraceae,Asteroideae,NA
Tithonia tubaeformis,Asteraceae,Asteroideae,NA
Zinnia violacea,Asteraceae,Asteroideae,NA
Tagetes erecta,Asteraceae,Asteroideae,NA
Tagetes erecta,Asteraceae,Asteroideae,NA
Acourtia reticulata,Asteraceae,Mutisioideae,NA
Baileya multiradiata,Asteraceae,Asteroideae,NA
Porophyllum punctatum,Asteraceae,Asteroideae,NA
Thymophylla setifolia,Asteraceae,Asteroideae,NA
Pluchea symphytifolia,Asteraceae,Asteroideae,NA
Chrysactinia mexicana,Asteraceae,Asteroideae,NA
Tagetes filifolia,Asteraceae,Asteroideae,NA
Thymophylla pentachaeta pentachaeta,Asteraceae,Asteroideae,pentachaeta
Baileya multiradiata,Asteraceae,Asteroideae,NA
Thymophylla pentachaeta hartwegii,Asteraceae,Asteroideae,hartwegii
Senecio flaccidus flaccidus,Asteraceae,Asteroideae,flaccidus
Dyssodia acerosa,Asteraceae,Asteroideae,NA
Dyssodia papposa,Asteraceae,Asteroideae,NA
Roldana heracleifolia,Asteraceae,Asteroideae,NA
Dyssodia tagetiflora,Asteraceae,Asteroideae,NA
Vernonanthura patens,Asteraceae,Vernonioideae,NA
Vernonanthura patens,Asteraceae,Vernonioideae,NA
Barkleyanthus salicifolius,Asteraceae,Asteroideae,NA
Achillea millefolium,Asteraceae,Asteroideae,NA
Dyssodia pinnata pinnata,Asteraceae,Asteroideae,pinnata
Lepidaploa tortuosa,Asteraceae,Vernonioideae,NA
Chaptalia nutans nutans,Asteraceae,Mutisioideae,nutans
Aztecaster pyramidatus,Asteraceae,Asteroideae,NA
Flaveria trinervia,Asteraceae,Asteroideae,NA
Critoniopsis obtusa,Asteraceae,Vernonioideae,NA
Elephantopus mollis,Asteraceae,Vernonioideae,NA
Acourtia nudiuscula,Asteraceae,Mutisioideae,NA
Dyssodia acerosa,Asteraceae,Asteroideae,NA
Pectis prostrata,Asteraceae,Asteroideae,NA
Acmella repens,Asteraceae,Asteroideae,NA
Pectis bonplandiana,Asteraceae,Asteroideae,NA
Cyanthillium cinereum,Asteraceae,Vernonioideae,NA
Cyanthillium cinereum,Asteraceae,Vernonioideae,NA
Cyanthillium cinereum,Asteraceae,Vernonioideae,NA
Pectis elongata fasciculiflora,Asteraceae,Asteroideae,fasciculiflora
Trixis inula,Asteraceae,Mutisioideae,NA
Cyanthillium cinereum,Asteraceae,Vernonioideae,NA
Dyssodia pinnata glabrescens,Asteraceae,Asteroideae,glabrescens
Oxypappus scaber,Asteraceae,Asteroideae,NA
Dyssodia tagetiflora,Asteraceae,Asteroideae,NA
Critoniopsis uniflora,Asteraceae,Vernonioideae,NA
Leiboldia serrata,Asteraceae,Vernonioideae,NA
Hymenoxys integrifolia,Asteraceae,Asteroideae,NA
Hymenoxys integrifolia,Asteraceae,Asteroideae,NA
Acourtia coulteri,Asteraceae,Mutisioideae,NA
Schkuhria pinnata wislizeni,Asteraceae,Asteroideae,wislizeni
Flaveria trinervia,Asteraceae,Asteroideae,NA
Pluchea salicifolia,Asteraceae,Asteroideae,NA
Pluchea symphytifolia,Asteraceae,Asteroideae,NA
Florestina pedata,Asteraceae,Asteroideae,NA
Galeana pratensis,Asteraceae,Asteroideae,NA
Chrysactinia mexicana,Asteraceae,Asteroideae,NA
Oxypappus scaber,Asteraceae,Asteroideae,NA
Schkuhria pinnata wislizeni,Asteraceae,Asteroideae,wislizeni
Pluchea symphytifolia,Asteraceae,Asteroideae,NA
Perityle emoryi,Asteraceae,Asteroideae,NA
Schkuhria pinnata wislizeni,Asteraceae,Asteroideae,wislizeni
Galeana pratensis,Asteraceae,Asteroideae,NA
Pectis saturejoides,Asteraceae,Asteroideae,NA
Pectis saturejoides,Asteraceae,Asteroideae,NA
Pectis saturejoides,Asteraceae,Asteroideae,NA
Palafoxia lindenii,Asteraceae,Asteroideae,NA
Melampodium americanum,Asteraceae,Asteroideae,NA
Pectis saturejoides,Asteraceae,Asteroideae,NA
Palafoxia lindenii,Asteraceae,Asteroideae,NA
Florestina liebmannii,Asteraceae,Asteroideae,NA
Porophyllum punctatum,Asteraceae,Asteroideae,NA
Melampodium americanum,Asteraceae,Asteroideae,NA
Calea urticifolia urticifolia,Asteraceae,Asteroideae,urticifolia
Pectis prostrata,Asteraceae,Asteroideae,NA
Pectis saturejoides,Asteraceae,Asteroideae,NA
Pectis saturejoides,Asteraceae,Asteroideae,NA
Porophyllum punctatum,Asteraceae,Asteroideae,NA
Palafoxia lindenii,Asteraceae,Asteroideae,NA
Palafoxia lindenii,Asteraceae,Asteroideae,NA
Palafoxia lindenii,Asteraceae,Asteroideae,NA
Pluchea odorata,Asteraceae,Asteroideae,NA
Pectis saturejoides,Asteraceae,Asteroideae,NA
Pectis saturejoides,Asteraceae,Asteroideae,NA
Acourtia wrightii,Asteraceae,Mutisioideae,NA
Pseudelephantopus spicatus,Asteraceae,Vernonioideae,NA
Pectis elongata fasciculiflora,Asteraceae,Asteroideae,fasciculiflora
Pseudelephantopus spicatus,Asteraceae,Vernonioideae,NA
Critoniopsis triflosculosa,Asteraceae,Vernonioideae,NA
Lepidonia salvinae,Asteraceae,Vernonioideae,NA
Schkuhria pinnata wislizeni,Asteraceae,Asteroideae,wislizeni
Trixis inula,Asteraceae,Mutisioideae,NA
Sinclairia glabra hypoleuca,Asteraceae,Vernonioideae,hypoleuca
Trixis inula,Asteraceae,Mutisioideae,NA
Achillea millefolium,Asteraceae,Asteroideae,NA
Acourtia wrightii,Asteraceae,Mutisioideae,NA
Tagetes tenuifolia,Asteraceae,Asteroideae,NA
Lagascea helianthifolia,Asteraceae,Asteroideae,NA
Acourtia wislizeni megacephala,Asteraceae,Mutisioideae,megacephala
Tithonia tubaeformis,Asteraceae,Asteroideae,NA
Viguiera linearis,Asteraceae,Asteroideae,NA
Dyssodia papposa,Asteraceae,Asteroideae,NA
Tithonia tubaeformis,Asteraceae,Asteroideae,NA
Hybridella globosa,Asteraceae,Asteroideae,NA
Ambrosia psilostachya,Asteraceae,Asteroideae,NA
Jaegeria purpurascens,Asteraceae,Asteroideae,NA
Perityle hofmeisteria,Asteraceae,Asteroideae,NA
Urbinella palmeri,Asteraceae,Asteroideae,NA
Melampodium strigosum,Asteraceae,Asteroideae,NA
Florestina pedata,Asteraceae,Asteroideae,NA
Elephantopus mollis,Asteraceae,Vernonioideae,NA
Barkleyanthus salicifolius,Asteraceae,Asteroideae,NA
Eutetras palmeri,Asteraceae,Asteroideae,NA
Schkuhria pinnata wislizeni,Asteraceae,Asteroideae,wislizeni
Critoniopsis triflosculosa,Asteraceae,Vernonioideae,NA
Flaveria pringlei,Asteraceae,Asteroideae,NA
Cosmos bipinnatus,Asteraceae,Asteroideae,NA
Dyssodia pinnata pinnata,Asteraceae,Asteroideae,pinnata
Tagetes tenuifolia,Asteraceae,Asteroideae,NA
Dyssodia pinnata pinnata,Asteraceae,Asteroideae,pinnata
Dyssodia pinnata pinnata,Asteraceae,Asteroideae,pinnata
Acourtia wislizeni megacephala,Asteraceae,Mutisioideae,megacephala
Dyssodia acerosa,Asteraceae,Asteroideae,NA
Adenophyllum porophylloides,Asteraceae,Asteroideae,NA
Dyssodia pinnata glabrescens,Asteraceae,Asteroideae,glabrescens
Dyssodia papposa,Asteraceae,Asteroideae,NA
Thymophylla acerosa,Asteraceae,Asteroideae,NA
Acourtia parryi,Asteraceae,Mutisioideae,NA
Dyssodia tagetiflora,Asteraceae,Asteroideae,NA
Adenophyllum cancellatum,Asteraceae,Asteroideae,NA
Blumea viscosa,Asteraceae,Asteroideae,NA
Dyssodia decipiens,Asteraceae,Asteroideae,NA
Dyssodia papposa,Asteraceae,Asteroideae,NA
Roldana lobata,Asteraceae,Asteroideae,NA
Flaveria ramosissima,Asteraceae,Asteroideae,NA
Montanoa mollissima,Asteraceae,Asteroideae,NA
Vernonia liatroides,Asteraceae,Vernonioideae,NA
Flaveria angustifolia,Asteraceae,Asteroideae,NA
Viguiera pinnatilobata pinnatilobata,Asteraceae,Asteroideae,pinnatilobata
Florestina pedata,Asteraceae,Asteroideae,NA
Porophyllum macrocephalum,Asteraceae,Asteroideae,NA
Pectis luckoviae,Asteraceae,Asteroideae,NA
Acourtia humboldtii,Asteraceae,Mutisioideae,NA
Roldana aschenborniana,Asteraceae,Asteroideae,NA
Roldana aschenborniana,Asteraceae,Asteroideae,NA
Thymophylla tenuifolia,Asteraceae,Asteroideae,NA
Acourtia wrightii,Asteraceae,Mutisioideae,NA
Critoniopsis tomentosa,Asteraceae,Vernonioideae,NA
Galeana pratensis,Asteraceae,Asteroideae,NA
Adenophyllum cancellatum,Asteraceae,Asteroideae,NA
Trixis mexicana mexicana,Asteraceae,Mutisioideae,mexicana
Dyssodia papposa,Asteraceae,Asteroideae,NA
Baileya pleniradiata,Asteraceae,Asteroideae,NA
Tagetes persicifolia,Asteraceae,Asteroideae,NA
Melampodium montanum viridulum,Asteraceae,Asteroideae,viridulum
Iostephane heterophylla,Asteraceae,Asteroideae,NA
Senecio toluccanus,Asteraceae,Asteroideae,NA
Roldana albonervia,Asteraceae,Asteroideae,NA
Barkleyanthus salicifolius,Asteraceae,Asteroideae,NA
Roldana albonervia,Asteraceae,Asteroideae,NA
Critoniopsis foliosa,Asteraceae,Vernonioideae,NA
Oxypappus scaber,Asteraceae,Asteroideae,NA
Trixis hyposericea,Asteraceae,Mutisioideae,NA
Roldana heracleifolia,Asteraceae,Asteroideae,NA
Porophyllum macrocephalum,Asteraceae,Asteroideae,NA
Sanvitalia procumbens,Asteraceae,Asteroideae,NA
Flaveria trinervia,Asteraceae,Asteroideae,NA
Trixis inula,Asteraceae,Mutisioideae,NA
Trixis silvatica,Asteraceae,Mutisioideae,NA
Pluchea symphytifolia,Asteraceae,Asteroideae,NA
Perityle microglossa microglossa,Asteraceae,Asteroideae,microglossa
Axiniphyllum durangense,Asteraceae,Asteroideae,NA
Vernonanthura serratuloides,Asteraceae,Vernonioideae,NA
Flaveria trinervia,Asteraceae,Asteroideae,NA
Porophyllum macrocephalum,Asteraceae,Asteroideae,NA
Blumea viscosa,Asteraceae,Asteroideae,NA
Aztecaster matudae,Asteraceae,Asteroideae,NA
Conyza canadensis,Asteraceae,Asteroideae,NA
Tagetes lucida,Asteraceae,Asteroideae,NA
Trixis inula,Asteraceae,Mutisioideae,NA
Acourtia nelsonii,Asteraceae,Mutisioideae,NA
Psacalium eriocarpum,Asteraceae,Asteroideae,NA
Oxypappus scaber,Asteraceae,Asteroideae,NA
Critonia morifolia,Asteraceae,Asteroideae,NA
Achillea millefolium,Asteraceae,Asteroideae,NA
Thymophylla pentachaeta pentachaeta,Asteraceae,Asteroideae,pentachaeta
Roldana suffulta,Asteraceae,Asteroideae,NA
Adenophyllum squamosum,Asteraceae,Asteroideae,NA
Acourtia wislizeni megacephala,Asteraceae,Mutisioideae,megacephala
Oxypappus scaber,Asteraceae,Asteroideae,NA
Schkuhria pinnata wislizeni,Asteraceae,Asteroideae,wislizeni
Pectis linifolia linifolia,Asteraceae,Asteroideae,linifolia
Porophyllum pausodynum,Asteraceae,Asteroideae,NA
Pectis rusbyi,Asteraceae,Asteroideae,NA
Pectis cylindrica,Asteraceae,Asteroideae,NA
Eclipta prostrata,Asteraceae,Asteroideae,NA
Pectis rusbyi,Asteraceae,Asteroideae,NA
Perityle palmeri,Asteraceae,Asteroideae,NA
Acourtia veracruzana,Asteraceae,Mutisioideae,NA
Barkleyanthus salicifolius,Asteraceae,Asteroideae,NA
Acourtia lozanoi,Asteraceae,Mutisioideae,NA
Schkuhria pinnata virgata,Asteraceae,Asteroideae,virgata
Acourtia runcinata,Asteraceae,Mutisioideae,NA
Vernonanthura liatroides,Asteraceae,Vernonioideae,NA
Lepidonia mexicana,Asteraceae,Vernonioideae,NA
Lepidonia mexicana,Asteraceae,Vernonioideae,NA
Trixis inula,Asteraceae,Mutisioideae,NA
Telanthophora grandifolia grandifolia,Asteraceae,Asteroideae,grandifolia
Adenophyllum cancellatum,Asteraceae,Asteroideae,NA
Vernonanthura patens,Asteraceae,Vernonioideae,NA
Pseudelephantopus spicatus,Asteraceae,Vernonioideae,NA
Acourtia simulata,Asteraceae,Mutisioideae,NA
Tithonia tubaeformis,Asteraceae,Asteroideae,NA
Galeana pratensis,Asteraceae,Asteroideae,NA
Bidens ferulifolia,Asteraceae,Asteroideae,NA
Dyssodia pinnata glabrescens,Asteraceae,Asteroideae,glabrescens
Adenophyllum aurantium,Asteraceae,Asteroideae,NA
Florestina pedata,Asteraceae,Asteroideae,NA
Tithonia rotundifolia,Asteraceae,Asteroideae,NA
Senecio loratifolius,Asteraceae,Asteroideae,NA
Packera zimapanica,Asteraceae,Asteroideae,NA
Achillea millefolium,Asteraceae,Asteroideae,NA
Senecio loratifolius,Asteraceae,Asteroideae,NA
Barkleyanthus salicifolius,Asteraceae,Asteroideae,NA
Trixis californica californica,Asteraceae,Mutisioideae,californica
Dyssodia papposa,Asteraceae,Asteroideae,NA
Flaveria anomala,Asteraceae,Asteroideae,NA
Porophyllum macrocephalum,Asteraceae,Asteroideae,NA
Lepidaploa polypleura,Asteraceae,Vernonioideae,NA
Vernonanthura patens,Asteraceae,Vernonioideae,NA
Chrysactinia mexicana,Asteraceae,Asteroideae,NA
Schkuhria pinnata wislizeni,Asteraceae,Asteroideae,wislizeni
Critoniopsis salicifolia,Asteraceae,Vernonioideae,NA
Psacalium sinuatum,Asteraceae,Asteroideae,NA
Acourtia turbinata,Asteraceae,Mutisioideae,NA
Psacalium poculiferum,Asteraceae,Asteroideae,NA
Galeana pratensis,Asteraceae,Asteroideae,NA
Thymophylla tenuifolia,Asteraceae,Asteroideae,NA
Schkuhria pinnata virgata,Asteraceae,Asteroideae,virgata
Vernonia karvinskiana karwinskiana,Asteraceae,Vernonioideae,karwinskiana
Digitacalia jatrophoides pentaloba,Asteraceae,Asteroideae,pentaloba
Senecio prionopterus,Asteraceae,Asteroideae,NA
Acourtia scapiformis,Asteraceae,Mutisioideae,NA
Pectis prostrata,Asteraceae,Asteroideae,NA
Schkuhria pinnata wislizeni,Asteraceae,Asteroideae,wislizeni
Vernonanthura liatroides,Asteraceae,Vernonioideae,NA
Rosilla lutea,Asteraceae,Asteroideae,NA
Trixis inula,Asteraceae,Mutisioideae,NA
Dyssodia pinnata pinnata,Asteraceae,Asteroideae,pinnata
Vernonanthura oaxacana,Asteraceae,Vernonioideae,NA
Loxothysanus sinuatus,Asteraceae,Asteroideae,NA
Jefea lantanifolia,Asteraceae,Asteroideae,NA
Acourtia purpusii,Asteraceae,Mutisioideae,NA
Thymophylla pentachaeta pentachaeta,Asteraceae,Asteroideae,pentachaeta
Flaveria anomala,Asteraceae,Asteroideae,NA
Thymophylla setifolia,Asteraceae,Asteroideae,NA
Thymophylla setifolia,Asteraceae,Asteroideae,NA
Thymophylla pentachaeta pentachaeta,Asteraceae,Asteroideae,pentachaeta
Thymophylla setifolia,Asteraceae,Asteroideae,NA
Dicranocarpus parviflorus,Asteraceae,Asteroideae,NA
Acourtia runcinata,Asteraceae,Mutisioideae,NA
Porophyllum coloratum coloratum,Asteraceae,Asteroideae,coloratum
Thymophylla setifolia,Asteraceae,Asteroideae,NA
Gochnatia hypoleuca hypoleuca,Asteraceae,Gochnatioideae,hypoleuca
Melampodium longifolium,Asteraceae,Asteroideae,NA
Galeana pratensis,Asteraceae,Asteroideae,NA
Bahia schaffneri schaffneri,Asteraceae,Asteroideae,schaffneri
Heterosperma pinnatum,Asteraceae,Asteroideae,NA
Zaluzania triloba,Asteraceae,Asteroideae,NA
Acourtia wrightii,Asteraceae,Mutisioideae,NA
Oxypappus scaber,Asteraceae,Asteroideae,NA
Trixis californica californica,Asteraceae,Mutisioideae,californica
Acourtia wislizeni megacephala,Asteraceae,Mutisioideae,megacephala
Acourtia turbinata,Asteraceae,Mutisioideae,NA
Dyssodia pinnata pinnata,Asteraceae,Asteroideae,pinnata
Galeana pratensis,Asteraceae,Asteroideae,NA
Schkuhria pinnata wislizeni,Asteraceae,Asteroideae,wislizeni
Thymophylla concinna,Asteraceae,Asteroideae,NA
Vernonia bealliae,Asteraceae,Vernonioideae,NA
Oxypappus scaber,Asteraceae,Asteroideae,NA
Acourtia macvaughii,Asteraceae,Mutisioideae,NA
Pectis propetes,Asteraceae,Asteroideae,NA
Schkuhria pinnata wislizeni,Asteraceae,Asteroideae,wislizeni
Thymophylla pentachaeta pentachaeta,Asteraceae,Asteroideae,pentachaeta
Pluchea symphytifolia,Asteraceae,Asteroideae,NA
Roldana sessilifolia,Asteraceae,Asteroideae,NA
Psacalium megaphyllum,Asteraceae,Asteroideae,NA
Galeana pratensis,Asteraceae,Asteroideae,NA
Pluchea symphytifolia,Asteraceae,Asteroideae,NA
Trixis michuacana longifolia,Asteraceae,Mutisioideae,longifolia
Psilostrophe gnaphalodes gnaphalodes,Asteraceae,Asteroideae,gnaphalodes
Thymophylla micropoides,Asteraceae,Asteroideae,NA
Dyssodia papposa,Asteraceae,Asteroideae,NA
Gochnatia smithii,Asteraceae,Gochnatioideae,NA
Sinclairia glabra hypoleuca,Asteraceae,Vernonioideae,hypoleuca
Acourtia pinetorum,Asteraceae,Mutisioideae,NA
Perityle californica,Asteraceae,Asteroideae,NA
Lagascea decipiens decipiens,Asteraceae,Asteroideae,decipiens
Pseudelephantopus spicatus,Asteraceae,Vernonioideae,NA
Pluchea symphytifolia,Asteraceae,Asteroideae,NA
Acourtia huajuapana actinomorpha,Asteraceae,Mutisioideae,actinomorpha
Smallanthus maculatus,Asteraceae,Asteroideae,NA
Smallanthus maculatus,Asteraceae,Asteroideae,NA
Pluchea symphytifolia,Asteraceae,Asteroideae,NA
Acourtia turbinata,Asteraceae,Mutisioideae,NA
Acourtia fruticosa,Asteraceae,Mutisioideae,NA
Trixis michuacana longifolia,Asteraceae,Mutisioideae,longifolia
Acourtia hidalgoana,Asteraceae,Mutisioideae,NA
Stenocephalum jucundum,Asteraceae,Vernonioideae,NA
Adenophyllum porophyllum cancellatum,Asteraceae,Asteroideae,cancellatum
Psacalium poculiferum,Asteraceae,Asteroideae,NA
Schkuhria pinnata wislizeni,Asteraceae,Asteroideae,wislizeni
Perityle microglossa saxosa,Asteraceae,Asteroideae,saxosa
Flaveria trinervia,Asteraceae,Asteroideae,NA
Adenophyllum porophyllum cancellatum,Asteraceae,Asteroideae,cancellatum
Porophyllum macrocephalum,Asteraceae,Asteroideae,NA
Roldana sessilifolia,Asteraceae,Asteroideae,NA
Bolanosa coulteri,Asteraceae,Vernonioideae,NA
Galeana pratensis,Asteraceae,Asteroideae,NA
Iostephane heterophylla,Asteraceae,Asteroideae,NA
Oxypappus scaber,Asteraceae,Asteroideae,NA
Acourtia coulteri,Asteraceae,Mutisioideae,NA
Sclerocarpus uniserialis,Asteraceae,Asteroideae,NA
Chaptalia nutans nutans,Asteraceae,Mutisioideae,nutans
Adenophyllum aurantium,Asteraceae,Asteroideae,NA
Trixis inula,Asteraceae,Mutisioideae,NA
Acourtia wislizeni megacephala,Asteraceae,Mutisioideae,megacephala
Tagetes lucida,Asteraceae,Asteroideae,NA
Roldana lobata,Asteraceae,Asteroideae,NA
Dyssodia papposa,Asteraceae,Asteroideae,NA
Schkuhria pinnata wislizeni,Asteraceae,Asteroideae,wislizeni
Elephantopus mollis,Asteraceae,Vernonioideae,NA
Centratherum punctatum,Asteraceae,Vernonioideae,NA
Adenophyllum porophylloides,Asteraceae,Asteroideae,NA
Oxypappus scaber,Asteraceae,Asteroideae,NA
Dyssodia pinnata pinnata,Asteraceae,Asteroideae,pinnata
Acourtia purpusii,Asteraceae,Mutisioideae,NA
Pectis barberi,Asteraceae,Asteroideae,NA
Senecio richardsonii,Asteraceae,Asteroideae,NA
Critoniopsis obtusa,Asteraceae,Vernonioideae,NA
Acourtia turbinata,Asteraceae,Mutisioideae,NA
Lagascea helianthifolia,Asteraceae,Asteroideae,NA
Vernonia bealliae,Asteraceae,Vernonioideae,NA
Flaveria trinervia,Asteraceae,Asteroideae,NA
Dyssodia tagetiflora,Asteraceae,Asteroideae,NA
Roldana nesomiorum,Asteraceae,Asteroideae,NA
Senecio picridis,Asteraceae,Asteroideae,NA
Roldana pennellii pennellii,Asteraceae,Asteroideae,pennellii
Acourtia purpusii,Asteraceae,Mutisioideae,NA
Acourtia hintoniorum,Asteraceae,Mutisioideae,NA
Flaveria trinervia,Asteraceae,Asteroideae,NA
Acourtia turbinata,Asteraceae,Mutisioideae,NA
Hymenoxys chrysanthemoides,Asteraceae,Asteroideae,NA
Onoseris onoseroides,Asteraceae,Mutisioideae,NA
Trixis mexicana mexicana,Asteraceae,Mutisioideae,mexicana
Schkuhria pinnata wislizeni,Asteraceae,Asteroideae,wislizeni
Helenium quadridentatum,Asteraceae,Asteroideae,NA
Schkuhria greenmanii,Asteraceae,Asteroideae,NA
Vernonanthura liatroides,Asteraceae,Vernonioideae,NA
Thymophylla tenuifolia,Asteraceae,Asteroideae,NA
Dyssodia tagetiflora,Asteraceae,Asteroideae,NA
Lepidaploa canescens,Asteraceae,Vernonioideae,NA
Acourtia caltepecana,Asteraceae,Mutisioideae,NA
Dyssodia tagetiflora,Asteraceae,Asteroideae,NA
Barkleyanthus salicifolius,Asteraceae,Asteroideae,NA
Calea ternifolia,Asteraceae,Asteroideae,NA
Dyssodia tagetiflora,Asteraceae,Asteroideae,NA
Schkuhria pinnata wislizeni,Asteraceae,Asteroideae,wislizeni
Eutetras pringlei,Asteraceae,Asteroideae,NA
Pseudelephantopus spicatus,Asteraceae,Vernonioideae,NA
Chaptalia nutans nutans,Asteraceae,Mutisioideae,nutans
Pluchea salicifolia,Asteraceae,Asteroideae,NA
Dyssodia anthemidifolia,Asteraceae,Asteroideae,NA
Schkuhria pinnata wislizeni,Asteraceae,Asteroideae,wislizeni
Thymophylla pentachaeta hartwegii,Asteraceae,Asteroideae,hartwegii
Psacalium sinuatum,Asteraceae,Asteroideae,NA
Dyssodia papposa,Asteraceae,Asteroideae,NA
Trixis inula,Asteraceae,Mutisioideae,NA
Senecio flaccidus flaccidus,Asteraceae,Asteroideae,flaccidus
Senecio flaccidus flaccidus,Asteraceae,Asteroideae,flaccidus
Tagetes erecta,Asteraceae,Asteroideae,NA
Barkleyanthus salicifolius,Asteraceae,Asteroideae,NA
Bidens aurea,Asteraceae,Asteroideae,NA
Calea ternifolia ternifolia,Asteraceae,Asteroideae,ternifolia
Viguiera dentata,Asteraceae,Asteroideae,NA
Cosmos diversifolius diversifolius,Asteraceae,Asteroideae,diversifolius
Viguiera morelensis,Asteraceae,Asteroideae,NA
Zaluzania triloba,Asteraceae,Asteroideae,NA
Sclerocarpus uniserialis,Asteraceae,Asteroideae,NA
Melampodium divaricatum,Asteraceae,Asteroideae,NA
Zaluzania triloba,Asteraceae,Asteroideae,NA
Tagetes tenuifolia,Asteraceae,Asteroideae,NA
Flaveria trinervia,Asteraceae,Asteroideae,NA
Flourensia resinosa,Asteraceae,Asteroideae,NA
Bidens ostruthioides,Asteraceae,Asteroideae,NA
Roldana barba-johannis,Asteraceae,Asteroideae,NA
Bidens ostruthioides,Asteraceae,Asteroideae,NA
Senecio cinerarioides,Asteraceae,Asteroideae,NA
Senecio callosus,Asteraceae,Asteroideae,NA
Packera sanguisorbae,Asteraceae,Asteroideae,NA
Barkleyanthus salicifolius,Asteraceae,Asteroideae,NA
Senecio callosus,Asteraceae,Asteroideae,NA
Roldana platanifolia,Asteraceae,Asteroideae,NA
Packera sanguisorbae,Asteraceae,Asteroideae,NA
Roldana angulifolia,Asteraceae,Asteroideae,NA
Senecio cinerarioides,Asteraceae,Asteroideae,NA
Roldana reticulata,Asteraceae,Asteroideae,NA
Barkleyanthus salicifolius,Asteraceae,Asteroideae,NA
Roldana barba-johannis,Asteraceae,Asteroideae,NA
Lagascea decipiens decipiens,Asteraceae,Asteroideae,decipiens
Acourtia parryi,Asteraceae,Mutisioideae,NA
Heterosperma pinnatum,Asteraceae,Asteroideae,NA
Leucactinia bracteata,Asteraceae,Asteroideae,NA
Thymophylla acerosa,Asteraceae,Asteroideae,NA
Helenium microcephalum ooclinium,Asteraceae,Asteroideae,ooclinium
Helenium microcephalum ooclinium,Asteraceae,Asteroideae,ooclinium
Helenium microcephalum ooclinium,Asteraceae,Asteroideae,ooclinium
Helenium microcephalum ooclinium,Asteraceae,Asteroideae,ooclinium
Helenium mexicanum,Asteraceae,Asteroideae,NA
Thymophylla tenuifolia,Asteraceae,Asteroideae,NA
Helenium microcephalum ooclinium,Asteraceae,Asteroideae,ooclinium
Helenium microcephalum ooclinium,Asteraceae,Asteroideae,ooclinium
Thymophylla tenuifolia,Asteraceae,Asteroideae,NA
Helenium microcephalum ooclinium,Asteraceae,Asteroideae,ooclinium
Thymophylla tenuifolia,Asteraceae,Asteroideae,NA
Thymophylla tenuifolia,Asteraceae,Asteroideae,NA
Helenium microcephalum ooclinium,Asteraceae,Asteroideae,ooclinium
Helenium microcephalum ooclinium,Asteraceae,Asteroideae,ooclinium
Thymophylla tenuifolia,Asteraceae,Asteroideae,NA
Helenium microcephalum ooclinium,Asteraceae,Asteroideae,ooclinium
Helenium microcephalum ooclinium,Asteraceae,Asteroideae,ooclinium
Helenium microcephalum ooclinium,Asteraceae,Asteroideae,ooclinium
Helenium microcephalum ooclinium,Asteraceae,Asteroideae,ooclinium
Helenium quadridentatum,Asteraceae,Asteroideae,NA
Thymophylla tenuifolia,Asteraceae,Asteroideae,NA
Acourtia nana,Asteraceae,Mutisioideae,NA
Helenium microcephalum ooclinium,Asteraceae,Asteroideae,ooclinium
Helenium microcephalum ooclinium,Asteraceae,Asteroideae,ooclinium
Thymophylla tenuifolia,Asteraceae,Asteroideae,NA
Helenium microcephalum ooclinium,Asteraceae,Asteroideae,ooclinium
Thymophylla tenuifolia,Asteraceae,Asteroideae,NA
Thymophylla tenuifolia,Asteraceae,Asteroideae,NA
Thymophylla tenuifolia,Asteraceae,Asteroideae,NA
Thymophylla tenuifolia,Asteraceae,Asteroideae,NA
Helenium microcephalum ooclinium,Asteraceae,Asteroideae,ooclinium
Helenium microcephalum ooclinium,Asteraceae,Asteroideae,ooclinium
Helenium microcephalum ooclinium,Asteraceae,Asteroideae,ooclinium
Helenium microcephalum ooclinium,Asteraceae,Asteroideae,ooclinium
Helenium microcephalum ooclinium,Asteraceae,Asteroideae,ooclinium
Thymophylla tenuifolia,Asteraceae,Asteroideae,NA
Tagetes tenuifolia,Asteraceae,Asteroideae,NA
Helenium microcephalum ooclinium,Asteraceae,Asteroideae,ooclinium
Thymophylla tenuifolia,Asteraceae,Asteroideae,NA
Helenium microcephalum ooclinium,Asteraceae,Asteroideae,ooclinium
Helenium microcephalum ooclinium,Asteraceae,Asteroideae,ooclinium
Tagetes erecta,Asteraceae,Asteroideae,NA
Helenium microcephalum ooclinium,Asteraceae,Asteroideae,ooclinium
Thymophylla tenuifolia,Asteraceae,Asteroideae,NA
Sanvitalia procumbens,Asteraceae,Asteroideae,NA
Pittocaulon praecox,Asteraceae,Asteroideae,NA
Pittocaulon praecox,Asteraceae,Asteroideae,NA
Dyssodia papposa,Asteraceae,Asteroideae,NA
Dyssodia papposa,Asteraceae,Asteroideae,NA
Verbesina robinsonii,Asteraceae,Asteroideae,NA
Verbesina serrata,Asteraceae,Asteroideae,NA
Sclerocarpus divaricatus,Asteraceae,Asteroideae,NA
Acourtia wrightii,Asteraceae,Mutisioideae,NA
Tithonia rotundifolia,Asteraceae,Asteroideae,NA
Porophyllum macrocephalum,Asteraceae,Asteroideae,NA
Zaluzania augusta augusta,Asteraceae,Asteroideae,augusta
Bidens odorata odorata,Asteraceae,Asteroideae,odorata
Dyssodia pinnata,Asteraceae,Asteroideae,NA
Zinnia peruviana,Asteraceae,Asteroideae,NA
Sclerocarpus uniserialis,Asteraceae,Asteroideae,NA
Verbesina turbacensis,Asteraceae,Asteroideae,NA
Zaluzania triloba,Asteraceae,Asteroideae,NA
Tithonia tubaeformis,Asteraceae,Asteroideae,NA
Senecio stoechadiformis,Asteraceae,Asteroideae,NA
Senecio stoechadiformis,Asteraceae,Asteroideae,NA
Roldana michoacana,Asteraceae,Asteroideae,NA
Vernonia bealliae,Asteraceae,Vernonioideae,NA
Roldana michoacana,Asteraceae,Asteroideae,NA
Acourtia turbinata,Asteraceae,Mutisioideae,NA
Senecio stoechadiformis,Asteraceae,Asteroideae,NA
Tagetes persicifolia,Asteraceae,Asteroideae,NA
Acourtia fruticosa,Asteraceae,Mutisioideae,NA
Zinnia peruviana,Asteraceae,Asteroideae,NA
Calyptocarpus vialis,Asteraceae,Asteroideae,NA
Sclerocarpus uniserialis,Asteraceae,Asteroideae,NA
Senecio picridis,Asteraceae,Asteroideae,NA
Melampodium perfoliatum,Asteraceae,Asteroideae,NA
Cosmos bipinnatus,Asteraceae,Asteroideae,NA
Dicranocarpus parviflorus,Asteraceae,Asteroideae,NA
Calea ternifolia,Asteraceae,Asteroideae,NA
Zaluzania triloba,Asteraceae,Asteroideae,NA
Tithonia diversifolia,Asteraceae,Asteroideae,NA
Pseudogynoxys chenopodioides chenopodioides,Asteraceae,Asteroideae,chenopodioides
Pseudogynoxys chenopodioides chenopodioides,Asteraceae,Asteroideae,chenopodioides
Zaluzania augusta augusta,Asteraceae,Asteroideae,augusta
Bidens aurea,Asteraceae,Asteroideae,NA
Zaluzania triloba,Asteraceae,Asteroideae,NA
Tithonia rotundifolia,Asteraceae,Asteroideae,NA
Heterosperma pinnatum,Asteraceae,Asteroideae,NA
Viguiera linearis,Asteraceae,Asteroideae,NA
Viguiera linearis,Asteraceae,Asteroideae,NA
Florestina pedata,Asteraceae,Asteroideae,NA
Sclerocarpus uniserialis,Asteraceae,Asteroideae,NA
Pseudelephantopus spicatus,Asteraceae,Vernonioideae,NA
Acmella radicans radicans,Asteraceae,Asteroideae,radicans
Acmella radicans radicans,Asteraceae,Asteroideae,radicans
Galeana pratensis,Asteraceae,Asteroideae,NA
Pseudelephantopus spicatus,Asteraceae,Vernonioideae,NA
Galeana pratensis,Asteraceae,Asteroideae,NA
Aldama dentata,Asteraceae,Asteroideae,NA
Montanoa mollissima,Asteraceae,Asteroideae,NA
Verbesina crocata,Asteraceae,Asteroideae,NA
Senecio toluccanus,Asteraceae,Asteroideae,NA
Zaluzania triloba,Asteraceae,Asteroideae,NA
Chrysactinia mexicana,Asteraceae,Asteroideae,NA
Thymophylla setifolia,Asteraceae,Asteroideae,NA
Dyssodia papposa,Asteraceae,Asteroideae,NA
Thymophylla setifolia,Asteraceae,Asteroideae,NA
Psacalium radulifolium,Asteraceae,Asteroideae,NA
Iostephane heterophylla,Asteraceae,Asteroideae,NA
Cosmos parviflorus,Asteraceae,Asteroideae,NA
Zaluzania augusta augusta,Asteraceae,Asteroideae,augusta
Zinnia peruviana,Asteraceae,Asteroideae,NA
Verbesina serrata,Asteraceae,Asteroideae,NA
Tithonia tubaeformis,Asteraceae,Asteroideae,NA
Xanthium strumarium,Asteraceae,Asteroideae,NA
Xanthium strumarium,Asteraceae,Asteroideae,NA
Aldama dentata,Asteraceae,Asteroideae,NA
Cosmos diversifolius diversifolius,Asteraceae,Asteroideae,diversifolius
Cosmos crithmifolius,Asteraceae,Asteroideae,NA
Cosmos parviflorus,Asteraceae,Asteroideae,NA
Bidens triplinervia,Asteraceae,Asteroideae,NA
Critoniopsis uniflora,Asteraceae,Vernonioideae,NA
Melampodium linearilobum,Asteraceae,Asteroideae,NA
Acmella radicans radicans,Asteraceae,Asteroideae,radicans
Acourtia turbinata,Asteraceae,Mutisioideae,NA
Helenium microcephalum ooclinium,Asteraceae,Asteroideae,ooclinium
Helenium microcephalum ooclinium,Asteraceae,Asteroideae,ooclinium
Helenium microcephalum ooclinium,Asteraceae,Asteroideae,ooclinium
Helenium microcephalum ooclinium,Asteraceae,Asteroideae,ooclinium
Helenium microcephalum ooclinium,Asteraceae,Asteroideae,ooclinium
Helenium microcephalum ooclinium,Asteraceae,Asteroideae,ooclinium
Helenium quadridentatum,Asteraceae,Asteroideae,NA
Helenium microcephalum ooclinium,Asteraceae,Asteroideae,ooclinium
Helenium microcephalum ooclinium,Asteraceae,Asteroideae,ooclinium
Helenium microcephalum ooclinium,Asteraceae,Asteroideae,ooclinium
Sanvitalia procumbens,Asteraceae,Asteroideae,NA
Calyptocarpus vialis,Asteraceae,Asteroideae,NA
Gochnatia hypoleuca hypoleuca,Asteraceae,Gochnatioideae,hypoleuca
Parthenium hysterophorus,Asteraceae,Asteroideae,NA
Verbesina virgata virgata,Asteraceae,Asteroideae,virgata
Zaluzania augusta augusta,Asteraceae,Asteroideae,augusta
Calanticaria greggii,Asteraceae,Asteroideae,NA
Jefea brevifolia,Asteraceae,Asteroideae,NA
Calea urticifolia urticifolia,Asteraceae,Asteroideae,urticifolia
Viguiera excelsa excelsa,Asteraceae,Asteroideae,excelsa
Viguiera excelsa excelsa,Asteraceae,Asteroideae,excelsa
Grindelia palmeri,Asteraceae,Asteroideae,NA
Tagetes micrantha,Asteraceae,Asteroideae,NA
Bidens aurea,Asteraceae,Asteroideae,NA
Tagetes parryi,Asteraceae,Asteroideae,NA
Calea urticifolia urticifolia,Asteraceae,Asteroideae,urticifolia
Coulterella capitata,Asteraceae,Asteroideae,NA
Zinnia peruviana,Asteraceae,Asteroideae,NA
Stenocarpha filiformis,Asteraceae,Asteroideae,NA
Porophyllum coloratum coloratum,Asteraceae,Asteroideae,coloratum
Heliopsis parvifolia,Asteraceae,Asteroideae,NA
Montanoa leucantha leucantha,Asteraceae,Asteroideae,leucantha
Zaluzania triloba,Asteraceae,Asteroideae,NA
Zaluzania triloba,Asteraceae,Asteroideae,NA
Flaveria anomala,Asteraceae,Asteroideae,NA
Sanvitalia procumbens,Asteraceae,Asteroideae,NA
Sanvitalia procumbens,Asteraceae,Asteroideae,NA
Sanvitalia procumbens,Asteraceae,Asteroideae,NA
Sanvitalia procumbens,Asteraceae,Asteroideae,NA
Sanvitalia procumbens,Asteraceae,Asteroideae,NA
Sanvitalia procumbens,Asteraceae,Asteroideae,NA
Helenium microcephalum ooclinium,Asteraceae,Asteroideae,ooclinium
Sanvitalia procumbens,Asteraceae,Asteroideae,NA
Sanvitalia procumbens,Asteraceae,Asteroideae,NA
Sanvitalia procumbens,Asteraceae,Asteroideae,NA
Sanvitalia procumbens,Asteraceae,Asteroideae,NA
Sanvitalia procumbens,Asteraceae,Asteroideae,NA
Zinnia peruviana,Asteraceae,Asteroideae,NA
Viguiera linearis,Asteraceae,Asteroideae,NA
Verbesina serrata,Asteraceae,Asteroideae,NA
Achillea millefolium,Asteraceae,Asteroideae,NA
Zaluzania augusta augusta,Asteraceae,Asteroideae,augusta
Pluchea symphytifolia,Asteraceae,Asteroideae,NA
Sclerocarpus uniserialis,Asteraceae,Asteroideae,NA
Packera tampicana,Asteraceae,Asteroideae,NA
Zaluzania triloba,Asteraceae,Asteroideae,NA
Vernonia karvinskiana karwinskiana,Asteraceae,Vernonioideae,karwinskiana
Acourtia platyphylla,Asteraceae,Mutisioideae,NA
Pittocaulon praecox,Asteraceae,Asteroideae,NA
Sclerocarpus uniserialis,Asteraceae,Asteroideae,NA
Viguiera excelsa pachycephala,Asteraceae,Asteroideae,pachycephala
Tithonia tubaeformis,Asteraceae,Asteroideae,NA
Tagetes lucida,Asteraceae,Asteroideae,NA
Verbesina coahuilensis,Asteraceae,Asteroideae,NA
Smallanthus maculatus,Asteraceae,Asteroideae,NA
Calea ternifolia,Asteraceae,Asteroideae,NA
Calea ternifolia ternifolia,Asteraceae,Asteroideae,ternifolia
Montanoa leucantha leucantha,Asteraceae,Asteroideae,leucantha
Melampodium sericeum,Asteraceae,Asteroideae,NA
Montanoa mollissima,Asteraceae,Asteroideae,NA
Smallanthus maculatus,Asteraceae,Asteroideae,NA
Acourtia parryi,Asteraceae,Mutisioideae,NA
Gochnatia hypoleuca hypoleuca,Asteraceae,Gochnatioideae,hypoleuca
Lagascea mollis,Asteraceae,Asteroideae,NA
Trixis pterocaulis,Asteraceae,Mutisioideae,NA
Calea urticifolia urticifolia,Asteraceae,Asteroideae,urticifolia
Zinnia peruviana,Asteraceae,Asteroideae,NA
Heliopsis annua,Asteraceae,Asteroideae,NA
Verbesina serrata,Asteraceae,Asteroideae,NA
Adenophyllum cancellatum,Asteraceae,Asteroideae,NA
Zinnia peruviana,Asteraceae,Asteroideae,NA
Flaveria robusta,Asteraceae,Asteroideae,NA
Lasianthaea macrocephala,Asteraceae,Asteroideae,NA
Lagascea palmeri,Asteraceae,Asteroideae,NA
Porophyllum punctatum,Asteraceae,Asteroideae,NA
Cosmos scabiosoides,Asteraceae,Asteroideae,NA
Lagascea helianthifolia,Asteraceae,Asteroideae,NA
Cosmos crithmifolius,Asteraceae,Asteroideae,NA
Cosmos parviflorus,Asteraceae,Asteroideae,NA
Porophyllum lindenii,Asteraceae,Asteroideae,NA
Melampodium sericeum,Asteraceae,Asteroideae,NA
Helenium microcephalum ooclinium,Asteraceae,Asteroideae,ooclinium
Viguiera schultzii,Asteraceae,Asteroideae,NA
Montanoa leucantha arborescens,Asteraceae,Asteroideae,arborescens
Viguiera linearis,Asteraceae,Asteroideae,NA
Zinnia peruviana,Asteraceae,Asteroideae,NA
Zinnia peruviana,Asteraceae,Asteroideae,NA
Zaluzania augusta augusta,Asteraceae,Asteroideae,augusta
Verbesina serrata,Asteraceae,Asteroideae,NA
Heliopsis annua,Asteraceae,Asteroideae,NA
Zinnia peruviana,Asteraceae,Asteroideae,NA
Wedelia acapulcensis hispida,Asteraceae,Asteroideae,hispida
Viguiera linearis,Asteraceae,Asteroideae,NA
Florestina tripteris,Asteraceae,Asteroideae,NA
Zaluzania triloba,Asteraceae,Asteroideae,NA
Bahia absinthifolia absinthifolia,Asteraceae,Asteroideae,absinthifolia
Bidens aurea,Asteraceae,Asteroideae,NA
Artemisia ludoviciana,Asteraceae,Asteroideae,NA
Cosmos crithmifolius,Asteraceae,Asteroideae,NA
Roldana mexicana,Asteraceae,Asteroideae,NA
Senecio stoechadiformis,Asteraceae,Asteroideae,NA
Acourtia parryi,Asteraceae,Mutisioideae,NA
Bahia schaffneri schaffneri,Asteraceae,Asteroideae,schaffneri
Acourtia parryi,Asteraceae,Mutisioideae,NA
Senecio flaccidus flaccidus,Asteraceae,Asteroideae,flaccidus
Acmella repens,Asteraceae,Asteroideae,NA
Calea ternifolia,Asteraceae,Asteroideae,NA
Artemisia ludoviciana,Asteraceae,Asteroideae,NA
Dyssodia tagetiflora,Asteraceae,Asteroideae,NA
Zaluzania triloba,Asteraceae,Asteroideae,NA
Acourtia nana,Asteraceae,Mutisioideae,NA
Cosmos palmeri palmeri,Asteraceae,NA,palmeri
Barkleyanthus salicifolius,Asteraceae,Asteroideae,NA
Zinnia peruviana,Asteraceae,Asteroideae,NA
Zinnia peruviana,Asteraceae,Asteroideae,NA
Verbesina serrata,Asteraceae,Asteroideae,NA
Verbesina serrata,Asteraceae,Asteroideae,NA
Viguiera linearis,Asteraceae,Asteroideae,NA
Melampodium divaricatum,Asteraceae,Asteroideae,NA
Verbesina serrata,Asteraceae,Asteroideae,NA
Zinnia haageana,Asteraceae,Asteroideae,NA
Zaluzania augusta augusta,Asteraceae,Asteroideae,augusta
Viguiera linearis,Asteraceae,Asteroideae,NA
Viguiera linearis,Asteraceae,Asteroideae,NA
Zaluzania augusta augusta,Asteraceae,Asteroideae,augusta
Verbesina serrata,Asteraceae,Asteroideae,NA
Zaluzania augusta augusta,Asteraceae,Asteroideae,augusta
Viguiera linearis,Asteraceae,Asteroideae,NA
Adenophyllum cancellatum,Asteraceae,Asteroideae,NA
Verbesina serrata,Asteraceae,Asteroideae,NA
Viguiera morelensis,Asteraceae,Asteroideae,NA
Cosmos diversifolius diversifolius,Asteraceae,Asteroideae,diversifolius
Cosmos atrosanguineus,Asteraceae,Asteroideae,NA
Cosmos diversifolius diversifolius,Asteraceae,Asteroideae,diversifolius
Dyssodia papposa,Asteraceae,Asteroideae,NA
Helenium quadridentatum,Asteraceae,Asteroideae,NA
Zaluzania triloba,Asteraceae,Asteroideae,NA
Zaluzania augusta augusta,Asteraceae,Asteroideae,augusta
Tridax coronopifolia,Asteraceae,Asteroideae,NA
Galeana pratensis,Asteraceae,Asteroideae,NA
Calea urticifolia urticifolia,Asteraceae,Asteroideae,urticifolia
Lepidaploa canescens,Asteraceae,Vernonioideae,NA
Zinnia violacea,Asteraceae,Asteroideae,NA
Adenophyllum porophyllum porophyllum,Asteraceae,Asteroideae,porophyllum
Viguiera excelsa pachycephala,Asteraceae,Asteroideae,pachycephala
Bidens angustissima,Asteraceae,Asteroideae,NA
Sclerocarpus uniserialis,Asteraceae,Asteroideae,NA
Artemisia ludoviciana,Asteraceae,Asteroideae,NA
Bidens ostruthioides,Asteraceae,Asteroideae,NA
Lagascea helianthifolia helianthifolia,Asteraceae,Asteroideae,helianthifolia
Calea urticifolia urticifolia,Asteraceae,Asteroideae,urticifolia
Calea urticifolia urticifolia,Asteraceae,Asteroideae,urticifolia
Lasianthaea macrocephala,Asteraceae,Asteroideae,NA
Acourtia parryi,Asteraceae,Mutisioideae,NA
Berlandiera lyrata lyrata,Asteraceae,Asteroideae,lyrata
Zaluzania triloba,Asteraceae,Asteroideae,NA
Zaluzania triloba,Asteraceae,Asteroideae,NA
Verbesina sphaerocephala,Asteraceae,Asteroideae,NA
Calea ternifolia ternifolia,Asteraceae,Asteroideae,ternifolia
Heliopsis annua,Asteraceae,Asteroideae,NA
Zaluzania augusta augusta,Asteraceae,Asteroideae,augusta
Zaluzania augusta augusta,Asteraceae,Asteroideae,augusta
Euphrosyne partheniifolia,Asteraceae,Asteroideae,NA
Melampodium perfoliatum,Asteraceae,Asteroideae,NA
Jaegeria hirta,Asteraceae,Asteroideae,NA
Parthenium hysterophorus,Asteraceae,Asteroideae,NA
Cosmos sulphureus,Asteraceae,Asteroideae,NA
Heliopsis parvifolia,Asteraceae,Asteroideae,NA
Gochnatia magna,Asteraceae,Gochnatioideae,NA
Heterosperma pinnatum,Asteraceae,Asteroideae,NA
Bahia schaffneri schaffneri,Asteraceae,Asteroideae,schaffneri
Calea urticifolia urticifolia,Asteraceae,Asteroideae,urticifolia
Critoniopsis macphersonii,Asteraceae,Vernonioideae,NA
Pittocaulon hintonii,Asteraceae,Asteroideae,NA
Lagascea mollis,Asteraceae,Asteroideae,NA
Baltimora recta,Asteraceae,Asteroideae,NA
Mimosa bahamensis,Fabaceae,Caesalpinioideae,NA
Nopalea gaumeri,Cactaceae,Opuntioideae,NA
Lonchocarpus punctatus,Fabaceae,Papilionoideae,NA
Acmella repens,Asteraceae,Asteroideae,NA
Aldama dentata,Asteraceae,Asteroideae,NA
Lagascea mollis,Asteraceae,Asteroideae,NA
Helenium elegans amphibolum,Asteraceae,Asteroideae,amphibolum
Zinnia peruviana,Asteraceae,Asteroideae,NA
Heterosperma pinnatum,Asteraceae,Asteroideae,NA
Dyssodia pinnata,Asteraceae,Asteroideae,NA
Zinnia peruviana,Asteraceae,Asteroideae,NA
Dyssodia papposa,Asteraceae,Asteroideae,NA
Bidens odorata odorata,Asteraceae,Asteroideae,odorata
Dahlia coccinea,Asteraceae,Asteroideae,NA
Jaegeria hirta,Asteraceae,Asteroideae,NA
Coreopsis pringlei,Asteraceae,Asteroideae,NA
Zinnia peruviana,Asteraceae,Asteroideae,NA
Verbesina serrata,Asteraceae,Asteroideae,NA
Lagascea palmeri,Asteraceae,Asteroideae,NA
Bidens aurea,Asteraceae,Asteroideae,NA
Calea urticifolia urticifolia,Asteraceae,Asteroideae,urticifolia
Viguiera montana,Asteraceae,Asteroideae,NA
Chrysactinia mexicana,Asteraceae,Asteroideae,NA
Gochnatia hypoleuca hypoleuca,Asteraceae,Gochnatioideae,hypoleuca
Thymophylla setifolia,Asteraceae,Asteroideae,NA
Thymophylla acerosa,Asteraceae,Asteroideae,NA
Helenium microcephalum ooclinium,Asteraceae,Asteroideae,ooclinium
Calea urticifolia urticifolia,Asteraceae,Asteroideae,urticifolia
Acourtia fruticosa,Asteraceae,Mutisioideae,NA
Synedrella nodiflora,Asteraceae,Asteroideae,NA
Aldama dentata dentata,Asteraceae,Asteroideae,dentata
Melanthera nivea,Asteraceae,Asteroideae,NA
Melampodium divaricatum,Asteraceae,Asteroideae,NA
Viguiera dentata,Asteraceae,Asteroideae,NA
Tithonia calva calva,Asteraceae,Asteroideae,calva
Calea urticifolia urticifolia,Asteraceae,Asteroideae,urticifolia
Calea urticifolia urticifolia,Asteraceae,Asteroideae,urticifolia
Perityle jaliscana,Asteraceae,Asteroideae,NA
Critoniopsis foliosa,Asteraceae,Vernonioideae,NA
Cosmos sulphureus,Asteraceae,Asteroideae,NA
Sanvitalia procumbens,Asteraceae,Asteroideae,NA
Melampodium sericeum,Asteraceae,Asteroideae,NA
Zaluzania augusta augusta,Asteraceae,Asteroideae,augusta
Viguiera linearis,Asteraceae,Asteroideae,NA
Zinnia peruviana,Asteraceae,Asteroideae,NA
Viguiera dentata,Asteraceae,Asteroideae,NA
Adenophyllum cancellatum,Asteraceae,Asteroideae,NA
Melampodium sericeum,Asteraceae,Asteroideae,NA
Melampodium divaricatum,Asteraceae,Asteroideae,NA
Tagetes persicifolia,Asteraceae,Asteroideae,NA
Acourtia purpusii,Asteraceae,Mutisioideae,NA
Tithonia rotundifolia,Asteraceae,Asteroideae,NA
Zaluzania augusta augusta,Asteraceae,Asteroideae,augusta
Bidens clavata,Asteraceae,Asteroideae,NA
Jaegeria purpurascens,Asteraceae,Asteroideae,NA
Zaluzania triloba,Asteraceae,Asteroideae,NA
Jaegeria hirta,Asteraceae,Asteroideae,NA
Lagascea helianthifolia,Asteraceae,Asteroideae,NA
Calea urticifolia urticifolia,Asteraceae,Asteroideae,urticifolia
Erechtites valerianifolius,Asteraceae,Asteroideae,NA
Helenium quadridentatum,Asteraceae,Asteroideae,NA
Critoniopsis tomentosa,Asteraceae,Vernonioideae,NA
Psacalium pringlei,Asteraceae,Asteroideae,NA
Calea urticifolia urticifolia,Asteraceae,Asteroideae,urticifolia
Psacalium poculiferum,Asteraceae,Asteroideae,NA
Vernonanthura serratuloides,Asteraceae,Vernonioideae,NA
Jaliscoa pringlei,Asteraceae,Asteroideae,NA
Vernonanthura deppeana,Asteraceae,Vernonioideae,NA
Flaveria oppositifolia,Asteraceae,Asteroideae,NA
Calea ternifolia ternifolia,Asteraceae,Asteroideae,ternifolia
Bidens squarrosa,Asteraceae,Asteroideae,NA
Lagascea helianthifolia helianthifolia,Asteraceae,Asteroideae,helianthifolia
Lagascea helianthifolia helianthifolia,Asteraceae,Asteroideae,helianthifolia
Bidens angustissima,Asteraceae,Asteroideae,NA
Montanoa leucantha leucantha,Asteraceae,Asteroideae,leucantha
Verbesina serrata,Asteraceae,Asteroideae,NA
Berlandiera lyrata lyrata,Asteraceae,Asteroideae,lyrata
Zinnia peruviana,Asteraceae,Asteroideae,NA
Helenium microcephalum ooclinium,Asteraceae,Asteroideae,ooclinium
Tagetes lunulata,Asteraceae,Asteroideae,NA
Heterosperma pinnatum,Asteraceae,Asteroideae,NA
Acourtia parryi,Asteraceae,Mutisioideae,NA
Dyssodia pinnata glabrescens,Asteraceae,Asteroideae,glabrescens
Chrysactinia pinnata,Asteraceae,Asteroideae,NA
Jefea lantanifolia,Asteraceae,Asteroideae,NA
Porophyllum coloratum coloratum,Asteraceae,Asteroideae,coloratum
Sclerocarpus uniserialis,Asteraceae,Asteroideae,NA
Calyptocarpus vialis,Asteraceae,Asteroideae,NA
Lagascea mollis,Asteraceae,Asteroideae,NA
Acourtia fruticosa,Asteraceae,Mutisioideae,NA
Lagascea helianthifolia,Asteraceae,Asteroideae,NA
Calea urticifolia urticifolia,Asteraceae,Asteroideae,urticifolia
Pseudelephantopus spicatus,Asteraceae,Vernonioideae,NA
Lasianthaea aurea,Asteraceae,Asteroideae,NA
Barkleyanthus salicifolius,Asteraceae,Asteroideae,NA
Barkleyanthus salicifolius,Asteraceae,Asteroideae,NA
Iostephane heterophylla,Asteraceae,Asteroideae,NA
Psacalium palmeri,Asteraceae,Asteroideae,NA
Tagetes micrantha,Asteraceae,Asteroideae,NA
Alloispermum scabrum,Asteraceae,Asteroideae,NA
Guardiola tulocarpus,Asteraceae,Asteroideae,NA
Melampodium divaricatum,Asteraceae,Asteroideae,NA
Tagetes lucida,Asteraceae,Asteroideae,NA
Dahlia coccinea,Asteraceae,Asteroideae,NA
Artemisia ludoviciana,Asteraceae,Asteroideae,NA
Heterosperma pinnatum,Asteraceae,Asteroideae,NA
Zaluzania augusta augusta,Asteraceae,Asteroideae,augusta
Zaluzania augusta augusta,Asteraceae,Asteroideae,augusta
Zaluzania augusta augusta,Asteraceae,Asteroideae,augusta
Geraea viscida,Asteraceae,Asteroideae,NA
Dicranocarpus parviflorus,Asteraceae,Asteroideae,NA
Thymophylla setifolia,Asteraceae,Asteroideae,NA
Bahia absinthifolia absinthifolia,Asteraceae,Asteroideae,absinthifolia
Wedelia acapulcensis hispida,Asteraceae,Asteroideae,hispida
Critoniopsis tarchonanthifolia,Asteraceae,Vernonioideae,NA
Roldana heteroidea,Asteraceae,Asteroideae,NA
Critoniopsis tarchonanthifolia,Asteraceae,Vernonioideae,NA
Digitacalia crypta,Asteraceae,Asteroideae,NA
Coreopsis cyclocarpa pinnatisecta,Asteraceae,Asteroideae,pinnatisecta
Roldana heteroidea,Asteraceae,Asteroideae,NA
Stevia hirsuta hirsuta,Asteraceae,Asteroideae,hirsuta
Digitacalia napeifolia,Asteraceae,Asteroideae,NA
Psacalium amplifolium,Asteraceae,Asteroideae,NA
Desmanthodium ovatum,Asteraceae,Asteroideae,NA
Psacalium megaphyllum,Asteraceae,Asteroideae,NA
Viguiera linearis,Asteraceae,Asteroideae,NA
Tagetes micrantha,Asteraceae,Asteroideae,NA
Acourtia lozanoi,Asteraceae,Mutisioideae,NA
Calea ternifolia,Asteraceae,Asteroideae,NA
Xanthium strumarium,Asteraceae,Asteroideae,NA
Dyssodia papposa,Asteraceae,Asteroideae,NA
Sanvitalia procumbens,Asteraceae,Asteroideae,NA
Porophyllum coloratum obtusifolium,Asteraceae,Asteroideae,obtusifolium
Smallanthus maculatus,Asteraceae,Asteroideae,NA
Sclerocarpus uniserialis,Asteraceae,Asteroideae,NA
Baltimora geminata,Asteraceae,Asteroideae,NA
Tithonia tubaeformis,Asteraceae,Asteroideae,NA
Lagascea palmeri,Asteraceae,Asteroideae,NA
Tithonia rotundifolia,Asteraceae,Asteroideae,NA
Calea ternifolia,Asteraceae,Asteroideae,NA
Calea urticifolia urticifolia,Asteraceae,Asteroideae,urticifolia
Roldana heracleifolia,Asteraceae,Asteroideae,NA
Vernonia karvinskiana karwinskiana,Asteraceae,Vernonioideae,karwinskiana
Lagascea heteropappus,Asteraceae,Asteroideae,NA
Tagetes mulleri,Asteraceae,Asteroideae,NA
Simsia calva,Asteraceae,Asteroideae,NA
Parthenium incanum,Asteraceae,Asteroideae,NA
Senecio cyclophyllus,Asteraceae,Asteroideae,NA
Thymophylla pentachaeta pentachaeta,Asteraceae,Asteroideae,pentachaeta
Greenmaniella resinosa,Asteraceae,Asteroideae,NA
Vigethia mexicana,Asteraceae,Asteroideae,NA
Sclerocarpus uniserialis,Asteraceae,Asteroideae,NA
Parthenium bipinnatifidum,Asteraceae,Asteroideae,NA
Tagetes micrantha,Asteraceae,Asteroideae,NA
Helenium microcephalum ooclinium,Asteraceae,Asteroideae,ooclinium
Verbesina sphaerocephala sphaerocephala,Asteraceae,Asteroideae,sphaerocephala
Cosmos sulphureus,Asteraceae,Asteroideae,NA
Tithonia diversifolia,Asteraceae,Asteroideae,NA
Senecio cinerarioides,Asteraceae,Asteroideae,NA
Packera sanguisorbae,Asteraceae,Asteroideae,NA
Bidens anthemoides,Asteraceae,Asteroideae,NA
Senecio helodes,Asteraceae,Asteroideae,NA
Jaegeria glabra,Asteraceae,Asteroideae,NA
Packera bellidifolia,Asteraceae,Asteroideae,NA
Packera bellidifolia,Asteraceae,Asteroideae,NA
Packera sanguisorbae,Asteraceae,Asteroideae,NA
Roldana angulifolia,Asteraceae,Asteroideae,NA
Bidens triplinervia,Asteraceae,Asteroideae,NA
Senecio toluccanus,Asteraceae,Asteroideae,NA
Iostephane heterophylla,Asteraceae,Asteroideae,NA
Roldana angulifolia,Asteraceae,Asteroideae,NA
Lagascea helianthifolia,Asteraceae,Asteroideae,NA
Pentacalia parasitica,Asteraceae,Asteroideae,NA
Barkleyanthus salicifolius,Asteraceae,Asteroideae,NA
Telanthophora grandifolia grandifolia,Asteraceae,Asteroideae,grandifolia
Neurolaena macrocephala,Asteraceae,Asteroideae,NA
Lepidaploa tortuosa,Asteraceae,Vernonioideae,NA
Melanthera nivea,Asteraceae,Asteroideae,NA
Viguiera linearis,Asteraceae,Asteroideae,NA
Verbesina robinsonii,Asteraceae,Asteroideae,NA
Bidens ferulifolia,Asteraceae,Asteroideae,NA
Zinnia peruviana,Asteraceae,Asteroideae,NA
Lasianthaea macrocephala,Asteraceae,Asteroideae,NA
Acmella repens,Asteraceae,Asteroideae,NA
Adenophyllum aurantium,Asteraceae,Asteroideae,NA
Adenophyllum aurantium,Asteraceae,Asteroideae,NA
Aldama dentata,Asteraceae,Asteroideae,NA
Zaluzania megacephala megacephala,Asteraceae,Asteroideae,megacephala
Zaluzania megacephala coahuilensis,Asteraceae,Asteroideae,coahuilensis
Vernonia greggii,Asteraceae,Vernonioideae,NA
Cosmos scabiosoides,Asteraceae,Asteroideae,NA
Melampodium aureum,Asteraceae,Asteroideae,NA
Verbesina oligantha,Asteraceae,Asteroideae,NA
Zinnia violacea,Asteraceae,Asteroideae,NA
Schkuhria pinnata wislizeni,Asteraceae,Asteroideae,wislizeni
Alloispermum integrifolium,Asteraceae,Asteroideae,NA
Florestina tripteris,Asteraceae,Asteroideae,NA
Acourtia nana,Asteraceae,Mutisioideae,NA
Bidens ostruthioides,Asteraceae,Asteroideae,NA
Zaluzania triloba,Asteraceae,Asteroideae,NA
Zaluzania triloba,Asteraceae,Asteroideae,NA
Bidens rostrata,Asteraceae,Asteroideae,NA
Senecio callosus,Asteraceae,Asteroideae,NA
Lagascea mollis,Asteraceae,Asteroideae,NA
Zinnia violacea,Asteraceae,Asteroideae,NA
Zaluzania triloba,Asteraceae,Asteroideae,NA
Xanthium strumarium,Asteraceae,Asteroideae,NA
Gochnatia hypoleuca obtusata,Asteraceae,Gochnatioideae,obtusata
Porophyllum calcicola,Asteraceae,Asteroideae,NA
Lasianthaea macrocephala,Asteraceae,Asteroideae,NA
Bidens pilosa,Asteraceae,Asteroideae,NA
Zaluzania triloba,Asteraceae,Asteroideae,NA
Tithonia tubaeformis,Asteraceae,Asteroideae,NA
Lagascea helianthifolia helianthifolia,Asteraceae,Asteroideae,helianthifolia
Vernonanthura patens,Asteraceae,Vernonioideae,NA
Vernonanthura patens,Asteraceae,Vernonioideae,NA
Zaluzania triloba,Asteraceae,Asteroideae,NA
Zaluzania triloba,Asteraceae,Asteroideae,NA
Jaegeria hirta,Asteraceae,Asteroideae,NA
Roldana barba-johannis,Asteraceae,Asteroideae,NA
Cosmos scabiosoides,Asteraceae,Asteroideae,NA
Roldana albonervia,Asteraceae,Asteroideae,NA
Roldana angulifolia,Asteraceae,Asteroideae,NA
Roldana mexicana,Asteraceae,Asteroideae,NA
Alloispermum integrifolium,Asteraceae,Asteroideae,NA
Cosmos sulphureus,Asteraceae,Asteroideae,NA
Acmella repens,Asteraceae,Asteroideae,NA
Sinclairia glabra hypoleuca,Asteraceae,Vernonioideae,hypoleuca
Helenium quadridentatum,Asteraceae,Asteroideae,NA
Sclerocarpus divaricatus,Asteraceae,Asteroideae,NA
Verbesina parviflora parviflora,Asteraceae,Asteroideae,parviflora
Verbesina hypomalaca hypomalaca,Asteraceae,Asteroideae,hypomalaca
Gochnatia hypoleuca hypoleuca,Asteraceae,Gochnatioideae,hypoleuca
Lagascea helianthifolia,Asteraceae,Asteroideae,NA
Calea urticifolia urticifolia,Asteraceae,Asteroideae,urticifolia
Lagascea helianthifolia,Asteraceae,Asteroideae,NA
Acourtia fruticosa,Asteraceae,Mutisioideae,NA
Lagascea helianthifolia,Asteraceae,Asteroideae,NA
Acourtia nana,Asteraceae,Mutisioideae,NA
Acourtia parryi,Asteraceae,Mutisioideae,NA
Gochnatia hypoleuca hypoleuca,Asteraceae,Gochnatioideae,hypoleuca
Cosmos crithmifolius,Asteraceae,Asteroideae,NA
Senecio iodanthus,Asteraceae,Asteroideae,NA
Bidens aurea,Asteraceae,Asteroideae,NA
Bahia schaffneri schaffneri,Asteraceae,Asteroideae,schaffneri
Heterosperma pinnatum,Asteraceae,Asteroideae,NA
Cosmos sulphureus,Asteraceae,Asteroideae,NA
Lagascea helianthifolia helianthifolia,Asteraceae,Asteroideae,helianthifolia
Calea urticifolia urticifolia,Asteraceae,Asteroideae,urticifolia
Zaluzania augusta augusta,Asteraceae,Asteroideae,augusta
Aldama dentata,Asteraceae,Asteroideae,NA
Melampodium longipes,Asteraceae,Asteroideae,NA
Tagetes tenuifolia,Asteraceae,Asteroideae,NA
Verbesina lottiana,Asteraceae,Asteroideae,NA
Tagetes tenuifolia,Asteraceae,Asteroideae,NA
Dyssodia tagetiflora,Asteraceae,Asteroideae,NA
Helenium quadridentatum,Asteraceae,Asteroideae,NA
Cosmos sulphureus,Asteraceae,Asteroideae,NA
Melampodium montanum viridulum,Asteraceae,Asteroideae,viridulum
Sclerocarpus uniserialis,Asteraceae,Asteroideae,NA
Bidens aurea,Asteraceae,Asteroideae,NA
Cosmos sulphureus,Asteraceae,Asteroideae,NA
Zaluzania triloba,Asteraceae,Asteroideae,NA
Calea ternifolia,Asteraceae,Asteroideae,NA
Bidens odorata odorata,Asteraceae,Asteroideae,odorata
Flaveria oppositifolia,Asteraceae,Asteroideae,NA
Geraea canescens,Asteraceae,Asteroideae,NA
Jaegeria bellidifolia,Asteraceae,NA,NA
Bidens laevis,Asteraceae,Asteroideae,NA
Tithonia tubaeformis,Asteraceae,Asteroideae,NA
Verbesina serrata,Asteraceae,Asteroideae,NA
Berlandiera lyrata macrophylla,Asteraceae,Asteroideae,macrophylla
Sclerocarpus divaricatus,Asteraceae,Asteroideae,NA
Flaveria anomala,Asteraceae,Asteroideae,NA
Bahia schaffneri schaffneri,Asteraceae,Asteroideae,schaffneri
Sanvitalia procumbens,Asteraceae,Asteroideae,NA
Helenium microcephalum ooclinium,Asteraceae,Asteroideae,ooclinium
Bahia schaffneri schaffneri,Asteraceae,Asteroideae,schaffneri
Helenium microcephalum ooclinium,Asteraceae,Asteroideae,ooclinium
Flaveria anomala,Asteraceae,Asteroideae,NA
Helenium microcephalum ooclinium,Asteraceae,Asteroideae,ooclinium
Helenium microcephalum ooclinium,Asteraceae,Asteroideae,ooclinium
Helenium microcephalum ooclinium,Asteraceae,Asteroideae,ooclinium
Sanvitalia procumbens,Asteraceae,Asteroideae,NA
Thymophylla tenuifolia,Asteraceae,Asteroideae,NA
Sanvitalia procumbens,Asteraceae,Asteroideae,NA
Sanvitalia procumbens,Asteraceae,Asteroideae,NA
Zaluzania triloba,Asteraceae,Asteroideae,NA
Vernonanthura cordata,Asteraceae,Vernonioideae,NA
Critoniopsis uniflora,Asteraceae,Vernonioideae,NA
Melampodium gracile,Asteraceae,Asteroideae,NA
Cosmos bipinnatus,Asteraceae,Asteroideae,NA
Bolanosa coulteri,Asteraceae,Vernonioideae,NA
Iostephane heterophylla,Asteraceae,Asteroideae,NA
Senecio scalaris scalaris,Asteraceae,NA,scalaris
Verbesina parviflora parviflora,Asteraceae,Asteroideae,parviflora
Senecio townsendii,Asteraceae,Asteroideae,NA
Pectis barberi,Asteraceae,Asteroideae,NA
Roldana pennellii,Asteraceae,Asteroideae,NA
Verbesina pauciflora,Asteraceae,Asteroideae,NA
Dahlia coccinea,Asteraceae,Asteroideae,NA
Calea ternifolia,Asteraceae,Asteroideae,NA
Roldana sessilifolia,Asteraceae,Asteroideae,NA
Dyssodia tagetiflora,Asteraceae,Asteroideae,NA
Roldana heracleifolia,Asteraceae,Asteroideae,NA
Psacalium megaphyllum,Asteraceae,Asteroideae,NA
Geraea canescens,Asteraceae,Asteroideae,NA
Gochnatia hypoleuca hypoleuca,Asteraceae,Gochnatioideae,hypoleuca
Gochnatia hypoleuca hypoleuca,Asteraceae,Gochnatioideae,hypoleuca
Sclerocarpus uniserialis,Asteraceae,Asteroideae,NA
Bidens odorata odorata,Asteraceae,Asteroideae,odorata
Sanvitalia procumbens,Asteraceae,Asteroideae,NA
Dyssodia pinnata pinnata,Asteraceae,Asteroideae,pinnata
Schkuhria pinnata wislizeni,Asteraceae,Asteroideae,wislizeni
Jaegeria glabra,Asteraceae,Asteroideae,NA
Zaluzania triloba,Asteraceae,Asteroideae,NA
Zaluzania triloba,Asteraceae,Asteroideae,NA
Thymophylla pentachaeta pentachaeta,Asteraceae,Asteroideae,pentachaeta
Thymophylla acerosa,Asteraceae,Asteroideae,NA
Montanoa leucantha arborescens,Asteraceae,Asteroideae,arborescens
Lagascea palmeri,Asteraceae,Asteroideae,NA
Calea urticifolia urticifolia,Asteraceae,Asteroideae,urticifolia
Acourtia pinetorum,Asteraceae,Mutisioideae,NA
Tagetes lacera,Asteraceae,Asteroideae,NA
Verbesina serrata,Asteraceae,Asteroideae,NA
Barkleyanthus salicifolius,Asteraceae,Asteroideae,NA
Zaluzania augusta augusta,Asteraceae,Asteroideae,augusta
Zaluzania augusta augusta,Asteraceae,Asteroideae,augusta
Heterosperma pinnatum,Asteraceae,Asteroideae,NA
Pittocaulon praecox,Asteraceae,Asteroideae,NA
Melanthera angustifolia,Asteraceae,Asteroideae,NA
Sclerocarpus uniserialis,Asteraceae,Asteroideae,NA
Zaluzania augusta augusta,Asteraceae,Asteroideae,augusta
Bidens aurea,Asteraceae,Asteroideae,NA
Sclerocarpus uniserialis,Asteraceae,Asteroideae,NA
Vernonia alamanii,Asteraceae,Vernonioideae,NA
Bidens clavata,Asteraceae,Asteroideae,NA
Zaluzania megacephala megacephala,Asteraceae,Asteroideae,megacephala
Senecio flaccidus flaccidus,Asteraceae,Asteroideae,flaccidus
Helenium mexicanum,Asteraceae,Asteroideae,NA
Calea urticifolia urticifolia,Asteraceae,Asteroideae,urticifolia
Dyssodia pinnata glabrescens,Asteraceae,Asteroideae,glabrescens
Zaluzania triloba,Asteraceae,Asteroideae,NA
Heterosperma pinnatum,Asteraceae,Asteroideae,NA
Dyssodia pinnata glabrescens,Asteraceae,Asteroideae,glabrescens
Lasianthaea macrocephala,Asteraceae,Asteroideae,NA
Sclerocarpus divaricatus,Asteraceae,Asteroideae,NA
Zaluzania triloba,Asteraceae,Asteroideae,NA
Bahia schaffneri schaffneri,Asteraceae,Asteroideae,schaffneri
Heterosperma pinnatum,Asteraceae,Asteroideae,NA
Dyssodia tagetiflora,Asteraceae,Asteroideae,NA
Lagascea helianthifolia,Asteraceae,Asteroideae,NA
Lagascea helianthifolia,Asteraceae,Asteroideae,NA
Dyssodia tagetiflora,Asteraceae,Asteroideae,NA
Sclerocarpus divaricatus,Asteraceae,Asteroideae,NA
Perymenium mendezii mendezii,Asteraceae,Asteroideae,mendezii
Florestina pedata,Asteraceae,Asteroideae,NA
Zinnia peruviana,Asteraceae,Asteroideae,NA
Verbesina serrata,Asteraceae,Asteroideae,NA
Bidens anthemoides,Asteraceae,Asteroideae,NA
Sclerocarpus divaricatus,Asteraceae,Asteroideae,NA
Lagascea mollis,Asteraceae,Asteroideae,NA
Melampodium longipilum,Asteraceae,Asteroideae,NA
Calea urticifolia urticifolia,Asteraceae,Asteroideae,urticifolia
Dyssodia tagetiflora,Asteraceae,Asteroideae,NA
Zaluzania triloba,Asteraceae,Asteroideae,NA
Acourtia parryi,Asteraceae,Mutisioideae,NA
Tridax coronopifolia,Asteraceae,Asteroideae,NA
Vernonia liatroides,Asteraceae,Vernonioideae,NA
Helenium mexicanum,Asteraceae,Asteroideae,NA
Calanticaria bicolor,Asteraceae,Asteroideae,NA
Bidens odorata odorata,Asteraceae,Asteroideae,odorata
Zaluzania augusta augusta,Asteraceae,Asteroideae,augusta
Cosmos bipinnatus,Asteraceae,Asteroideae,NA
Cosmos scabiosoides,Asteraceae,Asteroideae,NA
Senecio deformis,Asteraceae,Asteroideae,NA
Alloispermum palmeri palmeri,Asteraceae,Asteroideae,palmeri
Psacalium palmeri,Asteraceae,Asteroideae,NA
Tithonia rotundifolia,Asteraceae,Asteroideae,NA
Adenophyllum porophyllum porophyllum,Asteraceae,Asteroideae,porophyllum
Trixis hyposericea,Asteraceae,Mutisioideae,NA
Alloispermum palmeri palmeri,Asteraceae,Asteroideae,palmeri
Zinnia peruviana,Asteraceae,Asteroideae,NA
Zinnia peruviana,Asteraceae,Asteroideae,NA
Viguiera linearis,Asteraceae,Asteroideae,NA
Bidens odorata odorata,Asteraceae,Asteroideae,odorata
Zinnia peruviana,Asteraceae,Asteroideae,NA
Bidens odorata odorata,Asteraceae,Asteroideae,odorata
Zinnia violacea,Asteraceae,Asteroideae,NA
Cosmos diversifolius diversifolius,Asteraceae,Asteroideae,diversifolius
Zaluzania megacephala megacephala,Asteraceae,Asteroideae,megacephala
Viguiera linearis,Asteraceae,Asteroideae,NA
Zaluzania augusta augusta,Asteraceae,Asteroideae,augusta
Perityle microglossa microglossa,Asteraceae,Asteroideae,microglossa
Lagascea helianthifolia,Asteraceae,Asteroideae,NA
Porophyllum crassifolium,Asteraceae,Asteroideae,NA
Critoniopsis uniflora,Asteraceae,Vernonioideae,NA
Roldana aschenborniana,Asteraceae,Asteroideae,NA
Artemisia ludoviciana,Asteraceae,Asteroideae,NA
Cosmos sulphureus,Asteraceae,Asteroideae,NA
Tagetes erecta,Asteraceae,Asteroideae,NA
Achillea millefolium,Asteraceae,Asteroideae,NA
Zaluzania triloba,Asteraceae,Asteroideae,NA
Lagascea decipiens decipiens,Asteraceae,Asteroideae,decipiens
Roldana albonervia,Asteraceae,Asteroideae,NA
Gochnatia hypoleuca hypoleuca,Asteraceae,Gochnatioideae,hypoleuca
Viguiera dentata,Asteraceae,Asteroideae,NA
Lagascea helianthifolia,Asteraceae,Asteroideae,NA
Viguiera schultzii,Asteraceae,Asteroideae,NA
Cosmos linearifolius,Asteraceae,Asteroideae,NA
Thymophylla setifolia,Asteraceae,Asteroideae,NA
Zaluzania triloba,Asteraceae,Asteroideae,NA
Thymophylla acerosa,Asteraceae,Asteroideae,NA
Zaluzania triloba,Asteraceae,Asteroideae,NA
Pseudelephantopus spicatus,Asteraceae,Vernonioideae,NA
Lagascea helianthifolia helianthifolia,Asteraceae,Asteroideae,helianthifolia
Lepidaploa tortuosa,Asteraceae,Vernonioideae,NA
Critoniopsis leiocarpa,Asteraceae,Vernonioideae,NA
Lepidaploa canescens,Asteraceae,Vernonioideae,NA
Jaegeria glabra,Asteraceae,Asteroideae,NA
Jaegeria glabra,Asteraceae,Asteroideae,NA
Jaegeria glabra,Asteraceae,Asteroideae,NA
Jaegeria glabra,Asteraceae,Asteroideae,NA
Jaegeria glabra,Asteraceae,Asteroideae,NA
Jaegeria glabra,Asteraceae,Asteroideae,NA
Sanvitalia procumbens,Asteraceae,Asteroideae,NA
Sanvitalia procumbens,Asteraceae,Asteroideae,NA
Pityopsis graminifolia latifolia,Asteraceae,Asteroideae,latifolia
Cosmos crithmifolius,Asteraceae,Asteroideae,NA
Acourtia coulteri,Asteraceae,Mutisioideae,NA
Psacalium radulifolium,Asteraceae,Asteroideae,NA
Porophyllum punctatum,Asteraceae,Asteroideae,NA
Lagascea mollis,Asteraceae,Asteroideae,NA
Dyssodia pinnata pinnata,Asteraceae,Asteroideae,pinnata
Sanvitalia procumbens,Asteraceae,Asteroideae,NA
Tagetes micrantha,Asteraceae,Asteroideae,NA
Zinnia peruviana,Asteraceae,Asteroideae,NA
Bidens pilosa,Asteraceae,Asteroideae,NA
Heliopsis annua,Asteraceae,Asteroideae,NA
Tithonia rotundifolia,Asteraceae,Asteroideae,NA
Vernonia alamanii,Asteraceae,Vernonioideae,NA
Acourtia michoacana,Asteraceae,Mutisioideae,NA
Roldana mexicana,Asteraceae,Asteroideae,NA
Zinnia peruviana,Asteraceae,Asteroideae,NA
Adenophyllum anomalum,Asteraceae,Asteroideae,NA
Zaluzania augusta augusta,Asteraceae,Asteroideae,augusta
Viguiera brevifolia,Asteraceae,Asteroideae,NA
Verbesina serrata,Asteraceae,Asteroideae,NA
Zinnia peruviana,Asteraceae,Asteroideae,NA
Montanoa leucantha leucantha,Asteraceae,Asteroideae,leucantha
Lagascea helianthifolia helianthifolia,Asteraceae,Asteroideae,helianthifolia
Vernonia alamanii,Asteraceae,Vernonioideae,NA
Verbesina serrata,Asteraceae,Asteroideae,NA
Zaluzania triloba,Asteraceae,Asteroideae,NA
Critoniopsis heydeana,Asteraceae,Vernonioideae,NA
Salmea scandens,Asteraceae,Asteroideae,NA
Calea urticifolia urticifolia,Asteraceae,Asteroideae,urticifolia
Calea ternifolia,Asteraceae,Asteroideae,NA
Verbesina serrata,Asteraceae,Asteroideae,NA
Smallanthus maculatus,Asteraceae,Asteroideae,NA
Smallanthus maculatus,Asteraceae,Asteroideae,NA
Zaluzania augusta augusta,Asteraceae,Asteroideae,augusta
Calea urticifolia urticifolia,Asteraceae,Asteroideae,urticifolia
Dyssodia tagetiflora,Asteraceae,Asteroideae,NA
Calea urticifolia urticifolia,Asteraceae,Asteroideae,urticifolia
Zaluzania montagnaeifolia,Asteraceae,Asteroideae,NA
Verbesina sphaerocephala sphaerocephala,Asteraceae,Asteroideae,sphaerocephala
Montanoa leucantha leucantha,Asteraceae,Asteroideae,leucantha
Montanoa grandiflora,Asteraceae,Asteroideae,NA
Verbesina serrata,Asteraceae,Asteroideae,NA
Cosmos sulphureus,Asteraceae,Asteroideae,NA
Vernonia serratuloides,Asteraceae,Vernonioideae,NA
Dyssodia pinnata glabrescens,Asteraceae,Asteroideae,glabrescens
Viguiera benziorum,Asteraceae,Asteroideae,NA
Lagascea mollis,Asteraceae,Asteroideae,NA
Lagascea helianthifolia,Asteraceae,Asteroideae,NA
Jaegeria hirta,Asteraceae,Asteroideae,NA
Senecio toluccanus,Asteraceae,Asteroideae,NA
Zaluzania augusta augusta,Asteraceae,Asteroideae,augusta
Viguiera dentata,Asteraceae,Asteroideae,NA
Verbesina sororia,Asteraceae,Asteroideae,NA
Sclerocarpus uniserialis,Asteraceae,Asteroideae,NA
Montanoa mollissima,Asteraceae,Asteroideae,NA
Lagascea helianthifolia,Asteraceae,Asteroideae,NA
Florestina tripteris,Asteraceae,Asteroideae,NA
Acmella repens,Asteraceae,Asteroideae,NA
Cosmos crithmifolius,Asteraceae,Asteroideae,NA
Cosmos crithmifolius,Asteraceae,Asteroideae,NA
Tagetes lucida,Asteraceae,Asteroideae,NA
Eutetras palmeri,Asteraceae,Asteroideae,NA
Heterosperma pinnatum,Asteraceae,Asteroideae,NA
Zaluzania triloba,Asteraceae,Asteroideae,NA
Gochnatia hypoleuca hypoleuca,Asteraceae,Gochnatioideae,hypoleuca
Alloispermum scabrum,Asteraceae,Asteroideae,NA
Florestina pedata,Asteraceae,Asteroideae,NA
Packera tampicana,Asteraceae,Asteroideae,NA
Calea urticifolia urticifolia,Asteraceae,Asteroideae,urticifolia
Porophyllum gracile,Asteraceae,Asteroideae,NA
Porophyllum tridentatum,Asteraceae,Asteroideae,NA
Vernonia greggii,Asteraceae,Vernonioideae,NA
Zaluzania megacephala megacephala,Asteraceae,Asteroideae,megacephala
Psacalium peltatum adenophorum,Asteraceae,Asteroideae,adenophorum
Psacalium radulifolium,Asteraceae,Asteroideae,NA
Acmella repens,Asteraceae,Asteroideae,NA
Cosmos sulphureus,Asteraceae,Asteroideae,NA
Tagetes jaliscensis,Asteraceae,Asteroideae,NA
Zaluzania triloba,Asteraceae,Asteroideae,NA
Zaluzania triloba,Asteraceae,Asteroideae,NA
Acourtia parryi,Asteraceae,Mutisioideae,NA
Thymophylla setifolia,Asteraceae,Asteroideae,NA
Sinclairia glabra hypoleuca,Asteraceae,Vernonioideae,hypoleuca
Lagascea decipiens decipiens,Asteraceae,Asteroideae,decipiens
Montanoa leucantha leucantha,Asteraceae,Asteroideae,leucantha
Zaluzania triloba,Asteraceae,Asteroideae,NA
Helenium mexicanum,Asteraceae,Asteroideae,NA
Jaegeria hirta,Asteraceae,Asteroideae,NA
Heterosperma pinnatum,Asteraceae,Asteroideae,NA
Cosmos crithmifolius,Asteraceae,Asteroideae,NA
Zaluzania augusta augusta,Asteraceae,Asteroideae,augusta
Calea urticifolia urticifolia,Asteraceae,Asteroideae,urticifolia
Bidens angustissima,Asteraceae,Asteroideae,NA
Cosmos parviflorus,Asteraceae,Asteroideae,NA
Verbesina serrata,Asteraceae,Asteroideae,NA
Verbesina serrata,Asteraceae,Asteroideae,NA
Heterosperma pinnatum,Asteraceae,Asteroideae,NA
Heterosperma pinnatum,Asteraceae,Asteroideae,NA
Zaluzania augusta augusta,Asteraceae,Asteroideae,augusta
Zinnia peruviana,Asteraceae,Asteroideae,NA
Artemisia ludoviciana,Asteraceae,Asteroideae,NA
Acmella repens,Asteraceae,Asteroideae,NA
Calea urticifolia urticifolia,Asteraceae,Asteroideae,urticifolia
Roldana sartorii,Asteraceae,Asteroideae,NA
Dyssodia pinnata glabrescens,Asteraceae,Asteroideae,glabrescens
Calea ternifolia,Asteraceae,Asteroideae,NA
Acourtia wrightii,Asteraceae,Mutisioideae,NA
Zaluzania triloba,Asteraceae,Asteroideae,NA
Sanvitalia procumbens,Asteraceae,Asteroideae,NA
Vernonanthura serratuloides,Asteraceae,Vernonioideae,NA
Vernonia bealliae,Asteraceae,Vernonioideae,NA
Vernonia bealliae,Asteraceae,Vernonioideae,NA
Cosmos bipinnatus,Asteraceae,Asteroideae,NA
Psacalium sinuatum,Asteraceae,Asteroideae,NA
Dyssodia tagetiflora,Asteraceae,Asteroideae,NA
Critoniopsis tomentosa,Asteraceae,Vernonioideae,NA
Psacalium sinuatum,Asteraceae,Asteroideae,NA
Roldana albonervia,Asteraceae,Asteroideae,NA
Senecio stoechadiformis,Asteraceae,Asteroideae,NA
Viguiera linearis,Asteraceae,Asteroideae,NA
Zinnia peruviana,Asteraceae,Asteroideae,NA
Zinnia peruviana,Asteraceae,Asteroideae,NA
Melampodium sericeum,Asteraceae,Asteroideae,NA
Viguiera linearis,Asteraceae,Asteroideae,NA
Viguiera linearis,Asteraceae,Asteroideae,NA
Heliopsis annua,Asteraceae,Asteroideae,NA
Sclerocarpus uniserialis,Asteraceae,Asteroideae,NA
Lagascea palmeri,Asteraceae,Asteroideae,NA
Flaveria oppositifolia,Asteraceae,Asteroideae,NA
Bidens odorata odorata,Asteraceae,Asteroideae,odorata
Montanoa mollissima,Asteraceae,Asteroideae,NA
Iostephane heterophylla,Asteraceae,Asteroideae,NA
Psacalium peltigerum peltigerum,Asteraceae,Asteroideae,peltigerum
Lagascea heteropappus,Asteraceae,Asteroideae,NA
Sanvitalia procumbens,Asteraceae,Asteroideae,NA
Sclerocarpus uniserialis,Asteraceae,Asteroideae,NA
Zaluzania augusta augusta,Asteraceae,Asteroideae,augusta
Thymophylla setifolia,Asteraceae,Asteroideae,NA
Porophyllum macrocephalum,Asteraceae,Asteroideae,NA
Porophyllum linaria,Asteraceae,Asteroideae,NA
Psacalium megaphyllum,Asteraceae,Asteroideae,NA
Sanvitalia procumbens,Asteraceae,Asteroideae,NA
Zaluzania megacephala coahuilensis,Asteraceae,Asteroideae,coahuilensis
Roldana pennellii pennellii,Asteraceae,Asteroideae,pennellii
Calea urticifolia urticifolia,Asteraceae,Asteroideae,urticifolia
Sanvitalia procumbens,Asteraceae,Asteroideae,NA
Zaluzania triloba,Asteraceae,Asteroideae,NA
Cosmos crithmifolius,Asteraceae,Asteroideae,NA
Psacalium platylepis,Asteraceae,Asteroideae,NA
Cosmos crithmifolius,Asteraceae,Asteroideae,NA
Lagascea helianthifolia,Asteraceae,Asteroideae,NA
Acourtia michoacana,Asteraceae,Mutisioideae,NA
Zaluzania augusta augusta,Asteraceae,Asteroideae,augusta
Verbesina serrata,Asteraceae,Asteroideae,NA
Vernonia serratuloides,Asteraceae,Vernonioideae,NA
Acourtia fruticosa,Asteraceae,Mutisioideae,NA
Vernonia serratuloides,Asteraceae,Vernonioideae,NA
Sanvitalia procumbens,Asteraceae,Asteroideae,NA
Cosmos mattfeldii,Asteraceae,Asteroideae,NA
Zaluzania augusta augusta,Asteraceae,Asteroideae,augusta
Dahlia scapigera,Asteraceae,Asteroideae,NA
Senecio flaccidus flaccidus,Asteraceae,Asteroideae,flaccidus
Acourtia parryi,Asteraceae,Mutisioideae,NA
Cosmos parviflorus,Asteraceae,Asteroideae,NA
Viguiera dentata,Asteraceae,Asteroideae,NA
Smallanthus maculatus,Asteraceae,Asteroideae,NA
Psacalium peltatum peltatum,Asteraceae,Asteroideae,peltatum
Senecio stoechadiformis,Asteraceae,Asteroideae,NA
Roldana lineolata,Asteraceae,Asteroideae,NA
Senecio stoechadiformis,Asteraceae,Asteroideae,NA
Senecio callosus,Asteraceae,Asteroideae,NA
Acourtia turbinata,Asteraceae,Mutisioideae,NA
Senecio stoechadiformis,Asteraceae,Asteroideae,NA
Roldana lineolata,Asteraceae,Asteroideae,NA
Senecio callosus,Asteraceae,Asteroideae,NA
Roldana suffulta,Asteraceae,Asteroideae,NA
Roldana mexicana,Asteraceae,Asteroideae,NA
Cosmos crithmifolius,Asteraceae,Asteroideae,NA
Roldana michoacana,Asteraceae,Asteroideae,NA
Roldana michoacana,Asteraceae,Asteroideae,NA
Senecio stoechadiformis,Asteraceae,Asteroideae,NA
Heterosperma pinnatum,Asteraceae,Asteroideae,NA
Barkleyanthus salicifolius,Asteraceae,Asteroideae,NA
Pittocaulon praecox,Asteraceae,Asteroideae,NA
Senecio stoechadiformis,Asteraceae,Asteroideae,NA
Psacalium sinuatum,Asteraceae,Asteroideae,NA
Pittocaulon praecox,Asteraceae,Asteroideae,NA
Barkleyanthus salicifolius,Asteraceae,Asteroideae,NA
Pittocaulon praecox,Asteraceae,Asteroideae,NA
Pittocaulon praecox,Asteraceae,Asteroideae,NA
Tagetes lucida,Asteraceae,Asteroideae,NA
Cosmos bipinnatus,Asteraceae,Asteroideae,NA
Pittocaulon praecox,Asteraceae,Asteroideae,NA
Acourtia cordata,Asteraceae,Mutisioideae,NA
Cosmos bipinnatus,Asteraceae,Asteroideae,NA
Melampodium perfoliatum,Asteraceae,Asteroideae,NA
Zaluzania triloba,Asteraceae,Asteroideae,NA
Acourtia runcinata,Asteraceae,Mutisioideae,NA
Zaluzania triloba,Asteraceae,Asteroideae,NA
Zaluzania triloba,Asteraceae,Asteroideae,NA
Xanthium strumarium,Asteraceae,Asteroideae,NA
Xanthium strumarium,Asteraceae,Asteroideae,NA
Pittocaulon filare,Asteraceae,Asteroideae,NA
Tagetes erecta,Asteraceae,Asteroideae,NA
Roldana sessilifolia,Asteraceae,Asteroideae,NA
Alloispermum scabrum,Asteraceae,Asteroideae,NA
Critoniopsis uniflora,Asteraceae,Vernonioideae,NA
Iostephane trilobata,Asteraceae,Asteroideae,NA
Sigesbeckia repens,Asteraceae,Asteroideae,NA
Senecio runcinatus,Asteraceae,Asteroideae,NA
Senecio alvarezensis,Asteraceae,Asteroideae,NA
Acourtia coulteri,Asteraceae,Mutisioideae,NA
Senecio pseudopicridis,Asteraceae,Asteroideae,NA
Psacalium sinuatum,Asteraceae,Asteroideae,NA
Alloispermum integrifolium,Asteraceae,Asteroideae,NA
Dyssodia pinnata glabrescens,Asteraceae,Asteroideae,glabrescens
Verbesina parviflora parviflora,Asteraceae,Asteroideae,parviflora
Packera scalaris parrasiana,Asteraceae,Asteroideae,parrasiana
Parthenium incanum,Asteraceae,Asteroideae,NA
Melampodium argophyllum,Asteraceae,Asteroideae,NA
Zaluzania augusta augusta,Asteraceae,Asteroideae,augusta
Sclerocarpus uniserialis,Asteraceae,Asteroideae,NA
Acourtia hidalgoana,Asteraceae,Mutisioideae,NA
Lagascea helianthifolia,Asteraceae,Asteroideae,NA
Dyssodia papposa,Asteraceae,Asteroideae,NA
Heterosperma pinnatum,Asteraceae,Asteroideae,NA
Vernonanthura liatroides,Asteraceae,Vernonioideae,NA
Tagetes lucida,Asteraceae,Asteroideae,NA
Artemisia ludoviciana,Asteraceae,Asteroideae,NA
Tagetes micrantha,Asteraceae,Asteroideae,NA
Melampodium longipilum,Asteraceae,Asteroideae,NA
Sclerocarpus uniserialis,Asteraceae,Asteroideae,NA
Acourtia tomentosa,Asteraceae,Mutisioideae,NA
Artemisia ludoviciana,Asteraceae,Asteroideae,NA
Melampodium sericeum,Asteraceae,Asteroideae,NA
Acourtia dissiticeps,Asteraceae,Mutisioideae,NA
Heterosperma pinnatum,Asteraceae,Asteroideae,NA
Dyssodia pinnata pinnata,Asteraceae,Asteroideae,pinnata
Sanvitalia procumbens,Asteraceae,Asteroideae,NA
Psacalium megaphyllum,Asteraceae,Asteroideae,NA
Calanticaria greggii,Asteraceae,Asteroideae,NA
Viguiera linearis,Asteraceae,Asteroideae,NA
Dyssodia papposa,Asteraceae,Asteroideae,NA
Dyssodia papposa,Asteraceae,Asteroideae,NA
Thymophylla acerosa,Asteraceae,Asteroideae,NA
Tagetes tenuifolia,Asteraceae,Asteroideae,NA
Leucactinia bracteata,Asteraceae,Asteroideae,NA
Thymophylla setifolia,Asteraceae,Asteroideae,NA
Smallanthus maculatus,Asteraceae,Asteroideae,NA
Senecio flaccidus flaccidus,Asteraceae,Asteroideae,flaccidus
Xanthium strumarium,Asteraceae,Asteroideae,NA
Calea urticifolia urticifolia,Asteraceae,Asteroideae,urticifolia
Pectis prostrata,Asteraceae,Asteroideae,NA
Roldana heracleifolia,Asteraceae,Asteroideae,NA
Lagascea decipiens decipiens,Asteraceae,Asteroideae,decipiens
Pittocaulon hintonii,Asteraceae,Asteroideae,NA
Pittocaulon hintonii,Asteraceae,Asteroideae,NA
Verbesina robinsonii,Asteraceae,Asteroideae,NA
Viguiera linearis,Asteraceae,Asteroideae,NA
Tagetes lucida,Asteraceae,Asteroideae,NA
Vernonia oaxacana,Asteraceae,Vernonioideae,NA
Artemisia ludoviciana,Asteraceae,Asteroideae,NA
Zaluzania augusta augusta,Asteraceae,Asteroideae,augusta
Xanthium strumarium,Asteraceae,Asteroideae,NA
Psacalium sinuatum,Asteraceae,Asteroideae,NA
Gochnatia hypoleuca hypoleuca,Asteraceae,Gochnatioideae,hypoleuca
Zaluzania subcordata,Asteraceae,Asteroideae,NA
Senecio conzattii,Asteraceae,Asteroideae,NA
Smallanthus maculatus,Asteraceae,Asteroideae,NA
Tagetes erecta,Asteraceae,Asteroideae,NA
Zinnia peruviana,Asteraceae,Asteroideae,NA
Cosmos bipinnatus,Asteraceae,Asteroideae,NA
Lagascea decipiens glandulosa,Asteraceae,Asteroideae,glandulosa
Zaluzania triloba,Asteraceae,Asteroideae,NA
Cosmos bipinnatus,Asteraceae,Asteroideae,NA
Bidens odorata odorata,Asteraceae,Asteroideae,odorata
Alloispermum integrifolium,Asteraceae,Asteroideae,NA
Tridax coronopifolia,Asteraceae,Asteroideae,NA
Simsia calva,Asteraceae,Asteroideae,NA
Calea ternifolia ternifolia,Asteraceae,Asteroideae,ternifolia
Florestina platyphylla,Asteraceae,Asteroideae,NA
Acourtia michoacana,Asteraceae,Mutisioideae,NA
Lagascea heteropappus,Asteraceae,Asteroideae,NA
Zinnia violacea,Asteraceae,Asteroideae,NA
Calea ternifolia,Asteraceae,Asteroideae,NA
Xanthium strumarium,Asteraceae,Asteroideae,NA
Tagetes micrantha,Asteraceae,Asteroideae,NA
Heterosperma pinnatum,Asteraceae,Asteroideae,NA
Viguiera sessilifolia,Asteraceae,Asteroideae,NA
Artemisia ludoviciana,Asteraceae,Asteroideae,NA
Zaluzania triloba,Asteraceae,Asteroideae,NA
Vernonia alamanii,Asteraceae,Vernonioideae,NA
Vernonia alamanii,Asteraceae,Vernonioideae,NA
Acmella repens,Asteraceae,Asteroideae,NA
Melampodium perfoliatum,Asteraceae,Asteroideae,NA
Alloispermum palmeri palmeri,Asteraceae,Asteroideae,palmeri
Cosmos palmeri,Asteraceae,Asteroideae,NA
Acmella repens,Asteraceae,Asteroideae,NA
Dahlia coccinea,Asteraceae,Asteroideae,NA
Pseudelephantopus spicatus,Asteraceae,Vernonioideae,NA
Xanthium strumarium,Asteraceae,Asteroideae,NA
Ambrosia ambrosioides,Asteraceae,Asteroideae,NA
Vernonia alamanii,Asteraceae,Vernonioideae,NA
Tithonia rotundifolia,Asteraceae,Asteroideae,NA
Melampodium divaricatum,Asteraceae,Asteroideae,NA
Viguiera excelsa pachycephala,Asteraceae,Asteroideae,pachycephala
Cyanthillium cinereum,Asteraceae,Vernonioideae,NA
Calea urticifolia urticifolia,Asteraceae,Asteroideae,urticifolia
Tithonia tubaeformis,Asteraceae,Asteroideae,NA
Perityle microglossa microglossa,Asteraceae,Asteroideae,microglossa
Calea ternifolia ternifolia,Asteraceae,Asteroideae,ternifolia
Zinnia violacea,Asteraceae,Asteroideae,NA
Acourtia fruticosa,Asteraceae,Mutisioideae,NA
Calea urticifolia urticifolia,Asteraceae,Asteroideae,urticifolia
Cosmos sulphureus,Asteraceae,Asteroideae,NA
Tithonia fruticosa,Asteraceae,Asteroideae,NA
Viguiera montana,Asteraceae,Asteroideae,NA
Zaluzania augusta rzedowskii,Asteraceae,Asteroideae,rzedowskii
Zinnia peruviana,Asteraceae,Asteroideae,NA
Roldana heracleifolia,Asteraceae,Asteroideae,NA
Zaluzania megacephala megacephala,Asteraceae,Asteroideae,megacephala
Calea urticifolia urticifolia,Asteraceae,Asteroideae,urticifolia
Lagascea mollis,Asteraceae,Asteroideae,NA
Lepidaploa tortuosa,Asteraceae,Vernonioideae,NA
Calea ternifolia,Asteraceae,Asteroideae,NA
Lepidaploa tortuosa,Asteraceae,Vernonioideae,NA
Hidalgoa ternata,Asteraceae,Asteroideae,NA
Hidalgoa ternata,Asteraceae,Asteroideae,NA
Dicranocarpus parviflorus,Asteraceae,Asteroideae,NA
Florestina tripteris,Asteraceae,Asteroideae,NA
Viguiera sessilifolia,Asteraceae,Asteroideae,NA
Sanvitalia procumbens,Asteraceae,Asteroideae,NA
Sanvitalia procumbens,Asteraceae,Asteroideae,NA
Calea urticifolia urticifolia,Asteraceae,Asteroideae,urticifolia
Zinnia peruviana,Asteraceae,Asteroideae,NA
Xanthium strumarium,Asteraceae,Asteroideae,NA
Aldama dentata dentata,Asteraceae,Asteroideae,dentata
Lagascea mollis,Asteraceae,Asteroideae,NA
Jefea lantanifolia,Asteraceae,Asteroideae,NA
Acourtia runcinata,Asteraceae,Mutisioideae,NA
Jefea lantanifolia,Asteraceae,Asteroideae,NA
Porophyllum coloratum coloratum,Asteraceae,Asteroideae,coloratum
Flaveria anomala,Asteraceae,Asteroideae,NA
Chrysactinia mexicana,Asteraceae,Asteroideae,NA
Thymophylla setifolia,Asteraceae,Asteroideae,NA
Flaveria anomala,Asteraceae,Asteroideae,NA
Sclerocarpus sessilifolius,Asteraceae,Asteroideae,NA
Tithonia calva lancifolia,Asteraceae,Asteroideae,lancifolia
Sclerocarpus sessilifolius,Asteraceae,Asteroideae,NA
Iostephane trilobata,Asteraceae,Asteroideae,NA
Gochnatia hypoleuca hypoleuca,Asteraceae,Gochnatioideae,hypoleuca
Sanvitalia procumbens,Asteraceae,Asteroideae,NA
Calea urticifolia urticifolia,Asteraceae,Asteroideae,urticifolia
Jaegeria hirta,Asteraceae,Asteroideae,NA
Roldana michoacana,Asteraceae,Asteroideae,NA
Artemisia ludoviciana,Asteraceae,Asteroideae,NA
Smallanthus maculatus,Asteraceae,Asteroideae,NA
Artemisia ludoviciana,Asteraceae,Asteroideae,NA
Acourtia parryi,Asteraceae,Mutisioideae,NA
Acourtia parryi,Asteraceae,Mutisioideae,NA
Zinnia peruviana,Asteraceae,Asteroideae,NA
Cosmos scabiosoides,Asteraceae,Asteroideae,NA
Melampodium sericeum,Asteraceae,Asteroideae,NA
Verbesina serrata,Asteraceae,Asteroideae,NA
Zinnia peruviana,Asteraceae,Asteroideae,NA
Viguiera linearis,Asteraceae,Asteroideae,NA
Thymophylla pentachaeta pentachaeta,Asteraceae,Asteroideae,pentachaeta
Zinnia violacea,Asteraceae,Asteroideae,NA
Cosmos scabiosoides,Asteraceae,Asteroideae,NA
Simsia lagascaeformis,Asteraceae,Asteroideae,NA
Dyssodia pinnata glabrescens,Asteraceae,Asteroideae,glabrescens
Zaluzania triloba,Asteraceae,Asteroideae,NA
Critoniopsis uniflora,Asteraceae,Vernonioideae,NA
Barkleyanthus salicifolius,Asteraceae,Asteroideae,NA
Zaluzania augusta augusta,Asteraceae,Asteroideae,augusta
Bidens odorata odorata,Asteraceae,Asteroideae,odorata
Acourtia platyphylla,Asteraceae,Mutisioideae,NA
Calea urticifolia urticifolia,Asteraceae,Asteroideae,urticifolia
Calea urticifolia urticifolia,Asteraceae,Asteroideae,urticifolia
Hybridella globosa,Asteraceae,Asteroideae,NA
Zinnia violacea,Asteraceae,Asteroideae,NA
Zinnia violacea,Asteraceae,Asteroideae,NA
Hidalgoa ternata,Asteraceae,Asteroideae,NA
Schkuhria pinnata wislizeni,Asteraceae,Asteroideae,wislizeni
Cosmos bipinnatus,Asteraceae,Asteroideae,NA
Roldana barba-johannis,Asteraceae,Asteroideae,NA
Acourtia turbinata,Asteraceae,Mutisioideae,NA
Zinnia violacea,Asteraceae,Asteroideae,NA
Coreopsis cyclocarpa pinnatisecta,Asteraceae,Asteroideae,pinnatisecta
Acourtia parryi,Asteraceae,Mutisioideae,NA
Acourtia tomentosa,Asteraceae,Mutisioideae,NA
Heterosperma pinnatum,Asteraceae,Asteroideae,NA
Flaveria trinervia,Asteraceae,Asteroideae,NA
Helenium elegans amphibolum,Asteraceae,Asteroideae,amphibolum
Heterotheca inuloides inuloides,Asteraceae,Asteroideae,inuloides
Pittocaulon filare,Asteraceae,Asteroideae,NA
Zaluzania megacephala megacephala,Asteraceae,Asteroideae,megacephala
Verbesina lottiana,Asteraceae,Asteroideae,NA
Calea urticifolia urticifolia,Asteraceae,Asteroideae,urticifolia
Calea urticifolia urticifolia,Asteraceae,Asteroideae,urticifolia
Zinnia violacea,Asteraceae,Asteroideae,NA
Calea ternifolia,Asteraceae,Asteroideae,NA
Gochnatia hypoleuca hypoleuca,Asteraceae,Gochnatioideae,hypoleuca
Zaluzania augusta augusta,Asteraceae,Asteroideae,augusta
Zaluzania augusta augusta,Asteraceae,Asteroideae,augusta
Zinnia peruviana,Asteraceae,Asteroideae,NA
Dyssodia tagetiflora,Asteraceae,Asteroideae,NA
Tithonia tubaeformis,Asteraceae,Asteroideae,NA
Acourtia parryi,Asteraceae,Mutisioideae,NA
Senecio stoechadiformis,Asteraceae,Asteroideae,NA
Tagetes tenuifolia,Asteraceae,Asteroideae,NA
Tithonia tubaeformis,Asteraceae,Asteroideae,NA
Barkleyanthus salicifolius,Asteraceae,Asteroideae,NA
Bidens aurea,Asteraceae,Asteroideae,NA
Bidens laevis,Asteraceae,Asteroideae,NA
Simsia amplexicaulis,Asteraceae,Asteroideae,NA
Sanvitalia procumbens,Asteraceae,Asteroideae,NA
Conyza coronopifolia,Asteraceae,Asteroideae,NA
Helenium quadridentatum,Asteraceae,Asteroideae,NA
Porophyllum linaria,Asteraceae,Asteroideae,NA
Dyssodia papposa,Asteraceae,Asteroideae,NA
Dyssodia papposa,Asteraceae,Asteroideae,NA
Sanvitalia procumbens,Asteraceae,Asteroideae,NA
Verbesina parviflora parviflora,Asteraceae,Asteroideae,parviflora
Sanvitalia procumbens,Asteraceae,Asteroideae,NA
Adenophyllum squamosum,Asteraceae,Asteroideae,NA
Calea urticifolia urticifolia,Asteraceae,Asteroideae,urticifolia
Calea urticifolia urticifolia,Asteraceae,Asteroideae,urticifolia
Verbesina robinsonii,Asteraceae,Asteroideae,NA
Jefea lantanifolia,Asteraceae,Asteroideae,NA
Porophyllum linaria,Asteraceae,Asteroideae,NA
Flaveria oppositifolia,Asteraceae,Asteroideae,NA
Adenophyllum cancellatum,Asteraceae,Asteroideae,NA
Melampodium glabrum,Asteraceae,Asteroideae,NA
Cosmos bipinnatus,Asteraceae,Asteroideae,NA
Dyssodia papposa,Asteraceae,Asteroideae,NA
Vernonia alamanii,Asteraceae,Vernonioideae,NA
Lagascea helianthifolia,Asteraceae,Asteroideae,NA
Lagascea helianthifolia,Asteraceae,Asteroideae,NA
Viguiera excelsa pachycephala,Asteraceae,Asteroideae,pachycephala
Stenocarpha filiformis,Asteraceae,Asteroideae,NA
Calea urticifolia urticifolia,Asteraceae,Asteroideae,urticifolia
Sclerocarpus divaricatus,Asteraceae,Asteroideae,NA
Iostephane heterophylla,Asteraceae,Asteroideae,NA
Calea urticifolia urticifolia,Asteraceae,Asteroideae,urticifolia
Pseudelephantopus spicatus,Asteraceae,Vernonioideae,NA
Pseudelephantopus spicatus,Asteraceae,Vernonioideae,NA
Zaluzania augusta augusta,Asteraceae,Asteroideae,augusta
Sclerocarpus divaricatus,Asteraceae,Asteroideae,NA
Bidens odorata odorata,Asteraceae,Asteroideae,odorata
Zaluzania triloba,Asteraceae,Asteroideae,NA
Helenium elegans amphibolum,Asteraceae,Asteroideae,amphibolum
Cosmos diversifolius diversifolius,Asteraceae,Asteroideae,diversifolius
Pseudogynoxys chenopodioides chenopodioides,Asteraceae,Asteroideae,chenopodioides
Roldana lanicaulis,Asteraceae,Asteroideae,NA
Salmea scandens,Asteraceae,Asteroideae,NA
Roldana lanicaulis,Asteraceae,Asteroideae,NA
Pseudogynoxys chenopodioides chenopodioides,Asteraceae,Asteroideae,chenopodioides
Zaluzania montagnaeifolia,Asteraceae,Asteroideae,NA
Lagascea helianthifolia,Asteraceae,Asteroideae,NA
Heterosperma pinnatum,Asteraceae,Asteroideae,NA
Psacalium peltatum peltatum,Asteraceae,Asteroideae,peltatum
Acourtia michoacana,Asteraceae,Mutisioideae,NA
Roldana mexicana,Asteraceae,Asteroideae,NA
Roldana reticulata,Asteraceae,Asteroideae,NA
Jaegeria purpurascens,Asteraceae,Asteroideae,NA
Jaegeria purpurascens,Asteraceae,Asteroideae,NA
Jaegeria purpurascens,Asteraceae,Asteroideae,NA
Calea urticifolia urticifolia,Asteraceae,Asteroideae,urticifolia
Vernonanthura serratuloides,Asteraceae,Vernonioideae,NA
Calea urticifolia urticifolia,Asteraceae,Asteroideae,urticifolia
Artemisia ludoviciana,Asteraceae,Asteroideae,NA
Achillea millefolium,Asteraceae,Asteroideae,NA
Tagetes lucida,Asteraceae,Asteroideae,NA
Sanvitalia procumbens,Asteraceae,Asteroideae,NA
Tagetes lucida,Asteraceae,Asteroideae,NA
Tagetes lucida,Asteraceae,Asteroideae,NA
Acourtia coulteri,Asteraceae,Mutisioideae,NA
Bidens ostruthioides,Asteraceae,Asteroideae,NA
Calea urticifolia urticifolia,Asteraceae,Asteroideae,urticifolia
Pittocaulon filare,Asteraceae,Asteroideae,NA
Calea urticifolia urticifolia,Asteraceae,Asteroideae,urticifolia
Critoniopsis foliosa,Asteraceae,Vernonioideae,NA
Heterosperma pinnatum,Asteraceae,Asteroideae,NA
Artemisia ludoviciana,Asteraceae,Asteroideae,NA
Psacalium radulifolium,Asteraceae,Asteroideae,NA
Artemisia ludoviciana,Asteraceae,Asteroideae,NA
Artemisia absinthium,Asteraceae,Asteroideae,NA
Cosmos crithmifolius,Asteraceae,Asteroideae,NA
Gochnatia hypoleuca hypoleuca,Asteraceae,Gochnatioideae,hypoleuca
Zaluzania megacephala megacephala,Asteraceae,Asteroideae,megacephala
Zaluzania triloba,Asteraceae,Asteroideae,NA
Alloispermum tridacoides,Asteraceae,Asteroideae,NA
Viguiera dentata,Asteraceae,Asteroideae,NA
Bidens odorata odorata,Asteraceae,Asteroideae,odorata
Heliopsis parvifolia,Asteraceae,Asteroideae,NA
Flaveria anomala,Asteraceae,Asteroideae,NA
Bahia schaffneri aristata,Asteraceae,NA,aristata
Bahia schaffneri schaffneri,Asteraceae,Asteroideae,schaffneri
Dicranocarpus parviflorus,Asteraceae,Asteroideae,NA
Flaveria anomala,Asteraceae,Asteroideae,NA
Bidens triplinervia,Asteraceae,Asteroideae,NA
Zaluzania triloba,Asteraceae,Asteroideae,NA
Pittocaulon praecox,Asteraceae,Asteroideae,NA
Emilia sonchifolia,Asteraceae,Asteroideae,NA
Erechtites hieracifolia cacalioides,Asteraceae,NA,cacalioides
Synedrella nodiflora,Asteraceae,Asteroideae,NA
Vernonanthura patens,Asteraceae,Vernonioideae,NA
Helenium microcephalum ooclinium,Asteraceae,Asteroideae,ooclinium
Porophyllum filiforme,Asteraceae,Asteroideae,NA
Bidens lemmonii,Asteraceae,Asteroideae,NA
Wedelia acapulcensis hispida,Asteraceae,Asteroideae,hispida
Xanthium strumarium,Asteraceae,Asteroideae,NA
Thymophylla setifolia,Asteraceae,Asteroideae,NA
Thymophylla setifolia,Asteraceae,Asteroideae,NA
Berlandiera lyrata macrophylla,Asteraceae,Asteroideae,macrophylla
Tagetes foetidissima,Asteraceae,Asteroideae,NA
Tanacetum parthenium,Asteraceae,Asteroideae,NA
Barkleyanthus salicifolius,Asteraceae,Asteroideae,NA
Senecio runcinatus,Asteraceae,Asteroideae,NA
Calea ternifolia,Asteraceae,Asteroideae,NA
Critoniopsis uniflora,Asteraceae,Vernonioideae,NA
Acourtia fruticosa,Asteraceae,Mutisioideae,NA
Vernonia greggii,Asteraceae,Vernonioideae,NA
Helenium elegans amphibolum,Asteraceae,Asteroideae,amphibolum
Bahia schaffneri aristata,Asteraceae,NA,aristata
Flaveria anomala,Asteraceae,Asteroideae,NA
Helenium elegans amphibolum,Asteraceae,Asteroideae,amphibolum
Flaveria trinervia,Asteraceae,Asteroideae,NA
Tithonia tubaeformis,Asteraceae,Asteroideae,NA
Bahia absinthifolia absinthifolia,Asteraceae,Asteroideae,absinthifolia
Xanthium strumarium,Asteraceae,Asteroideae,NA
Bahia schaffneri schaffneri,Asteraceae,Asteroideae,schaffneri
Bidens anthemoides,Asteraceae,Asteroideae,NA
Roldana barba-johannis,Asteraceae,Asteroideae,NA
Gochnatia hypoleuca hypoleuca,Asteraceae,Gochnatioideae,hypoleuca
Calea urticifolia urticifolia,Asteraceae,Asteroideae,urticifolia
Senecio stoechadiformis,Asteraceae,Asteroideae,NA
Trixis michuacana michuacana,Asteraceae,Mutisioideae,michuacana
Acourtia moschata,Asteraceae,Mutisioideae,NA
Roldana michoacana,Asteraceae,Asteroideae,NA
Tagetes erecta,Asteraceae,Asteroideae,NA
Lagascea decipiens decipiens,Asteraceae,Asteroideae,decipiens
Dyssodia pinnata glabrescens,Asteraceae,Asteroideae,glabrescens
Tagetes lucida,Asteraceae,Asteroideae,NA
Calea urticifolia urticifolia,Asteraceae,Asteroideae,urticifolia
Roldana chapalensis,Asteraceae,Asteroideae,NA
Viguiera dentata,Asteraceae,Asteroideae,NA
Melampodium divaricatum,Asteraceae,Asteroideae,NA
Hybridella globosa,Asteraceae,Asteroideae,NA
Jaegeria bellidifolia,Asteraceae,NA,NA
Smallanthus maculatus,Asteraceae,Asteroideae,NA
Parthenium incanum,Asteraceae,Asteroideae,NA
Tithonia tubaeformis,Asteraceae,Asteroideae,NA
Jaegeria hirta,Asteraceae,Asteroideae,NA
Alloispermum tridacoides,Asteraceae,Asteroideae,NA
Wedelia acapulcensis hispida,Asteraceae,Asteroideae,hispida
Cosmos sulphureus,Asteraceae,Asteroideae,NA
Acourtia fruticosa,Asteraceae,Mutisioideae,NA
Dyssodia pinnata,Asteraceae,Asteroideae,NA
Flaveria vaginata,Asteraceae,Asteroideae,NA
Tridax coronopifolia,Asteraceae,Asteroideae,NA
Cosmos bipinnatus,Asteraceae,Asteroideae,NA
Tagetes lucida,Asteraceae,Asteroideae,NA
Sabazia multiradiata,Asteraceae,Asteroideae,NA
Sclerocarpus uniserialis,Asteraceae,Asteroideae,NA
Florestina pedata,Asteraceae,Asteroideae,NA
Senecio flaccidus flaccidus,Asteraceae,Asteroideae,flaccidus
Berlandiera lyrata lyrata,Asteraceae,Asteroideae,lyrata
Iostephane heterophylla,Asteraceae,Asteroideae,NA
Psacalium palmeri,Asteraceae,Asteroideae,NA
Zinnia violacea,Asteraceae,Asteroideae,NA
Tagetes erecta,Asteraceae,Asteroideae,NA
Lasianthaea macrocephala,Asteraceae,Asteroideae,NA
Critoniopsis tomentosa,Asteraceae,Vernonioideae,NA
Viguiera tenuis,Asteraceae,Asteroideae,NA
Viguiera morelensis,Asteraceae,Asteroideae,NA
Tithonia fruticosa,Asteraceae,Asteroideae,NA
Flaveria trinervia,Asteraceae,Asteroideae,NA
Flaveria anomala,Asteraceae,Asteroideae,NA
Zaluzania triloba,Asteraceae,Asteroideae,NA
Helenium microcephalum ooclinium,Asteraceae,Asteroideae,ooclinium
Verbesina serrata,Asteraceae,Asteroideae,NA
Sclerocarpus uniserialis,Asteraceae,Asteroideae,NA
Melampodium sericeum,Asteraceae,Asteroideae,NA
Tetrachyron discolor,Asteraceae,Asteroideae,NA
Acourtia hidalgoana,Asteraceae,Mutisioideae,NA
Smallanthus maculatus,Asteraceae,Asteroideae,NA
Roldana barba-johannis,Asteraceae,Asteroideae,NA
Roldana aschenborniana,Asteraceae,Asteroideae,NA
Sanvitalia procumbens,Asteraceae,Asteroideae,NA
Clibadium arboreum,Asteraceae,Asteroideae,NA
Xanthium strumarium,Asteraceae,Asteroideae,NA
Acourtia turbinata,Asteraceae,Mutisioideae,NA
Lagascea helianthifolia,Asteraceae,Asteroideae,NA
Zaluzania triloba,Asteraceae,Asteroideae,NA
Zaluzania triloba,Asteraceae,Asteroideae,NA
Wedelia acapulcensis hispida,Asteraceae,Asteroideae,hispida
Tithonia tubaeformis,Asteraceae,Asteroideae,NA
Gochnatia hypoleuca hypoleuca,Asteraceae,Gochnatioideae,hypoleuca
Calea urticifolia urticifolia,Asteraceae,Asteroideae,urticifolia
Bidens aurea,Asteraceae,Asteroideae,NA
Spilanthes urens,Asteraceae,Asteroideae,NA
Dicranocarpus parviflorus,Asteraceae,Asteroideae,NA
Critoniopsis uniflora,Asteraceae,Vernonioideae,NA
Calea urticifolia urticifolia,Asteraceae,Asteroideae,urticifolia
Eryngiophyllum rosei,Asteraceae,Asteroideae,NA
Viguiera schultzii,Asteraceae,Asteroideae,NA
Viguiera schultzii,Asteraceae,Asteroideae,NA
Zinnia violacea,Asteraceae,Asteroideae,NA
Alloispermum scabrum,Asteraceae,Asteroideae,NA
Zinnia peruviana,Asteraceae,Asteroideae,NA
Jaegeria hirta,Asteraceae,Asteroideae,NA
Artemisia dracunculus glauca,Asteraceae,Asteroideae,glauca
Melampodium glabrum,Asteraceae,Asteroideae,NA
Zinnia haageana,Asteraceae,Asteroideae,NA
Roldana lobata,Asteraceae,Asteroideae,NA
Tagetes lucida,Asteraceae,Asteroideae,NA
Tagetes erecta,Asteraceae,Asteroideae,NA
Tagetes lucida,Asteraceae,Asteroideae,NA
Tagetes lucida,Asteraceae,Asteroideae,NA
Zinnia violacea,Asteraceae,Asteroideae,NA
Roldana lobata,Asteraceae,Asteroideae,NA
Porophyllum calcicola,Asteraceae,Asteroideae,NA
Barkleyanthus salicifolius,Asteraceae,Asteroideae,NA
Sanvitalia procumbens,Asteraceae,Asteroideae,NA
Thymophylla micropoides,Asteraceae,Asteroideae,NA
Packera sanguisorbae,Asteraceae,Asteroideae,NA
Tagetes tenuifolia,Asteraceae,Asteroideae,NA
Cosmos bipinnatus,Asteraceae,Asteroideae,NA
Calea urticifolia urticifolia,Asteraceae,Asteroideae,urticifolia
Psacalium pringlei,Asteraceae,Asteroideae,NA
Jefea brevifolia,Asteraceae,Asteroideae,NA
Senecio stoechadiformis,Asteraceae,Asteroideae,NA
Cosmos bipinnatus,Asteraceae,Asteroideae,NA
Cosmos parviflorus,Asteraceae,Asteroideae,NA
Lagascea palmeri,Asteraceae,Asteroideae,NA
Lagascea helianthifolia,Asteraceae,Asteroideae,NA
Euphrosyne partheniifolia,Asteraceae,Asteroideae,NA
Florestina tripteris,Asteraceae,Asteroideae,NA
Sanvitalia procumbens,Asteraceae,Asteroideae,NA
Psilostrophe gnaphalodes gnaphalodes,Asteraceae,Asteroideae,gnaphalodes
Pectis prostrata,Asteraceae,Asteroideae,NA
Adenophyllum porophyllum cancellatum,Asteraceae,Asteroideae,cancellatum
Artemisia ludoviciana,Asteraceae,Asteroideae,NA
Lepidaploa tortuosa,Asteraceae,Vernonioideae,NA
Pseudelephantopus spicatus,Asteraceae,Vernonioideae,NA
Calea urticifolia urticifolia,Asteraceae,Asteroideae,urticifolia
Acourtia nana,Asteraceae,Mutisioideae,NA
Sanvitalia procumbens,Asteraceae,Asteroideae,NA
Jaegeria purpurascens,Asteraceae,Asteroideae,NA
Viguiera schultzii,Asteraceae,Asteroideae,NA
Cosmos bipinnatus,Asteraceae,Asteroideae,NA
Cosmos bipinnatus,Asteraceae,Asteroideae,NA
Psacalium platylepis,Asteraceae,Asteroideae,NA
Acourtia fruticosa,Asteraceae,Mutisioideae,NA
Xanthium strumarium,Asteraceae,Asteroideae,NA
Cosmos scabiosoides,Asteraceae,Asteroideae,NA
Erechtites valerianifolius,Asteraceae,Asteroideae,NA
Telanthophora grandifolia grandifolia,Asteraceae,Asteroideae,grandifolia
Erechtites valerianifolius,Asteraceae,Asteroideae,NA
Aldama dentata,Asteraceae,Asteroideae,NA
Erechtites hieracifolia cacalioides,Asteraceae,NA,cacalioides
Melanthera nivea,Asteraceae,Asteroideae,NA
Calea urticifolia urticifolia,Asteraceae,Asteroideae,urticifolia
Adenophyllum aurantium,Asteraceae,Asteroideae,NA
Calea ternifolia ternifolia,Asteraceae,Asteroideae,ternifolia
Zinnia peruviana,Asteraceae,Asteroideae,NA
Zinnia violacea,Asteraceae,Asteroideae,NA
Zinnia violacea,Asteraceae,Asteroideae,NA
Viguiera dentata,Asteraceae,Asteroideae,NA
Zinnia peruviana,Asteraceae,Asteroideae,NA
Jefea gnaphalioides,Asteraceae,Asteroideae,NA
Sclerocarpus divaricatus,Asteraceae,Asteroideae,NA
Smallanthus maculatus,Asteraceae,Asteroideae,NA
Zinnia violacea,Asteraceae,Asteroideae,NA
Xanthium spinosum,Asteraceae,Asteroideae,NA
Calea urticifolia urticifolia,Asteraceae,Asteroideae,urticifolia
Dyssodia tagetiflora,Asteraceae,Asteroideae,NA
Adenophyllum porophyllum porophyllum,Asteraceae,Asteroideae,porophyllum
Tagetes micrantha,Asteraceae,Asteroideae,NA
Senecio flaccidus flaccidus,Asteraceae,Asteroideae,flaccidus
Heterosperma pinnatum,Asteraceae,Asteroideae,NA
Tagetes filifolia,Asteraceae,Asteroideae,NA
Helenium mexicanum,Asteraceae,Asteroideae,NA
Cosmos bipinnatus,Asteraceae,Asteroideae,NA
Tithonia diversifolia,Asteraceae,Asteroideae,NA
Zaluzania triloba,Asteraceae,Asteroideae,NA
Lagascea decipiens decipiens,Asteraceae,Asteroideae,decipiens
Calea urticifolia urticifolia,Asteraceae,Asteroideae,urticifolia
Porophyllum viridiflorum,Asteraceae,Asteroideae,NA
Helenium microcephalum ooclinium,Asteraceae,Asteroideae,ooclinium
Thymophylla acerosa,Asteraceae,Asteroideae,NA
Cosmos parviflorus,Asteraceae,Asteroideae,NA
Helenium microcephalum ooclinium,Asteraceae,Asteroideae,ooclinium
Helenium microcephalum ooclinium,Asteraceae,Asteroideae,ooclinium
Psacalium platylepis,Asteraceae,Asteroideae,NA
Acourtia fruticosa,Asteraceae,Mutisioideae,NA
Thymophylla setifolia,Asteraceae,Asteroideae,NA
Zaluzania triloba,Asteraceae,Asteroideae,NA
Bahia absinthifolia absinthifolia,Asteraceae,Asteroideae,absinthifolia
Zaluzania mollissima,Asteraceae,Asteroideae,NA
Acourtia fruticosa,Asteraceae,Mutisioideae,NA
Pittocaulon filare,Asteraceae,Asteroideae,NA
Jaegeria glabra,Asteraceae,Asteroideae,NA
Heliopsis parvifolia,Asteraceae,Asteroideae,NA
Psacalium megaphyllum,Asteraceae,Asteroideae,NA
Cosmos bipinnatus,Asteraceae,Asteroideae,NA
Trixis pterocaulis,Asteraceae,Mutisioideae,NA
Tithonia rotundifolia,Asteraceae,Asteroideae,NA
Flaveria anomala,Asteraceae,Asteroideae,NA
Zaluzania triloba,Asteraceae,Asteroideae,NA
Flaveria anomala,Asteraceae,Asteroideae,NA
Critoniopsis uniflora,Asteraceae,Vernonioideae,NA
Zaluzania triloba,Asteraceae,Asteroideae,NA
Neurolaena lobata,Asteraceae,Asteroideae,NA
Calea ternifolia ternifolia,Asteraceae,Asteroideae,ternifolia
Achillea millefolium,Asteraceae,Asteroideae,NA
Artemisia ludoviciana,Asteraceae,Asteroideae,NA
Tithonia tubaeformis,Asteraceae,Asteroideae,NA
Lagascea helianthifolia,Asteraceae,Asteroideae,NA
Porophyllum viridiflorum,Asteraceae,Asteroideae,NA
Porophyllum pringlei,Asteraceae,Asteroideae,NA
Vernonia karvinskiana karwinskiana,Asteraceae,Vernonioideae,karwinskiana
Zaluzania triloba,Asteraceae,Asteroideae,NA
Lasianthaea macrocephala,Asteraceae,Asteroideae,NA
Tagetes subulata,Asteraceae,Asteroideae,NA
Pectis prostrata,Asteraceae,Asteroideae,NA
Zinnia peruviana,Asteraceae,Asteroideae,NA
Verbesina sphaerocephala,Asteraceae,Asteroideae,NA
Tagetes lunulata,Asteraceae,Asteroideae,NA
Pittocaulon praecox,Asteraceae,Asteroideae,NA
Acourtia fruticosa,Asteraceae,Mutisioideae,NA
Trixis michuacana longifolia,Asteraceae,Mutisioideae,longifolia
Lagascea helianthifolia,Asteraceae,Asteroideae,NA
Cosmos carvifolius,Asteraceae,Asteroideae,NA
Artemisia ludoviciana,Asteraceae,Asteroideae,NA
Bidens squarrosa,Asteraceae,Asteroideae,NA
Adenophyllum porophyllum cancellatum,Asteraceae,Asteroideae,cancellatum
Sanvitalia procumbens,Asteraceae,Asteroideae,NA
Dyssodia tagetiflora,Asteraceae,Asteroideae,NA
Pittocaulon filare,Asteraceae,Asteroideae,NA
Melampodium sericeum,Asteraceae,Asteroideae,NA
Heterosperma pinnatum,Asteraceae,Asteroideae,NA
Eclipta prostrata,Asteraceae,Asteroideae,NA
Cosmos palmeri palmeri,Asteraceae,NA,palmeri
Lagascea helianthifolia,Asteraceae,Asteroideae,NA
Packera sanguisorbae,Asteraceae,Asteroideae,NA
Senecio deformis,Asteraceae,Asteroideae,NA
Packera bellidifolia,Asteraceae,Asteroideae,NA
Achillea millefolium,Asteraceae,Asteroideae,NA
Psacalium tussilaginoides,Asteraceae,Asteroideae,NA
Roldana barba-johannis,Asteraceae,Asteroideae,NA
Alloispermum michoacanum,Asteraceae,Asteroideae,NA
Vernonanthura cordata,Asteraceae,Vernonioideae,NA
Lagascea decipiens decipiens,Asteraceae,Asteroideae,decipiens
Calea urticifolia urticifolia,Asteraceae,Asteroideae,urticifolia
Sclerocarpus divaricatus,Asteraceae,Asteroideae,NA
Zaluzania triloba,Asteraceae,Asteroideae,NA
Calea ternifolia,Asteraceae,Asteroideae,NA
Xanthium strumarium,Asteraceae,Asteroideae,NA
Acourtia nana,Asteraceae,Mutisioideae,NA
Gaillardia comosa,Asteraceae,Asteroideae,NA
Acourtia nana,Asteraceae,Mutisioideae,NA
Acourtia wrightii,Asteraceae,Mutisioideae,NA
Acourtia parryi,Asteraceae,Mutisioideae,NA
Thymophylla pentachaeta pentachaeta,Asteraceae,Asteroideae,pentachaeta
Zaluzania triloba,Asteraceae,Asteroideae,NA
Zaluzania triloba,Asteraceae,Asteroideae,NA
Cosmos bipinnatus,Asteraceae,Asteroideae,NA
Cosmos bipinnatus,Asteraceae,Asteroideae,NA
Tagetes micrantha,Asteraceae,Asteroideae,NA
Flaveria anomala,Asteraceae,Asteroideae,NA
Thymophylla acerosa,Asteraceae,Asteroideae,NA
Zaluzania triloba,Asteraceae,Asteroideae,NA
Dyssodia papposa,Asteraceae,Asteroideae,NA
Neurolaena macrocephala,Asteraceae,Asteroideae,NA
Gochnatia hypoleuca hypoleuca,Asteraceae,Gochnatioideae,hypoleuca
Tagetes foetidissima,Asteraceae,Asteroideae,NA
Bidens aurea,Asteraceae,Asteroideae,NA
Pittocaulon filare,Asteraceae,Asteroideae,NA
Acourtia fruticosa,Asteraceae,Mutisioideae,NA
Calea urticifolia urticifolia,Asteraceae,Asteroideae,urticifolia
Lagascea helianthifolia,Asteraceae,Asteroideae,NA
Trixis mexicana mexicana,Asteraceae,Mutisioideae,mexicana
Lagascea angustifolia,Asteraceae,Asteroideae,NA
Roldana gentryi,Asteraceae,Asteroideae,NA
Roldana gentryi,Asteraceae,Asteroideae,NA
Lagascea helianthifolia,Asteraceae,Asteroideae,NA
Heterosperma pinnatum,Asteraceae,Asteroideae,NA
Dahlia dissecta,Asteraceae,Asteroideae,NA
Calea urticifolia urticifolia,Asteraceae,Asteroideae,urticifolia
Helenium quadridentatum,Asteraceae,Asteroideae,NA
Pseudelephantopus spicatus,Asteraceae,Vernonioideae,NA
Lagascea mollis,Asteraceae,Asteroideae,NA
Sanvitalia procumbens,Asteraceae,Asteroideae,NA
Sclerocarpus divaricatus,Asteraceae,Asteroideae,NA
Sartwellia mexicana,Asteraceae,Asteroideae,NA
Verbesina crocata,Asteraceae,Asteroideae,NA
Vernonanthura patens,Asteraceae,Vernonioideae,NA
Cyanthillium cinereum,Asteraceae,Vernonioideae,NA
Lagascea mollis,Asteraceae,Asteroideae,NA
Acourtia runcinata,Asteraceae,Mutisioideae,NA
Sanvitalia procumbens,Asteraceae,Asteroideae,NA
Hybridella globosa,Asteraceae,Asteroideae,NA
Euphrosyne partheniifolia,Asteraceae,Asteroideae,NA
Psacalium amplifolium,Asteraceae,Asteroideae,NA
Critoniopsis uniflora,Asteraceae,Vernonioideae,NA
Psacalium sinuatum,Asteraceae,Asteroideae,NA
Roldana lineolata,Asteraceae,Asteroideae,NA
Cosmos bipinnatus,Asteraceae,Asteroideae,NA
Helenium laciniatum,Asteraceae,Asteroideae,NA
Dyssodia papposa,Asteraceae,Asteroideae,NA
Flaveria anomala,Asteraceae,Asteroideae,NA
Tagetes erecta,Asteraceae,Asteroideae,NA
Sclerocarpus divaricatus,Asteraceae,Asteroideae,NA
Cosmos diversifolius diversifolius,Asteraceae,Asteroideae,diversifolius
Packera tampicana,Asteraceae,Asteroideae,NA
Sclerocarpus uniserialis,Asteraceae,Asteroideae,NA
Zaluzania montagnaeifolia,Asteraceae,Asteroideae,NA
Sclerocarpus uniserialis,Asteraceae,Asteroideae,NA
Montanoa frutescens,Asteraceae,Asteroideae,NA
Bidens leptocephala,Asteraceae,Asteroideae,NA
Baltimora recta,Asteraceae,Asteroideae,NA
Lagascea mollis,Asteraceae,Asteroideae,NA
Zinnia peruviana,Asteraceae,Asteroideae,NA
Critoniopsis tomentosa,Asteraceae,Vernonioideae,NA
Psacalium napellifolium,Asteraceae,Asteroideae,NA
Acourtia moschata,Asteraceae,Mutisioideae,NA
Lagascea decipiens decipiens,Asteraceae,Asteroideae,decipiens
Cosmos caudatus,Asteraceae,Asteroideae,NA
Zaluzania triloba,Asteraceae,Asteroideae,NA
Senecio picridis,Asteraceae,Asteroideae,NA
Cosmos atrosanguineus,Asteraceae,Asteroideae,NA
Geraea canescens,Asteraceae,Asteroideae,NA
Calea urticifolia urticifolia,Asteraceae,Asteroideae,urticifolia
Vernonanthura serratuloides,Asteraceae,Vernonioideae,NA
Xanthium spinosum,Asteraceae,Asteroideae,NA
Vernonanthura liatroides,Asteraceae,Vernonioideae,NA
Dyssodia papposa,Asteraceae,Asteroideae,NA
Sclerocarpus uniserialis,Asteraceae,Asteroideae,NA
Sclerocarpus divaricatus,Asteraceae,Asteroideae,NA
Zaluzania megacephala megacephala,Asteraceae,Asteroideae,megacephala
Helenium quadridentatum,Asteraceae,Asteroideae,NA
Thymophylla acerosa,Asteraceae,Asteroideae,NA
Zaluzania triloba,Asteraceae,Asteroideae,NA
Thymophylla setifolia,Asteraceae,Asteroideae,NA
Sclerocarpus divaricatus,Asteraceae,Asteroideae,NA
Adenophyllum porophyllum cancellatum,Asteraceae,Asteroideae,cancellatum
Adenophyllum porophyllum cancellatum,Asteraceae,Asteroideae,cancellatum
Sanvitalia procumbens,Asteraceae,Asteroideae,NA
Acmella repens,Asteraceae,Asteroideae,NA
Zinnia peruviana,Asteraceae,Asteroideae,NA
Calea ternifolia ternifolia,Asteraceae,Asteroideae,ternifolia
Calea urticifolia urticifolia,Asteraceae,Asteroideae,urticifolia
Tridax coronopifolia,Asteraceae,Asteroideae,NA
Montanoa mollissima,Asteraceae,Asteroideae,NA
Lagascea helianthifolia,Asteraceae,Asteroideae,NA
Psacalium platylepis,Asteraceae,Asteroideae,NA
Pseudelephantopus spicatus,Asteraceae,Vernonioideae,NA
Artemisia absinthium,Asteraceae,Asteroideae,NA
Viguiera excelsa pachycephala,Asteraceae,Asteroideae,pachycephala
Calea ternifolia,Asteraceae,Asteroideae,NA
Psacalium radulifolium,Asteraceae,Asteroideae,NA
Psacalium amplifolium,Asteraceae,Asteroideae,NA
Cosmos palmeri palmeri,Asteraceae,NA,palmeri
Verbesina serrata,Asteraceae,Asteroideae,NA
Cosmos parviflorus,Asteraceae,Asteroideae,NA
Lagascea helianthifolia,Asteraceae,Asteroideae,NA
Zaluzania triloba,Asteraceae,Asteroideae,NA
Zaluzania triloba,Asteraceae,Asteroideae,NA
Cosmos crithmifolius,Asteraceae,Asteroideae,NA
Verbesina serrata,Asteraceae,Asteroideae,NA
Alloispermum palmeri palmeri,Asteraceae,Asteroideae,palmeri
Melampodium divaricatum,Asteraceae,Asteroideae,NA
Acourtia reticulata maculata,Asteraceae,Mutisioideae,maculata
Hymenoxys odorata,Asteraceae,Asteroideae,NA
Bidens odorata odorata,Asteraceae,Asteroideae,odorata
Aldama dentata,Asteraceae,Asteroideae,NA
Thymophylla setifolia,Asteraceae,Asteroideae,NA
Critoniopsis obtusa,Asteraceae,Vernonioideae,NA
Acourtia purpusii,Asteraceae,Mutisioideae,NA
Dyssodia papposa,Asteraceae,Asteroideae,NA
Gochnatia hypoleuca hypoleuca,Asteraceae,Gochnatioideae,hypoleuca
Sanvitalia procumbens,Asteraceae,Asteroideae,NA
Dyssodia tagetiflora,Asteraceae,Asteroideae,NA
Dyssodia papposa,Asteraceae,Asteroideae,NA
Sanvitalia procumbens,Asteraceae,Asteroideae,NA
Porophyllum linaria,Asteraceae,Asteroideae,NA
Tithonia diversifolia,Asteraceae,Asteroideae,NA
Ageratina jaliscensis,Asteraceae,Asteroideae,NA
Calea urticifolia urticifolia,Asteraceae,Asteroideae,urticifolia
Bidens squarrosa,Asteraceae,Asteroideae,NA
Tithonia rotundifolia,Asteraceae,Asteroideae,NA
Leiboldia serrata,Asteraceae,Vernonioideae,NA
Lagascea helianthifolia,Asteraceae,Asteroideae,NA
Trixis michuacana longifolia,Asteraceae,Mutisioideae,longifolia
Acourtia fruticosa,Asteraceae,Mutisioideae,NA
Calea urticifolia urticifolia,Asteraceae,Asteroideae,urticifolia
Senecio picridis,Asteraceae,Asteroideae,NA
Dyssodia papposa,Asteraceae,Asteroideae,NA
Calea urticifolia urticifolia,Asteraceae,Asteroideae,urticifolia
Pectis prostrata,Asteraceae,Asteroideae,NA
Adenophyllum porophyllum cancellatum,Asteraceae,Asteroideae,cancellatum
Sanvitalia procumbens,Asteraceae,Asteroideae,NA
Sanvitalia procumbens,Asteraceae,Asteroideae,NA
Thymophylla setifolia,Asteraceae,Asteroideae,NA
Zaluzania triloba,Asteraceae,Asteroideae,NA
Calea ternifolia ternifolia,Asteraceae,Asteroideae,ternifolia
Bahia schaffneri aristata,Asteraceae,NA,aristata
Zaluzania triloba,Asteraceae,Asteroideae,NA
Sclerocarpus divaricatus,Asteraceae,Asteroideae,NA
Zaluzania montagnaeifolia,Asteraceae,Asteroideae,NA
Bahia absinthifolia absinthifolia,Asteraceae,Asteroideae,absinthifolia
Zaluzania triloba,Asteraceae,Asteroideae,NA
Calea megacephala,Asteraceae,Asteroideae,NA
Dugesia mexicana,Asteraceae,Asteroideae,NA
Zinnia haageana,Asteraceae,Asteroideae,NA
Sanvitalia procumbens,Asteraceae,Asteroideae,NA
Calea ternifolia,Asteraceae,Asteroideae,NA
Cosmos diversifolius diversifolius,Asteraceae,Asteroideae,diversifolius
Viguiera dentata,Asteraceae,Asteroideae,NA
Zinnia peruviana,Asteraceae,Asteroideae,NA
Thymophylla acerosa,Asteraceae,Asteroideae,NA
Thymophylla acerosa,Asteraceae,Asteroideae,NA
Acourtia parryi,Asteraceae,Mutisioideae,NA
Sanvitalia procumbens,Asteraceae,Asteroideae,NA
Verbesina hypomalaca hypomalaca,Asteraceae,Asteroideae,hypomalaca
Parthenium incanum,Asteraceae,Asteroideae,NA
Cosmos diversifolius diversifolius,Asteraceae,Asteroideae,diversifolius
Jaegeria hirta,Asteraceae,Asteroideae,NA
Viguiera linearis,Asteraceae,Asteroideae,NA
Porophyllum crassifolium,Asteraceae,Asteroideae,NA
Adenophyllum porophyllum porophyllum,Asteraceae,Asteroideae,porophyllum
Calea urticifolia urticifolia,Asteraceae,Asteroideae,urticifolia
Zinnia violacea,Asteraceae,Asteroideae,NA
Sanvitalia procumbens,Asteraceae,Asteroideae,NA
Parthenium argentatum,Asteraceae,Asteroideae,NA
Melampodium microcephalum,Asteraceae,Asteroideae,NA
Cosmos sulphureus,Asteraceae,Asteroideae,NA
Zinnia violacea,Asteraceae,Asteroideae,NA
Lagascea helianthifolia helianthifolia,Asteraceae,Asteroideae,helianthifolia
Aldama dentata dentata,Asteraceae,Asteroideae,dentata
Baltimora recta,Asteraceae,Asteroideae,NA
Sclerocarpus divaricatus,Asteraceae,Asteroideae,NA
Bidens pilosa,Asteraceae,Asteroideae,NA
Calea urticifolia urticifolia,Asteraceae,Asteroideae,urticifolia
Viguiera morelensis,Asteraceae,Asteroideae,NA
Gochnatia hypoleuca hypoleuca,Asteraceae,Gochnatioideae,hypoleuca
Helenium elegans amphibolum,Asteraceae,Asteroideae,amphibolum
Adenophyllum cancellatum,Asteraceae,Asteroideae,NA
Zinnia peruviana,Asteraceae,Asteroideae,NA
Dyssodia papposa,Asteraceae,Asteroideae,NA
Sanvitalia procumbens,Asteraceae,Asteroideae,NA
Artemisia klotzschiana,Asteraceae,Asteroideae,NA
Artemisia ludoviciana,Asteraceae,Asteroideae,NA
Vernonia argyropappa,Asteraceae,Vernonioideae,NA
Vernonia argyropappa,Asteraceae,Vernonioideae,NA
Calea ternifolia,Asteraceae,Asteroideae,NA
Eryngiophyllum pinnatisectum,Asteraceae,Asteroideae,NA
Tagetes lucida,Asteraceae,Asteroideae,NA
Zaluzania megacephala megacephala,Asteraceae,Asteroideae,megacephala
Lagascea helianthifolia,Asteraceae,Asteroideae,NA
Vernonia bealliae,Asteraceae,Vernonioideae,NA
Calea urticifolia urticifolia,Asteraceae,Asteroideae,urticifolia
Sanvitalia procumbens,Asteraceae,Asteroideae,NA
Clibadium arboreum,Asteraceae,Asteroideae,NA
Acmella radicans radicans,Asteraceae,Asteroideae,radicans
Viguiera excelsa excelsa,Asteraceae,Asteroideae,excelsa
Zaluzania megacephala coahuilensis,Asteraceae,Asteroideae,coahuilensis
Lagascea helianthifolia,Asteraceae,Asteroideae,NA
Erechtites hieracifolia cacalioides,Asteraceae,NA,cacalioides
Sclerocarpus uniserialis,Asteraceae,Asteroideae,NA
Sphagneticola trilobata,Asteraceae,Asteroideae,NA
Thymophylla acerosa,Asteraceae,Asteroideae,NA
Zaluzania triloba,Asteraceae,Asteroideae,NA
Zaluzania triloba,Asteraceae,Asteroideae,NA
Dyssodia papposa,Asteraceae,Asteroideae,NA
Dyssodia pinnata glabrescens,Asteraceae,Asteroideae,glabrescens
Cosmos bipinnatus,Asteraceae,Asteroideae,NA
Critoniopsis triflosculosa,Asteraceae,Vernonioideae,NA
Alloispermum scabrum,Asteraceae,Asteroideae,NA
Tridax coronopifolia,Asteraceae,Asteroideae,NA
Senecio multidentatus multidentatus,Asteraceae,Asteroideae,multidentatus
Roldana angulifolia,Asteraceae,Asteroideae,NA
Senecio callosus,Asteraceae,Asteroideae,NA
Packera sanguisorbae,Asteraceae,Asteroideae,NA
Roldana platanifolia,Asteraceae,Asteroideae,NA
Packera sanguisorbae,Asteraceae,Asteroideae,NA
Verbesina virgata virgata,Asteraceae,Asteroideae,virgata
Eupatorium parayanum,Asteraceae,Asteroideae,NA
Porophyllum lindenii,Asteraceae,Asteroideae,NA
Calea urticifolia urticifolia,Asteraceae,Asteroideae,urticifolia
Salmea scandens,Asteraceae,Asteroideae,NA
Telanthophora grandifolia grandifolia,Asteraceae,Asteroideae,grandifolia
Porophyllum viridiflorum,Asteraceae,Asteroideae,NA
Calea urticifolia urticifolia,Asteraceae,Asteroideae,urticifolia
Zinnia violacea,Asteraceae,Asteroideae,NA
Parthenium hysterophorus,Asteraceae,Asteroideae,NA
Calea ternifolia,Asteraceae,Asteroideae,NA
Tagetes erecta,Asteraceae,Asteroideae,NA
Tagetes erecta,Asteraceae,Asteroideae,NA
Zinnia violacea,Asteraceae,Asteroideae,NA
Bolanosa coulteri,Asteraceae,Vernonioideae,NA
Acourtia fruticosa,Asteraceae,Mutisioideae,NA
Leuciva dealbata,Asteraceae,Asteroideae,NA
Tagetes lucida,Asteraceae,Asteroideae,NA
Sanvitalia procumbens,Asteraceae,Asteroideae,NA
Critoniopsis macvaughii,Asteraceae,Vernonioideae,NA
Acourtia wrightii,Asteraceae,Mutisioideae,NA
Flaveria anomala,Asteraceae,Asteroideae,NA
Zaluzania triloba,Asteraceae,Asteroideae,NA
Calea ternifolia,Asteraceae,Asteroideae,NA
Acourtia fruticosa,Asteraceae,Mutisioideae,NA
Tridax procumbens,Asteraceae,Asteroideae,NA
Milleria quinqueflora,Asteraceae,Asteroideae,NA
Heterosperma pinnatum,Asteraceae,Asteroideae,NA
Cosmos ocellatus,Asteraceae,Asteroideae,NA
Jaegeria hirta,Asteraceae,Asteroideae,NA
Zaluzania triloba,Asteraceae,Asteroideae,NA
Viguiera dentata,Asteraceae,Asteroideae,NA
Zexmenia serrata,Asteraceae,Asteroideae,NA
Calea urticifolia urticifolia,Asteraceae,Asteroideae,urticifolia
Zaluzania triloba,Asteraceae,Asteroideae,NA
Roldana barba-johannis,Asteraceae,Asteroideae,NA
Senecio runcinatus,Asteraceae,Asteroideae,NA
Senecio runcinatus,Asteraceae,Asteroideae,NA
Senecio runcinatus,Asteraceae,Asteroideae,NA
Senecio runcinatus,Asteraceae,Asteroideae,NA
Tagetes foetidissima,Asteraceae,Asteroideae,NA
Senecio runcinatus,Asteraceae,Asteroideae,NA
Senecio runcinatus,Asteraceae,Asteroideae,NA
Tanacetum parthenium,Asteraceae,Asteroideae,NA
Tagetes filifolia,Asteraceae,Asteroideae,NA
Sanvitalia procumbens,Asteraceae,Asteroideae,NA
Calea urticifolia urticifolia,Asteraceae,Asteroideae,urticifolia
Sclerocarpus divaricatus,Asteraceae,Asteroideae,NA
Viguiera dentata,Asteraceae,Asteroideae,NA
Verbesina oxylepis,Asteraceae,Asteroideae,NA
Zinnia peruviana,Asteraceae,Asteroideae,NA
Zaluzania triloba,Asteraceae,Asteroideae,NA
Viguiera dentata,Asteraceae,Asteroideae,NA
Montanoa mollissima,Asteraceae,Asteroideae,NA
Bidens serrulata,Asteraceae,Asteroideae,NA
Vernonia karvinskiana karwinskiana,Asteraceae,Vernonioideae,karwinskiana
Lagascea heteropappus,Asteraceae,Asteroideae,NA
Jaegeria hirta,Asteraceae,Asteroideae,NA
Cosmos scabiosoides,Asteraceae,Asteroideae,NA
Cosmos scabiosoides,Asteraceae,Asteroideae,NA
Tagetes erecta,Asteraceae,Asteroideae,NA
Xanthium strumarium,Asteraceae,Asteroideae,NA
Smallanthus maculatus,Asteraceae,Asteroideae,NA
Sanvitalia procumbens,Asteraceae,Asteroideae,NA
Calea ternifolia,Asteraceae,Asteroideae,NA
Aldama dentata dentata,Asteraceae,Asteroideae,dentata
Verbesina robinsonii,Asteraceae,Asteroideae,NA
Thymophylla acerosa,Asteraceae,Asteroideae,NA
Artemisia klotzschiana,Asteraceae,Asteroideae,NA
Helenium elegans amphibolum,Asteraceae,Asteroideae,amphibolum
Perityle microglossa microglossa,Asteraceae,Asteroideae,microglossa
Smallanthus maculatus,Asteraceae,Asteroideae,NA
Calea urticifolia urticifolia,Asteraceae,Asteroideae,urticifolia
Helenium microcephalum ooclinium,Asteraceae,Asteroideae,ooclinium
Dahlia coccinea,Asteraceae,Asteroideae,NA
Dyssodia papposa,Asteraceae,Asteroideae,NA
Zaluzania triloba,Asteraceae,Asteroideae,NA
Zaluzania triloba,Asteraceae,Asteroideae,NA
Calea ternifolia ternifolia,Asteraceae,Asteroideae,ternifolia
Verbesina hypomalaca hypomalaca,Asteraceae,Asteroideae,hypomalaca
Parthenium incanum,Asteraceae,Asteroideae,NA
Melampodium cinereum hirtellum,Asteraceae,Asteroideae,hirtellum
Achillea millefolium,Asteraceae,Asteroideae,NA
Tagetes pringlei,Asteraceae,Asteroideae,NA
Psacalium sinuatum,Asteraceae,Asteroideae,NA
Dyssodia papposa,Asteraceae,Asteroideae,NA
Digitacalia jatrophoides jatrophoides,Asteraceae,Asteroideae,jatrophoides
Calea ternifolia,Asteraceae,Asteroideae,NA
Achillea millefolium,Asteraceae,Asteroideae,NA
Erechtites hieracifolia cacalioides,Asteraceae,NA,cacalioides
Pseudelephantopus spicatus,Asteraceae,Vernonioideae,NA
Calea urticifolia urticifolia,Asteraceae,Asteroideae,urticifolia
Lepidaploa canescens,Asteraceae,Vernonioideae,NA
Alloispermum integrifolium,Asteraceae,Asteroideae,NA
Iostephane heterophylla,Asteraceae,Asteroideae,NA
Sanvitalia procumbens,Asteraceae,Asteroideae,NA
Packera bellidifolia,Asteraceae,Asteroideae,NA
Bidens anthemoides,Asteraceae,Asteroideae,NA
Sclerocarpus divaricatus,Asteraceae,Asteroideae,NA
Helenium microcephalum ooclinium,Asteraceae,Asteroideae,ooclinium
Sanvitalia procumbens,Asteraceae,Asteroideae,NA
Calea ternifolia,Asteraceae,Asteroideae,NA
Thymophylla acerosa,Asteraceae,Asteroideae,NA
Helenium microcephalum ooclinium,Asteraceae,Asteroideae,ooclinium
Pittocaulon filare,Asteraceae,Asteroideae,NA
Lagascea palmeri,Asteraceae,Asteroideae,NA
Calea ternifolia,Asteraceae,Asteroideae,NA
Acmella repens,Asteraceae,Asteroideae,NA
Guettarda combsii,Rubiaceae,Cinchonoideae,NA
Alseis yucatanensis,Rubiaceae,Cinchonoideae,NA
Acacia usumacintensis,Fabaceae,Caesalpinioideae,NA
Protium copal,Burseraceae,NA,NA
Erythrina caribaea,Fabaceae,Papilionoideae,NA
Blepharidium mexicanum,Rubiaceae,Cinchonoideae,NA
Blepharidium mexicanum,Rubiaceae,Cinchonoideae,NA
Guettarda combsii,Rubiaceae,Cinchonoideae,NA
Blepharidium mexicanum,Rubiaceae,Cinchonoideae,NA
Guettarda combsii,Rubiaceae,Cinchonoideae,NA
Alseis yucatanensis,Rubiaceae,Cinchonoideae,NA
Lonchocarpus rugosus rugosus,Fabaceae,Papilionoideae,rugosus
Lonchocarpus guatemalensis,Fabaceae,Papilionoideae,NA
Byrsonima bucidifolia,Malpighiaceae,Byrsonimoideae,NA
Havardia albicans,Fabaceae,Caesalpinioideae,NA
Randia aculeata,Rubiaceae,Ixoroideae,NA
Gymnanthes lucida,Euphorbiaceae,Euphorbioideae,NA
Spondias mombin,Anacardiaceae,Spondiadoideae,NA
Laetia thamnia,Salicaceae,Samydoideae,NA
Mimosa bahamensis,Fabaceae,Caesalpinioideae,NA
Sideroxylon salicifolium,Sapotaceae,Sapotoideae,NA
Lonchocarpus rugosus,Fabaceae,Papilionoideae,NA
Blepharidium mexicanum,Rubiaceae,Cinchonoideae,NA
Ceiba pentandra,Malvaceae,Bombacoideae,NA
Acacia gaumeri,Fabaceae,Caesalpinioideae,NA
Alibertia edulis,Rubiaceae,Cinchonoideae,NA
Mimosa bahamensis,Fabaceae,Caesalpinioideae,NA
Eugenia capuli,Myrtaceae,Myrtoideae,NA
Cryosophila argentea,Arecaceae,Coryphoideae,NA
Lonchocarpus castilloi,Fabaceae,Papilionoideae,NA
Pouteria reticulata,Sapotaceae,Chrysophylloideae,NA
Gymnopodium floribundum,Polygonaceae,NA,NA
Psychotria costivenia,Rubiaceae,Rubioideae,NA
Blepharidium mexicanum,Rubiaceae,Cinchonoideae,NA
Vernonanthura oaxacana,Asteraceae,Vernonioideae,NA
Vernonanthura oaxacana,Asteraceae,Vernonioideae,NA
Senecio roseus,Asteraceae,Asteroideae,NA
Senecio roseus,Asteraceae,Asteroideae,NA
Senecio procumbens,Asteraceae,Asteroideae,NA
Senecio mairetianus,Asteraceae,Asteroideae,NA
Senecio roseus,Asteraceae,Asteroideae,NA
Senecio roseus,Asteraceae,Asteroideae,NA
Senecio roseus,Asteraceae,Asteroideae,NA
Senecio roseus,Asteraceae,Asteroideae,NA
Senecio conzattii,Asteraceae,Asteroideae,NA
Senecio bracteatus,Asteraceae,Asteroideae,NA
Roldana angulifolia,Asteraceae,Asteroideae,NA
Psacalium silphiifolium,Asteraceae,Asteroideae,NA
Pittocaulon praecox,Asteraceae,Asteroideae,NA
Pittocaulon praecox,Asteraceae,Asteroideae,NA
Psacalium silphiifolium,Asteraceae,Asteroideae,NA
Psacalium peltatum peltatum,Asteraceae,Asteroideae,peltatum
Roldana lineolata,Asteraceae,Asteroideae,NA
Psacalium silphiifolium,Asteraceae,Asteroideae,NA
Roldana angulifolia,Asteraceae,Asteroideae,NA
Senecio callosus,Asteraceae,Asteroideae,NA
Barkleyanthus salicifolius,Asteraceae,Asteroideae,NA
Roldana sessilifolia,Asteraceae,Asteroideae,NA
Roldana barba-johannis,Asteraceae,Asteroideae,NA
Psacalium megaphyllum,Asteraceae,Asteroideae,NA
Pectis prostrata,Asteraceae,Asteroideae,NA
Senecio picridis,Asteraceae,Asteroideae,NA
Senecio callosus,Asteraceae,Asteroideae,NA
Roldana metepecus,Asteraceae,Asteroideae,NA
Senecio vulgaris,Asteraceae,Asteroideae,NA
Adenophyllum glandulosum,Asteraceae,Asteroideae,NA
Roldana angulifolia,Asteraceae,Asteroideae,NA
Roldana barba-johannis,Asteraceae,Asteroideae,NA
Roldana barba-johannis,Asteraceae,Asteroideae,NA
Roldana reticulata,Asteraceae,Asteroideae,NA
Melampodium repens,Asteraceae,Asteroideae,NA
Senecio toluccanus,Asteraceae,Asteroideae,NA
Porophyllum macrocephalum,Asteraceae,Asteroideae,NA
Psacalium poculiferum,Asteraceae,Asteroideae,NA
Trixis hyposericea,Asteraceae,Mutisioideae,NA
Psacalium pringlei,Asteraceae,Asteroideae,NA
Psacalium peltigerum peltigerum,Asteraceae,Asteroideae,peltigerum
Psacalium pringlei,Asteraceae,Asteroideae,NA
Jaliscoa pringlei,Asteraceae,Asteroideae,NA
Senecio callosus,Asteraceae,Asteroideae,NA
Senecio cinerarioides,Asteraceae,Asteroideae,NA
Roldana lobata,Asteraceae,Asteroideae,NA
Senecio godmanii,Asteraceae,Asteroideae,NA
Senecio callosus,Asteraceae,Asteroideae,NA
Senecio callosus,Asteraceae,Asteroideae,NA
Telanthophora grandifolia grandifolia,Asteraceae,Asteroideae,grandifolia
Roldana heterogama,Asteraceae,Asteroideae,NA
Telanthophora grandifolia grandifolia,Asteraceae,Asteroideae,grandifolia
Erechtites valerianifolius,Asteraceae,Asteroideae,NA
Senecio oerstedianus,Asteraceae,Asteroideae,NA
Senecio warszewiczii,Asteraceae,Asteroideae,NA
Werneria nubigena,Asteraceae,Asteroideae,NA
Roldana angulifolia,Asteraceae,Asteroideae,NA
Roldana barba-johannis,Asteraceae,Asteroideae,NA
Roldana barba-johannis,Asteraceae,Asteroideae,NA
Packera sanguisorbae,Asteraceae,Asteroideae,NA
Senecio callosus,Asteraceae,Asteroideae,NA
Senecio callosus,Asteraceae,Asteroideae,NA
Telanthophora grandifolia grandifolia,Asteraceae,Asteroideae,grandifolia
Senecio stoechadiformis,Asteraceae,Asteroideae,NA
Senecio stoechadiformis,Asteraceae,Asteroideae,NA
Senecio richardsonii,Asteraceae,Asteroideae,NA
Senecio richardsonii,Asteraceae,Asteroideae,NA
Psacalium radulifolium,Asteraceae,Asteroideae,NA
Psacalium peltatum adenophorum,Asteraceae,Asteroideae,adenophorum
Senecio lithophilus,Asteraceae,Asteroideae,NA
Psacalium radulifolium,Asteraceae,Asteroideae,NA
Psacalium peltatum adenophorum,Asteraceae,Asteroideae,adenophorum
Packera coahuilensis,Asteraceae,Asteroideae,NA
Roldana nesomiorum,Asteraceae,Asteroideae,NA
Vernonia greggii,Asteraceae,Vernonioideae,NA
Psacalium peltatum adenophorum,Asteraceae,Asteroideae,adenophorum
Senecio lithophilus,Asteraceae,Asteroideae,NA
Psacalium radulifolium,Asteraceae,Asteroideae,NA
Senecio viejoanus,Asteraceae,Asteroideae,NA
Packera zimapanica,Asteraceae,Asteroideae,NA
Senecio toluccanus,Asteraceae,Asteroideae,NA
Melampodium perfoliatum,Asteraceae,Asteroideae,NA
Acourtia parryi,Asteraceae,Mutisioideae,NA
Packera montereyana,Asteraceae,Asteroideae,NA
Vernonia greggii,Asteraceae,Vernonioideae,NA
Senecio platypus,Asteraceae,Asteroideae,NA
Packera montereyana,Asteraceae,Asteroideae,NA
Digitacalia chiapensis,Asteraceae,Asteroideae,NA
Digitacalia chiapensis,Asteraceae,Asteroideae,NA
Digitacalia chiapensis,Asteraceae,Asteroideae,NA
Senecio callosus,Asteraceae,Asteroideae,NA
Chaptalia albicans,Asteraceae,Mutisioideae,NA
Porophyllum punctatum,Asteraceae,Asteroideae,NA
Sonchus oleraceus,Asteraceae,Cichorioideae,NA
Roldana platanifolia,Asteraceae,Asteroideae,NA
Roldana platanifolia,Asteraceae,Asteroideae,NA
Senecio stoechadiformis,Asteraceae,Asteroideae,NA
Packera sanguisorbae,Asteraceae,Asteroideae,NA
Packera tampicana,Asteraceae,Asteroideae,NA
Porophyllum punctatum,Asteraceae,Asteroideae,NA
Porophyllum punctatum,Asteraceae,Asteroideae,NA
Vernonanthura oaxacana,Asteraceae,Vernonioideae,NA
Packera sanguisorbae,Asteraceae,Asteroideae,NA
Roldana angulifolia,Asteraceae,Asteroideae,NA
Barkleyanthus salicifolius,Asteraceae,Asteroideae,NA
Senecio mulgediifolius,Asteraceae,Asteroideae,NA
Senecio parryi,Asteraceae,Asteroideae,NA
Senecio parryi,Asteraceae,Asteroideae,NA
Senecio parryi,Asteraceae,Asteroideae,NA
Maxillaria variabilis,Orchidaceae,Epidendroideae,NA
Gouania lupuloides,Rhamnaceae,Ziziphoideae,NA
Ocotea helicterifolia,Lauraceae,NA,NA
Heterocentron,Melastomataceae,NA,NA
Ouratea nitida,Ochnaceae,Ochnoideae,NA
Costus pulverulentus,Costaceae,NA,NA
Tovaria pendula,Tovariaceae,NA,NA
Bejaria aestuans,Ericaceae,Ericoideae,NA
Ipomoea indica,Convolvulaceae,NA,NA
Setaria paniculifera,Poaceae,Panicoideae,NA
Arpophyllum giganteum,Orchidaceae,Epidendroideae,NA
Rondeletia ligustroides,Rubiaceae,Cinchonoideae,NA
Cephaelis elata,Rubiaceae,Rubioideae,NA
Renealmia mexicana,Zingiberaceae,Alpinioideae,NA
Protium copal,Burseraceae,NA,NA
Centradenia inaequilateralis,Melastomataceae,Melastomatoideae,NA
Aster subulatus subulatus,Asteraceae,Asteroideae,subulatus
Platystele stenostachya,Orchidaceae,Epidendroideae,NA
Rondeletia nitida,Rubiaceae,Cinchonoideae,NA
Nectandra salicifolia,Lauraceae,NA,NA
Sphyrospermum cordifolium,Ericaceae,Vaccinioideae,NA
Scaphyglottis,Orchidaceae,Epidendroideae,NA
Ocotea helicterifolia,Lauraceae,NA,NA
Habracanthus silvaticus,Acanthaceae,NA,NA
Psacalium sinuatum,Asteraceae,Asteroideae,NA
Senecio deformis,Asteraceae,Asteroideae,NA
Packera bellidifolia,Asteraceae,Asteroideae,NA
Roldana angulifolia,Asteraceae,Asteroideae,NA
Senecio callosus,Asteraceae,Asteroideae,NA
Senecio callosus,Asteraceae,Asteroideae,NA
Vernonia alamanii,Asteraceae,Vernonioideae,NA
Roldana platanifolia,Asteraceae,Asteroideae,NA
Telanthophora andrieuxii,Asteraceae,Asteroideae,NA
Barkleyanthus salicifolius,Asteraceae,Asteroideae,NA
Lepidaploa tortuosa,Asteraceae,Vernonioideae,NA
Roldana chiapensis,Asteraceae,Asteroideae,NA
Telanthophora cobanensis cobanensis,Asteraceae,Asteroideae,cobanensis
Telanthophora cobanensis cobanensis,Asteraceae,Asteroideae,cobanensis
Senecio mairetianus,Asteraceae,Asteroideae,NA
Senecio roseus,Asteraceae,Asteroideae,NA
Roldana lineolata,Asteraceae,Asteroideae,NA
Senecio mairetianus,Asteraceae,Asteroideae,NA
Senecio roseus,Asteraceae,Asteroideae,NA
Hippocratea excelsa,Celastraceae,Hippocrateoideae,NA
Roldana subcymosa,Asteraceae,Asteroideae,NA
Senecio callosus,Asteraceae,Asteroideae,NA
Senecio bracteatus,Asteraceae,Asteroideae,NA
Psacalium peltatum conzattii,Asteraceae,Asteroideae,conzattii
Roldana barba-johannis,Asteraceae,Asteroideae,NA
Roldana lineolata,Asteraceae,Asteroideae,NA
Roldana subcymosa,Asteraceae,Asteroideae,NA
Psacalium megaphyllum,Asteraceae,Asteroideae,NA
Senecio deformis,Asteraceae,Asteroideae,NA
Packera bellidifolia,Asteraceae,Asteroideae,NA
Senecio bracteatus,Asteraceae,Asteroideae,NA
Senecio callosus,Asteraceae,Asteroideae,NA
Senecio callosus,Asteraceae,Asteroideae,NA
Roldana oaxacana,Asteraceae,Asteroideae,NA
Packera bellidifolia,Asteraceae,Asteroideae,NA
Senecio callosus,Asteraceae,Asteroideae,NA
Telanthophora andrieuxii,Asteraceae,Asteroideae,NA
Senecio callosus,Asteraceae,Asteroideae,NA
Psacalium beamanii,Asteraceae,Asteroideae,NA
Packera sanguisorbae,Asteraceae,Asteroideae,NA
Senecio bracteatus,Asteraceae,Asteroideae,NA
Packera bellidifolia,Asteraceae,Asteroideae,NA
Senecio callosus,Asteraceae,Asteroideae,NA
Senecio iodanthus,Asteraceae,Asteroideae,NA
Senecio callosus,Asteraceae,Asteroideae,NA
Senecio roseus,Asteraceae,Asteroideae,NA
Packera bellidifolia,Asteraceae,Asteroideae,NA
Senecio roseus,Asteraceae,Asteroideae,NA
Senecio callosus,Asteraceae,Asteroideae,NA
Roldana barba-johannis,Asteraceae,Asteroideae,NA
Senecio mulgediifolius,Asteraceae,Asteroideae,NA
Senecio callosus,Asteraceae,Asteroideae,NA
Senecio callosus,Asteraceae,Asteroideae,NA
Roldana hartwegii,Asteraceae,Asteroideae,NA
Senecio bracteatus,Asteraceae,Asteroideae,NA
Roldana oaxacana,Asteraceae,Asteroideae,NA
Psacalium cirsiifolium,Asteraceae,Asteroideae,NA
Senecio bracteatus,Asteraceae,Asteroideae,NA
Psacalium hintonii,Asteraceae,Asteroideae,NA
Senecio bracteatus,Asteraceae,Asteroideae,NA
Psacalium sinuatum,Asteraceae,Asteroideae,NA
Tagetes lucida,Asteraceae,Asteroideae,NA
Senecio cinerarioides,Asteraceae,Asteroideae,NA
Stevia monardifolia,Asteraceae,Asteroideae,NA
Critoniopsis salicifolia,Asteraceae,Vernonioideae,NA
Tagetes erecta,Asteraceae,Asteroideae,NA
Senecio callosus,Asteraceae,Asteroideae,NA
Senecio callosus,Asteraceae,Asteroideae,NA
Packera bellidifolia,Asteraceae,Asteroideae,NA
Psacalium silphiifolium,Asteraceae,Asteroideae,NA
Senecio callosus,Asteraceae,Asteroideae,NA
Psacalium silphiifolium,Asteraceae,Asteroideae,NA
Senecio callosus,Asteraceae,Asteroideae,NA
Senecio callosus,Asteraceae,Asteroideae,NA
Senecio callosus,Asteraceae,Asteroideae,NA
Roldana reticulata,Asteraceae,Asteroideae,NA
Roldana heterogama,Asteraceae,Asteroideae,NA
Senecio doratophyllus,Asteraceae,Asteroideae,NA
Telanthophora uspantanensis,Asteraceae,Asteroideae,NA
Packera coahuilensis,Asteraceae,Asteroideae,NA
Senecio runcinatus,Asteraceae,Asteroideae,NA
Roldana jurgensenii,Asteraceae,Asteroideae,NA
Senecio godmanii,Asteraceae,Asteroideae,NA
Erechtites valerianifolius,Asteraceae,Asteroideae,NA
Senecio godmanii,Asteraceae,Asteroideae,NA
Telanthophora uspantanensis,Asteraceae,Asteroideae,NA
Roldana breedlovei,Asteraceae,Asteroideae,NA
Erechtites hieracifolia cacalioides,Asteraceae,NA,cacalioides
Senecio doratophyllus,Asteraceae,Asteroideae,NA
Senecio godmanii,Asteraceae,Asteroideae,NA
Barkleyanthus salicifolius,Asteraceae,Asteroideae,NA
Critoniopsis uniflora,Asteraceae,Vernonioideae,NA
Senecio stoechadiformis,Asteraceae,Asteroideae,NA
Roldana angulifolia,Asteraceae,Asteroideae,NA
Roldana barba-johannis,Asteraceae,Asteroideae,NA
Tagetes lucida,Asteraceae,Asteroideae,NA
Tagetes foetidissima,Asteraceae,Asteroideae,NA
Porophyllum punctatum,Asteraceae,Asteroideae,NA
Porophyllum punctatum,Asteraceae,Asteroideae,NA
Senecio roseus,Asteraceae,Asteroideae,NA
Roldana lobata,Asteraceae,Asteroideae,NA
Senecio procumbens,Asteraceae,Asteroideae,NA
Senecio stoechadiformis,Asteraceae,Asteroideae,NA
Senecio procumbens,Asteraceae,Asteroideae,NA
Senecio helodes,Asteraceae,Asteroideae,NA
Senecio mairetianus,Asteraceae,Asteroideae,NA
Senecio iodanthus,Asteraceae,Asteroideae,NA
Psacalium peltatum peltatum,Asteraceae,Asteroideae,peltatum
Senecio procumbens,Asteraceae,Asteroideae,NA
Senecio procumbens,Asteraceae,Asteroideae,NA
Senecio iodanthus,Asteraceae,Asteroideae,NA
Senecio procumbens,Asteraceae,Asteroideae,NA
Senecio callosus,Asteraceae,Asteroideae,NA
Senecio procumbens,Asteraceae,Asteroideae,NA
Senecio procumbens,Asteraceae,Asteroideae,NA
Senecio callosus,Asteraceae,Asteroideae,NA
Senecio cinerarioides,Asteraceae,Asteroideae,NA
Senecio procumbens,Asteraceae,Asteroideae,NA
Senecio procumbens,Asteraceae,Asteroideae,NA
Packera sanguisorbae,Asteraceae,Asteroideae,NA
Senecio procumbens,Asteraceae,Asteroideae,NA
Senecio cinerarioides,Asteraceae,Asteroideae,NA
Senecio procumbens,Asteraceae,Asteroideae,NA
Pippenalia delphiniifolia,Asteraceae,Asteroideae,NA
Senecio mairetianus,Asteraceae,Asteroideae,NA
Senecio mulgediifolius,Asteraceae,Asteroideae,NA
Telanthophora grandifolia grandifolia,Asteraceae,Asteroideae,grandifolia
Pseudogynoxys chenopodioides cummingii,Asteraceae,Asteroideae,cummingii
Pseudogynoxys chenopodioides cummingii,Asteraceae,Asteroideae,cummingii
Psacalium goldsmithii goldsmithii,Asteraceae,NA,goldsmithii
Senecio callosus,Asteraceae,Asteroideae,NA
Psacalium tussilaginoides,Asteraceae,Asteroideae,NA
Senecio callosus,Asteraceae,Asteroideae,NA
Senecio deformis,Asteraceae,Asteroideae,NA
Psacalium peltatum peltatum,Asteraceae,Asteroideae,peltatum
Critoniopsis uniflora,Asteraceae,Vernonioideae,NA
Vernonia greggii,Asteraceae,Vernonioideae,NA
Digitacalia napeifolia,Asteraceae,Asteroideae,NA
Psacalium amplifolium,Asteraceae,Asteroideae,NA
Critoniopsis tarchonanthifolia,Asteraceae,Vernonioideae,NA
Psacalium amplifolium,Asteraceae,Asteroideae,NA
Digitacalia napeifolia,Asteraceae,Asteroideae,NA
Critoniopsis leiocarpa,Asteraceae,Vernonioideae,NA
Psacalium amplifolium,Asteraceae,Asteroideae,NA
Senecio conzattii,Asteraceae,Asteroideae,NA
Vernonia karvinskiana karwinskiana,Asteraceae,Vernonioideae,karwinskiana
Psacalium amplifolium,Asteraceae,Asteroideae,NA
Psacalium amplifolium,Asteraceae,Asteroideae,NA
Senecio conzattii,Asteraceae,Asteroideae,NA
Psacalium nelsonii,Asteraceae,Asteroideae,NA
Roldana barba-johannis,Asteraceae,Asteroideae,NA
Senecio stoechadiformis,Asteraceae,Asteroideae,NA
Roldana platanifolia,Asteraceae,Asteroideae,NA
Packera bellidifolia,Asteraceae,Asteroideae,NA
Psacalium tussilaginoides,Asteraceae,Asteroideae,NA
Roldana lineolata,Asteraceae,Asteroideae,NA
Packera sanguisorbae,Asteraceae,Asteroideae,NA
Packera sanguisorbae,Asteraceae,Asteroideae,NA
Senecio vulgaris,Asteraceae,Asteroideae,NA
Roldana angulifolia,Asteraceae,Asteroideae,NA
Roldana platanifolia,Asteraceae,Asteroideae,NA
Psacalium tussilaginoides,Asteraceae,Asteroideae,NA
Roldana lineolata,Asteraceae,Asteroideae,NA
Roldana platanifolia,Asteraceae,Asteroideae,NA
Psacalium tussilaginoides,Asteraceae,Asteroideae,NA
Roldana platanifolia,Asteraceae,Asteroideae,NA
Packera sanguisorbae,Asteraceae,Asteroideae,NA
Roldana platanifolia,Asteraceae,Asteroideae,NA
Bolanosa coulteri,Asteraceae,Vernonioideae,NA
Senecio stoechadiformis,Asteraceae,Asteroideae,NA
Roldana albonervia,Asteraceae,Asteroideae,NA
Tagetes erecta,Asteraceae,Asteroideae,NA
Senecio stoechadiformis,Asteraceae,Asteroideae,NA
Piqueria trinervia,Asteraceae,Asteroideae,NA
Critoniopsis tomentosa,Asteraceae,Vernonioideae,NA
Psacalium cirsiifolium,Asteraceae,Asteroideae,NA
Thymophylla micropoides,Asteraceae,Asteroideae,NA
Senecio flaccidus flaccidus,Asteraceae,Asteroideae,flaccidus
Tagetes erecta,Asteraceae,Asteroideae,NA
Psacalium sinuatum,Asteraceae,Asteroideae,NA
Porophyllum viridiflorum,Asteraceae,Asteroideae,NA
Senecio mairetianus,Asteraceae,Asteroideae,NA
Senecio mairetianus,Asteraceae,Asteroideae,NA
Senecio roseus,Asteraceae,Asteroideae,NA
Senecio roseus,Asteraceae,Asteroideae,NA
Senecio mairetianus,Asteraceae,Asteroideae,NA
Senecio callosus,Asteraceae,Asteroideae,NA
Senecio roseus,Asteraceae,Asteroideae,NA
Roldana platanifolia,Asteraceae,Asteroideae,NA
Telanthophora andrieuxii,Asteraceae,Asteroideae,NA
Roldana barba-johannis,Asteraceae,Asteroideae,NA
Tagetes lucida,Asteraceae,Asteroideae,NA
Roldana mexicana,Asteraceae,Asteroideae,NA
Senecio stoechadiformis,Asteraceae,Asteroideae,NA
Pittocaulon praecox,Asteraceae,Asteroideae,NA
Rosilla lutea,Asteraceae,Asteroideae,NA
Critoniopsis tomentosa,Asteraceae,Vernonioideae,NA
Packera montereyana,Asteraceae,Asteroideae,NA
Porophyllum punctatum,Asteraceae,Asteroideae,NA
Trixis californica californica,Asteraceae,Mutisioideae,californica
Roldana albonervia,Asteraceae,Asteroideae,NA
Senecio conzattii,Asteraceae,Asteroideae,NA
Vernonia greggii,Asteraceae,Vernonioideae,NA
Barkleyanthus salicifolius,Asteraceae,Asteroideae,NA
Thymophylla setifolia,Asteraceae,Asteroideae,NA
Dyssodia papposa,Asteraceae,Asteroideae,NA
Vernonanthura patens,Asteraceae,Vernonioideae,NA
Porophyllum punctatum,Asteraceae,Asteroideae,NA
Tagetes erecta,Asteraceae,Asteroideae,NA
Tagetes erecta,Asteraceae,Asteroideae,NA
Tagetes erecta,Asteraceae,Asteroideae,NA
Psacalium sinuatum,Asteraceae,Asteroideae,NA
Barkleyanthus salicifolius,Asteraceae,Asteroideae,NA
Roldana breedlovei,Asteraceae,Asteroideae,NA
Barkleyanthus salicifolius,Asteraceae,Asteroideae,NA
Senecio toluccanus,Asteraceae,Asteroideae,NA
Psacalium peltatum peltatum,Asteraceae,Asteroideae,peltatum
Psacalium peltatum peltatum,Asteraceae,Asteroideae,peltatum
Senecio callosus,Asteraceae,Asteroideae,NA
Packera sanguisorbae,Asteraceae,Asteroideae,NA
Sclerocarpus uniserialis,Asteraceae,Asteroideae,NA
Porophyllum punctatum,Asteraceae,Asteroideae,NA
Senecio stoechadiformis,Asteraceae,Asteroideae,NA
Tagetes lucida,Asteraceae,Asteroideae,NA
Senecio toluccanus,Asteraceae,Asteroideae,NA
Senecio callosus,Asteraceae,Asteroideae,NA
Telanthophora andrieuxii,Asteraceae,Asteroideae,NA
Pithecellobium lanceolatum,Fabaceae,Caesalpinioideae,NA
Senecio multidentatus multidentatus,Asteraceae,Asteroideae,multidentatus
Packera bellidifolia,Asteraceae,Asteroideae,NA
Senecio iodanthus,Asteraceae,Asteroideae,NA
Roldana hartwegii,Asteraceae,Asteroideae,NA
Psacalium decompositum,Asteraceae,Asteroideae,NA
Lepidonia jonesii,Asteraceae,Vernonioideae,NA
Vernonanthura oaxacana,Asteraceae,Vernonioideae,NA
Tagetes erecta,Asteraceae,Asteroideae,NA
Critoniopsis triflosculosa,Asteraceae,Vernonioideae,NA
Psacalium tussilaginoides,Asteraceae,Asteroideae,NA
Senecio cinerarioides,Asteraceae,Asteroideae,NA
Packera sanguisorbae,Asteraceae,Asteroideae,NA
Barkleyanthus salicifolius,Asteraceae,Asteroideae,NA
Roldana aschenborniana,Asteraceae,Asteroideae,NA
Packera sanguisorbae,Asteraceae,Asteroideae,NA
Packera sanguisorbae,Asteraceae,Asteroideae,NA
Psacalium tussilaginoides,Asteraceae,Asteroideae,NA
Psacalium tussilaginoides,Asteraceae,Asteroideae,NA
Lepidonia callilepis,Asteraceae,Vernonioideae,NA
Senecio callosus,Asteraceae,Asteroideae,NA
Senecio callosus,Asteraceae,Asteroideae,NA
Senecio callosus,Asteraceae,Asteroideae,NA
Senecio callosus,Asteraceae,Asteroideae,NA
Roldana angulifolia,Asteraceae,Asteroideae,NA
Senecio callosus,Asteraceae,Asteroideae,NA
Senecio callosus,Asteraceae,Asteroideae,NA
Roldana angulifolia,Asteraceae,Asteroideae,NA
Senecio toluccanus,Asteraceae,Asteroideae,NA
Porophyllum lindenii,Asteraceae,Asteroideae,NA
Roldana angulifolia,Asteraceae,Asteroideae,NA
Roldana angulifolia,Asteraceae,Asteroideae,NA
Roldana angulifolia,Asteraceae,Asteroideae,NA
Senecio callosus,Asteraceae,Asteroideae,NA
Senecio toluccanus,Asteraceae,Asteroideae,NA
Senecio toluccanus,Asteraceae,Asteroideae,NA
Senecio iodanthus,Asteraceae,Asteroideae,NA
Senecio toluccanus,Asteraceae,Asteroideae,NA
Senecio stoechadiformis,Asteraceae,Asteroideae,NA
Senecio toluccanus,Asteraceae,Asteroideae,NA
Senecio callosus,Asteraceae,Asteroideae,NA
Senecio callosus,Asteraceae,Asteroideae,NA
Senecio callosus,Asteraceae,Asteroideae,NA
Roldana angulifolia,Asteraceae,Asteroideae,NA
Roldana angulifolia,Asteraceae,Asteroideae,NA
Senecio callosus,Asteraceae,Asteroideae,NA
Senecio stoechadiformis,Asteraceae,Asteroideae,NA
Senecio callosus,Asteraceae,Asteroideae,NA
Senecio callosus,Asteraceae,Asteroideae,NA
Senecio callosus,Asteraceae,Asteroideae,NA
Roldana angulifolia,Asteraceae,Asteroideae,NA
Senecio callosus,Asteraceae,Asteroideae,NA
Senecio callosus,Asteraceae,Asteroideae,NA
Senecio callosus,Asteraceae,Asteroideae,NA
Psacalium radulifolium,Asteraceae,Asteroideae,NA
Psacalium radulifolium,Asteraceae,Asteroideae,NA
Senecio bartlettii,Asteraceae,Asteroideae,NA
Vernonanthura oaxacana,Asteraceae,Vernonioideae,NA
Vernonanthura oaxacana,Asteraceae,Vernonioideae,NA
Vernonanthura oaxacana,Asteraceae,Vernonioideae,NA
Barkleyanthus salicifolius,Asteraceae,Asteroideae,NA
Critoniopsis tomentosa,Asteraceae,Vernonioideae,NA
Roldana aschenborniana,Asteraceae,Asteroideae,NA
Baltimora recta,Asteraceae,Asteroideae,NA
Baltimora recta,Asteraceae,Asteroideae,NA
Critoniopsis triflosculosa,Asteraceae,Vernonioideae,NA
Roldana aschenborniana,Asteraceae,Asteroideae,NA
Elephantopus mollis,Asteraceae,Vernonioideae,NA
Senecio vulgaris,Asteraceae,Asteroideae,NA
Senecio runcinatus,Asteraceae,Asteroideae,NA
Vernonia alamanii,Asteraceae,Vernonioideae,NA
Porophyllum gracile,Asteraceae,Asteroideae,NA
Porophyllum gracile,Asteraceae,Asteroideae,NA
Porophyllum maritimum,Asteraceae,Asteroideae,NA
Adenophyllum speciosum,Asteraceae,Asteroideae,NA
Gaillardia mexicana,Asteraceae,Asteroideae,NA
Hymenoxys scaposa,Asteraceae,Asteroideae,NA
Senecio madrensis,Asteraceae,Asteroideae,NA
Roldana sessilifolia,Asteraceae,Asteroideae,NA
Psacalium radulifolium,Asteraceae,Asteroideae,NA
Roldana guadalajarensis,Asteraceae,Asteroideae,NA
Roldana angulifolia,Asteraceae,Asteroideae,NA
Roldana mexicana,Asteraceae,Asteroideae,NA
Psacalium peltatum peltatum,Asteraceae,Asteroideae,peltatum
Sclerocarpus uniserialis,Asteraceae,Asteroideae,NA
Psacalium radulifolium,Asteraceae,Asteroideae,NA
Barkleyanthus salicifolius,Asteraceae,Asteroideae,NA
Psacalium cirsiifolium,Asteraceae,Asteroideae,NA
Ipomoea indica,Convolvulaceae,NA,NA
Clethra mexicana,Clethraceae,NA,NA
Nectandra salicifolia,Lauraceae,NA,NA
Siparuna nicaraguensis,Siparunaceae,NA,NA
Nectandra salicifolia,Lauraceae,NA,NA
Trixis californica californica,Asteraceae,Mutisioideae,californica
Trixis michuacana longifolia,Asteraceae,Mutisioideae,longifolia
Senecio stoechadiformis,Asteraceae,Asteroideae,NA
Vernonia alamanii,Asteraceae,Vernonioideae,NA
Roldana michoacana,Asteraceae,Asteroideae,NA
Barkleyanthus salicifolius,Asteraceae,Asteroideae,NA
Barkleyanthus salicifolius,Asteraceae,Asteroideae,NA
Packera zimapanica,Asteraceae,Asteroideae,NA
Senecio loratifolius,Asteraceae,Asteroideae,NA
Psacalium peltatum adenophorum,Asteraceae,Asteroideae,adenophorum
Packera zimapanica,Asteraceae,Asteroideae,NA
Senecio roseus,Asteraceae,Asteroideae,NA
Robinsonecio gerberifolius,Asteraceae,Asteroideae,NA
Senecio cinerarioides,Asteraceae,Asteroideae,NA
Senecio roseus,Asteraceae,Asteroideae,NA
Robinsonecio gerberifolius,Asteraceae,Asteroideae,NA
Senecio roseus,Asteraceae,Asteroideae,NA
Robinsonecio gerberifolius,Asteraceae,Asteroideae,NA
Senecio cinerarioides,Asteraceae,Asteroideae,NA
Roldana lineolata,Asteraceae,Asteroideae,NA
Senecio mairetianus,Asteraceae,Asteroideae,NA
Roldana angulifolia,Asteraceae,Asteroideae,NA
Senecio mairetianus,Asteraceae,Asteroideae,NA
Robinsonecio gerberifolius,Asteraceae,Asteroideae,NA
Senecio cinerarioides,Asteraceae,Asteroideae,NA
Senecio mairetianus,Asteraceae,Asteroideae,NA
Pectis prostrata,Asteraceae,Asteroideae,NA
Dyssodia tagetiflora,Asteraceae,Asteroideae,NA
Vernonia villaregalis,Asteraceae,Vernonioideae,NA
Porophyllum pringlei,Asteraceae,Asteroideae,NA
Vernonia villaregalis,Asteraceae,Vernonioideae,NA
Dyssodia tagetiflora,Asteraceae,Asteroideae,NA
Pectis prostrata,Asteraceae,Asteroideae,NA
Dyssodia tagetiflora,Asteraceae,Asteroideae,NA
Psacalium peltatum peltatum,Asteraceae,Asteroideae,peltatum
Robinsonecio gerberifolius,Asteraceae,Asteroideae,NA
Senecio procumbens,Asteraceae,Asteroideae,NA
Senecio procumbens,Asteraceae,Asteroideae,NA
Senecio procumbens,Asteraceae,Asteroideae,NA
Senecio roseus,Asteraceae,Asteroideae,NA
Senecio procumbens,Asteraceae,Asteroideae,NA
Robinsonecio gerberifolius,Asteraceae,Asteroideae,NA
Packera bellidifolia,Asteraceae,Asteroideae,NA
Robinsonecio gerberifolius,Asteraceae,Asteroideae,NA
Senecio roseus,Asteraceae,Asteroideae,NA
Senecio cinerarioides,Asteraceae,Asteroideae,NA
Senecio mairetianus,Asteraceae,Asteroideae,NA
Senecio procumbens,Asteraceae,Asteroideae,NA
Senecio roseus,Asteraceae,Asteroideae,NA
Senecio mairetianus,Asteraceae,Asteroideae,NA
Senecio mairetianus,Asteraceae,Asteroideae,NA
Senecio mairetianus,Asteraceae,Asteroideae,NA
Senecio roseus,Asteraceae,Asteroideae,NA
Senecio mairetianus,Asteraceae,Asteroideae,NA
Senecio roseus,Asteraceae,Asteroideae,NA
Senecio cinerarioides,Asteraceae,Asteroideae,NA
Senecio roseus,Asteraceae,Asteroideae,NA
Senecio mairetianus,Asteraceae,Asteroideae,NA
Roldana barba-johannis,Asteraceae,Asteroideae,NA
Senecio mairetianus,Asteraceae,Asteroideae,NA
Senecio roseus,Asteraceae,Asteroideae,NA
Senecio cinerarioides,Asteraceae,Asteroideae,NA
Psacalium decompositum,Asteraceae,Asteroideae,NA
Senecio deformis,Asteraceae,Asteroideae,NA
Senecio deformis,Asteraceae,Asteroideae,NA
Packera sanguisorbae,Asteraceae,Asteroideae,NA
Psacalium peltatum peltatum,Asteraceae,Asteroideae,peltatum
Packera sanguisorbae,Asteraceae,Asteroideae,NA
Psacalium poculiferum,Asteraceae,Asteroideae,NA
Senecio picridis,Asteraceae,Asteroideae,NA
Telanthophora grandifolia grandifolia,Asteraceae,Asteroideae,grandifolia
Digitacalia jatrophoides jatrophoides,Asteraceae,Asteroideae,jatrophoides
Senecio picridis,Asteraceae,Asteroideae,NA
Tagetes erecta,Asteraceae,Asteroideae,NA
Tagetes lucida,Asteraceae,Asteroideae,NA
Senecio lemmonii,Asteraceae,Asteroideae,NA
Packera tampicana,Asteraceae,Asteroideae,NA
Barkleyanthus salicifolius,Asteraceae,Asteroideae,NA
Psacalium sinuatum,Asteraceae,Asteroideae,NA
Psacalium cronquistiorum,Asteraceae,Asteroideae,NA
Roldana sessilifolia,Asteraceae,Asteroideae,NA
Pittocaulon praecox,Asteraceae,Asteroideae,NA
Roldana oaxacana,Asteraceae,Asteroideae,NA
Senecio picridis,Asteraceae,Asteroideae,NA
Barkleyanthus salicifolius,Asteraceae,Asteroideae,NA
Senecio picridis,Asteraceae,Asteroideae,NA
Senecio toluccanus,Asteraceae,Asteroideae,NA
Vernonia alamanii,Asteraceae,Vernonioideae,NA
Porophyllum lindenii,Asteraceae,Asteroideae,NA
Roldana barba-johannis,Asteraceae,Asteroideae,NA
Senecio cinerarioides,Asteraceae,Asteroideae,NA
Senecio mulgediifolius,Asteraceae,Asteroideae,NA
Packera sanguisorbae,Asteraceae,Asteroideae,NA
Packera sanguisorbae,Asteraceae,Asteroideae,NA
Dyssodia papposa,Asteraceae,Asteroideae,NA
Psacalium sinuatum,Asteraceae,Asteroideae,NA
Senecio cinerarioides,Asteraceae,Asteroideae,NA
Porophyllum linaria,Asteraceae,Asteroideae,NA
Packera sanguisorbae,Asteraceae,Asteroideae,NA
Telanthophora uspantanensis,Asteraceae,Asteroideae,NA
Senecio umbraculifera,Asteraceae,Asteroideae,NA
Psacalium goldsmithii,Asteraceae,Asteroideae,NA
Perityle socorrosensis,Asteraceae,Asteroideae,NA
Roldana barba-johannis,Asteraceae,Asteroideae,NA
Pseudogynoxys haenkei,Asteraceae,Asteroideae,NA
Roldana cristobalensis,Asteraceae,Asteroideae,NA
Telanthophora grandifolia grandifolia,Asteraceae,Asteroideae,grandifolia
Tagetes nelsonii,Asteraceae,Asteroideae,NA
Porophyllum viridiflorum,Asteraceae,Asteroideae,NA
Psacalium radulifolium,Asteraceae,Asteroideae,NA
Telanthophora grandifolia grandifolia,Asteraceae,Asteroideae,grandifolia
Telanthophora grandifolia grandifolia,Asteraceae,Asteroideae,grandifolia
Vernonanthura liatroides,Asteraceae,Vernonioideae,NA
Vernonanthura liatroides,Asteraceae,Vernonioideae,NA
Roldana lineolata,Asteraceae,Asteroideae,NA
Pittocaulon praecox,Asteraceae,Asteroideae,NA
Porophyllum viridiflorum,Asteraceae,Asteroideae,NA
Pseudogynoxys chenopodioides chenopodioides,Asteraceae,Asteroideae,chenopodioides
Vernonia bealliae,Asteraceae,Vernonioideae,NA
Roldana suffulta,Asteraceae,Asteroideae,NA
Roldana lobata,Asteraceae,Asteroideae,NA
Roldana lobata,Asteraceae,Asteroideae,NA
Leiboldia serrata,Asteraceae,Vernonioideae,NA
Lepidaploa tortuosa,Asteraceae,Vernonioideae,NA
Erechtites hieracifolia cacalioides,Asteraceae,NA,cacalioides
Viguiera hemsleyana,Asteraceae,Asteroideae,NA
Senecio toluccanus,Asteraceae,Asteroideae,NA
Senecio mulgediifolius,Asteraceae,Asteroideae,NA
Roldana aschenborniana,Asteraceae,Asteroideae,NA
Senecio prionopterus,Asteraceae,Asteroideae,NA
Senecio bracteatus,Asteraceae,Asteroideae,NA
Psacalium amplifolium,Asteraceae,Asteroideae,NA
Roldana cristobalensis,Asteraceae,Asteroideae,NA
Tagetes tenuifolia,Asteraceae,Asteroideae,NA
Roldana albonervia,Asteraceae,Asteroideae,NA
Senecio argutus,Asteraceae,Asteroideae,NA
Senecio stoechadiformis,Asteraceae,Asteroideae,NA
Roldana sessilifolia,Asteraceae,Asteroideae,NA
Dyssodia papposa,Asteraceae,Asteroideae,NA
Senecio stoechadiformis,Asteraceae,Asteroideae,NA
Telanthophora grandifolia grandifolia,Asteraceae,Asteroideae,grandifolia
Roldana sartorii,Asteraceae,Asteroideae,NA
Vernonanthura liatroides,Asteraceae,Vernonioideae,NA
Roldana platanifolia,Asteraceae,Asteroideae,NA
Packera sanguisorbae,Asteraceae,Asteroideae,NA
Roldana barba-johannis,Asteraceae,Asteroideae,NA
Roldana barba-johannis,Asteraceae,Asteroideae,NA
Roldana albonervia,Asteraceae,Asteroideae,NA
Roldana suffulta,Asteraceae,Asteroideae,NA
Roldana angulifolia,Asteraceae,Asteroideae,NA
Psacalium peltatum peltatum,Asteraceae,Asteroideae,peltatum
Senecio callosus,Asteraceae,Asteroideae,NA
Senecio callosus,Asteraceae,Asteroideae,NA
Senecio callosus,Asteraceae,Asteroideae,NA
Robinsonecio gerberifolius,Asteraceae,Asteroideae,NA
Senecio argutus,Asteraceae,Asteroideae,NA
Barkleyanthus salicifolius,Asteraceae,Asteroideae,NA
Senecio cinerarioides,Asteraceae,Asteroideae,NA
Senecio cinerarioides,Asteraceae,Asteroideae,NA
Roldana aschenborniana,Asteraceae,Asteroideae,NA
Senecio deformis,Asteraceae,Asteroideae,NA
Roldana platanifolia,Asteraceae,Asteroideae,NA
Senecio deformis,Asteraceae,Asteroideae,NA
Psacalium tussilaginoides,Asteraceae,Asteroideae,NA
Roldana albonervia,Asteraceae,Asteroideae,NA
Senecio cinerarioides,Asteraceae,Asteroideae,NA
Psacalium nephrophyllum,Asteraceae,Asteroideae,NA
Roldana michoacana,Asteraceae,Asteroideae,NA
Roldana mexicana,Asteraceae,Asteroideae,NA
Roldana lineolata,Asteraceae,Asteroideae,NA
Senecio stoechadiformis,Asteraceae,Asteroideae,NA
Roldana suffulta,Asteraceae,Asteroideae,NA
Roldana lobata,Asteraceae,Asteroideae,NA
Roldana suffulta,Asteraceae,Asteroideae,NA
Senecio callosus,Asteraceae,Asteroideae,NA
Roldana lobata,Asteraceae,Asteroideae,NA
Critoniopsis obtusa,Asteraceae,Vernonioideae,NA
Pittocaulon praecox,Asteraceae,Asteroideae,NA
Senecio mulgediifolius,Asteraceae,Asteroideae,NA
Packera bellidifolia,Asteraceae,Asteroideae,NA
Senecio callosus,Asteraceae,Asteroideae,NA
Senecio toluccanus,Asteraceae,Asteroideae,NA
Psacalium globosum,Asteraceae,Asteroideae,NA
Psacalium cronquistiorum,Asteraceae,Asteroideae,NA
Nopalea,Cactaceae,Opuntioideae,NA
Cuscuta gracillina gracillina,Cuscutaceae,NA,gracillina
Prosopis juliflora,Fabaceae,Caesalpinioideae,NA
Anthurium verapazense,Araceae,Pothoideae,NA
Trimezia steyermarkii,Iridaceae,Iridoideae,NA
Sesamum indicum,Pedaliaceae,NA,NA
Ipomoea pes-caprae,Convolvulaceae,NA,NA
Physalis (Rydbergis) pubescens,Solanaceae,Solanoideae,NA
Schistophragma pusillum,Plantaginaceae,NA,NA
Senna skinneri,Fabaceae,Caesalpinioideae,NA
Prosopis juliflora,Fabaceae,Caesalpinioideae,NA
Stegnosperma scandens,Stegnospermataceae,NA,NA
Stemmadenia obovata mollis,Apocynaceae,NA,mollis
Roldana lineolata,Asteraceae,Asteroideae,NA
Pseudogynoxys chenopodioides chenopodioides,Asteraceae,Asteroideae,chenopodioides
Psacalium megaphyllum,Asteraceae,Asteroideae,NA
Acourtia wrightii,Asteraceae,Mutisioideae,NA
Melampodium microcephalum,Asteraceae,Asteroideae,NA
Telanthophora cobanensis cobanensis,Asteraceae,Asteroideae,cobanensis
Telanthophora grandifolia grandifolia,Asteraceae,Asteroideae,grandifolia
Lepidaploa tortuosa,Asteraceae,Vernonioideae,NA
Lepidaploa tortuosa,Asteraceae,Vernonioideae,NA
Lepidaploa tortuosa,Asteraceae,Vernonioideae,NA
Packera sanguisorbae,Asteraceae,Asteroideae,NA
Psacalium silphiifolium,Asteraceae,Asteroideae,NA
Senecio mulgediifolius,Asteraceae,Asteroideae,NA
Senecio iodanthus,Asteraceae,Asteroideae,NA
Packera bellidifolia,Asteraceae,Asteroideae,NA
Pectis saturejoides,Asteraceae,Asteroideae,NA
Roldana angulifolia,Asteraceae,Asteroideae,NA
Psacalium peltatum peltatum,Asteraceae,Asteroideae,peltatum
Senecio callosus,Asteraceae,Asteroideae,NA
Roldana lobata,Asteraceae,Asteroideae,NA
Senecio actinella,Asteraceae,Asteroideae,NA
Senecio stoechadiformis,Asteraceae,Asteroideae,NA
Psacalium peltatum peltatum,Asteraceae,Asteroideae,peltatum
Lepidaploa tortuosa,Asteraceae,Vernonioideae,NA
Wedelia acapulcensis ramosissima,Asteraceae,Asteroideae,ramosissima
Senecio flaccidus flaccidus,Asteraceae,Asteroideae,flaccidus
Psacalium sinuatum,Asteraceae,Asteroideae,NA
Telanthophora cobanensis cobanensis,Asteraceae,Asteroideae,cobanensis
Psacalium peltatum peltatum,Asteraceae,Asteroideae,peltatum
Roldana mexicana,Asteraceae,Asteroideae,NA
Senecio bartlettii,Asteraceae,Asteroideae,NA
Senecio bartlettii,Asteraceae,Asteroideae,NA
Hymenoxys linearifolia,Asteraceae,Asteroideae,NA
Barkleyanthus salicifolius,Asteraceae,Asteroideae,NA
Roldana hartwegii,Asteraceae,Asteroideae,NA
Senecio sinuatus,Asteraceae,Asteroideae,NA
Psacalium pringlei,Asteraceae,Asteroideae,NA
Roldana breedlovei,Asteraceae,Asteroideae,NA
Vernonanthura oaxacana,Asteraceae,Vernonioideae,NA
Roldana platanifolia,Asteraceae,Asteroideae,NA
Senecio cinerarioides,Asteraceae,Asteroideae,NA
Senecio cinerarioides,Asteraceae,Asteroideae,NA
Tagetes filifolia,Asteraceae,Asteroideae,NA
Telanthophora jaliscana,Asteraceae,Asteroideae,NA
Psacalium silphiifolium,Asteraceae,Asteroideae,NA
Packera bellidifolia,Asteraceae,Asteroideae,NA
Psacalium silphiifolium,Asteraceae,Asteroideae,NA
Packera bellidifolia,Asteraceae,Asteroideae,NA
Roldana barba-johannis,Asteraceae,Asteroideae,NA
Roldana angulifolia,Asteraceae,Asteroideae,NA
Roldana chiapensis,Asteraceae,Asteroideae,NA
Critoniopsis uniflora,Asteraceae,Vernonioideae,NA
Vernonia serratuloides,Asteraceae,Vernonioideae,NA
Roldana lineolata,Asteraceae,Asteroideae,NA
Packera sanguisorbae,Asteraceae,Asteroideae,NA
Packera montereyana,Asteraceae,Asteroideae,NA
Vernonia greggii,Asteraceae,Vernonioideae,NA
Pseudelephantopus spicatus,Asteraceae,Vernonioideae,NA
Roldana heracleifolia,Asteraceae,Asteroideae,NA
Barkleyanthus salicifolius,Asteraceae,Asteroideae,NA
Senecio palmeri,Asteraceae,Asteroideae,NA
Dyssodia papposa,Asteraceae,Asteroideae,NA
Dyssodia papposa,Asteraceae,Asteroideae,NA
Tetrachyron websteri,Asteraceae,Asteroideae,NA
Vernonanthura patens,Asteraceae,Vernonioideae,NA
Psacalium amplifolium,Asteraceae,Asteroideae,NA
Senecio picridis,Asteraceae,Asteroideae,NA
Critoniopsis tarchonanthifolia,Asteraceae,Vernonioideae,NA
Critoniopsis triflosculosa,Asteraceae,Vernonioideae,NA
Critoniopsis triflosculosa,Asteraceae,Vernonioideae,NA
Pseudelephantopus spicatus,Asteraceae,Vernonioideae,NA
Critoniopsis triflosculosa,Asteraceae,Vernonioideae,NA
Senecio mairetianus,Asteraceae,Asteroideae,NA
Robinsonecio gerberifolius,Asteraceae,Asteroideae,NA
Senecio roseus,Asteraceae,Asteroideae,NA
Senecio roseus,Asteraceae,Asteroideae,NA
Senecio multidentatus multidentatus,Asteraceae,Asteroideae,multidentatus
Senecio mairetianus,Asteraceae,Asteroideae,NA
Senecio iodanthus,Asteraceae,Asteroideae,NA
Senecio cinerarioides,Asteraceae,Asteroideae,NA
Senecio iodanthus,Asteraceae,Asteroideae,NA
Senecio iodanthus,Asteraceae,Asteroideae,NA
Packera bellidifolia,Asteraceae,Asteroideae,NA
Roldana lineolata,Asteraceae,Asteroideae,NA
Packera bellidifolia,Asteraceae,Asteroideae,NA
Senecio callosus,Asteraceae,Asteroideae,NA
Senecio callosus,Asteraceae,Asteroideae,NA
Senecio prionopterus,Asteraceae,Asteroideae,NA
Psacalium amplifolium,Asteraceae,Asteroideae,NA
Roldana sartorii,Asteraceae,Asteroideae,NA
Senecio cinerarioides,Asteraceae,Asteroideae,NA
Roldana barba-johannis,Asteraceae,Asteroideae,NA
Roldana michoacana,Asteraceae,Asteroideae,NA
Senecio stoechadiformis,Asteraceae,Asteroideae,NA
Psacalium palmeri,Asteraceae,Asteroideae,NA
Viguiera stenoloba,Asteraceae,Asteroideae,NA
Flaveria anomala,Asteraceae,Asteroideae,NA
Thymophylla aurea,Asteraceae,Asteroideae,NA
Senecio callosus,Asteraceae,Asteroideae,NA
Flaveria anomala,Asteraceae,Asteroideae,NA
Melanthera nivea,Asteraceae,Asteroideae,NA
Senecio bracteatus,Asteraceae,Asteroideae,NA
Melampodium sericeum,Asteraceae,Asteroideae,NA
Lepidonia jonesii,Asteraceae,Vernonioideae,NA
Telanthophora grandifolia grandifolia,Asteraceae,Asteroideae,grandifolia
Psacalium purpusii,Asteraceae,Asteroideae,NA
Senecio bracteatus,Asteraceae,Asteroideae,NA
Roldana mexicana,Asteraceae,Asteroideae,NA
Psacalium amplifolium,Asteraceae,Asteroideae,NA
Florestina tripteris,Asteraceae,Asteroideae,NA
Psacalium peltatum peltatum,Asteraceae,Asteroideae,peltatum
Gaillardia comosa,Asteraceae,Asteroideae,NA
Packera coahuilensis,Asteraceae,Asteroideae,NA
Packera coahuilensis,Asteraceae,Asteroideae,NA
Roldana aschenborniana,Asteraceae,Asteroideae,NA
Psacalium radulifolium,Asteraceae,Asteroideae,NA
Psacalium radulifolium,Asteraceae,Asteroideae,NA
Sclerocarpus uniserialis,Asteraceae,Asteroideae,NA
Viguiera dentata,Asteraceae,Asteroideae,NA
Melampodium montanum viridulum,Asteraceae,Asteroideae,viridulum
Senecio stoechadiformis,Asteraceae,Asteroideae,NA
Packera sanguisorbae,Asteraceae,Asteroideae,NA
Packera sanguisorbae,Asteraceae,Asteroideae,NA
Senecio mulgediifolius,Asteraceae,Asteroideae,NA
Critoniopsis triflosculosa,Asteraceae,Vernonioideae,NA
Roldana lineolata,Asteraceae,Asteroideae,NA
Roldana lineolata,Asteraceae,Asteroideae,NA
Telanthophora uspantanensis,Asteraceae,Asteroideae,NA
Hamelia patens,Rubiaceae,Cinchonoideae,NA
Senecio toluccanus,Asteraceae,Asteroideae,NA
Barkleyanthus salicifolius,Asteraceae,Asteroideae,NA
Adenophyllum aurantium,Asteraceae,Asteroideae,NA
Barkleyanthus salicifolius,Asteraceae,Asteroideae,NA
Psacaliopsis purpusii,Asteraceae,Asteroideae,NA
Roldana hartwegii,Asteraceae,Asteroideae,NA
Roldana angulifolia,Asteraceae,Asteroideae,NA
Wedelia acapulcensis ramosissima,Asteraceae,Asteroideae,ramosissima
Calea urticifolia yucatanensis,Asteraceae,Asteroideae,yucatanensis
Pseudogynoxys chenopodioides chenopodioides,Asteraceae,Asteroideae,chenopodioides
Roldana heracleifolia,Asteraceae,Asteroideae,NA
Tagetes lucida,Asteraceae,Asteroideae,NA
Nicolletia edwardsii,Asteraceae,Asteroideae,NA
Psacalium peltatum peltatum,Asteraceae,Asteroideae,peltatum
Psacalium holwayanum,Asteraceae,Asteroideae,NA
Psacalium holwayanum,Asteraceae,Asteroideae,NA
Psacalium sinuatum,Asteraceae,Asteroideae,NA
Roldana angulifolia,Asteraceae,Asteroideae,NA
Packera sanguisorbae,Asteraceae,Asteroideae,NA
Senecio procumbens,Asteraceae,Asteroideae,NA
Senecio procumbens,Asteraceae,Asteroideae,NA
Senecio procumbens,Asteraceae,Asteroideae,NA
Roldana lineolata,Asteraceae,Asteroideae,NA
Psacalium matudae,Asteraceae,Asteroideae,NA
Senecio helodes,Asteraceae,Asteroideae,NA
Senecio procumbens,Asteraceae,Asteroideae,NA
Packera bellidifolia,Asteraceae,Asteroideae,NA
Dyssodia tagetiflora,Asteraceae,Asteroideae,NA
Vernonia serratuloides,Asteraceae,Vernonioideae,NA
Vernonanthura serratuloides,Asteraceae,Vernonioideae,NA
Senecio cinerarioides,Asteraceae,Asteroideae,NA
Barkleyanthus salicifolius,Asteraceae,Asteroideae,NA
Senecio cinerarioides,Asteraceae,Asteroideae,NA
Packera bellidifolia,Asteraceae,Asteroideae,NA
Roldana heracleifolia,Asteraceae,Asteroideae,NA
Senecio conzattii,Asteraceae,Asteroideae,NA
Telanthophora andrieuxii,Asteraceae,Asteroideae,NA
Roldana lanicaulis,Asteraceae,Asteroideae,NA
Erechtites hieracifolia cacalioides,Asteraceae,NA,cacalioides
Erechtites valerianifolius,Asteraceae,Asteroideae,NA
Erechtites hieracifolia cacalioides,Asteraceae,NA,cacalioides
Roldana cristobalensis,Asteraceae,Asteroideae,NA
Psacalium tabulare,Asteraceae,Asteroideae,NA
Psacalium tabulare,Asteraceae,Asteroideae,NA
Bolanosa coulteri,Asteraceae,Vernonioideae,NA
Bolanosa coulteri,Asteraceae,Vernonioideae,NA
Vernonia uniflora,Asteraceae,Vernonioideae,NA
Erechtites hieracifolia cacalioides,Asteraceae,NA,cacalioides
Youngia japonica,Asteraceae,Cichorioideae,NA
Packera sanguisorbae,Asteraceae,Asteroideae,NA
Pseudelephantopus spicatus,Asteraceae,Vernonioideae,NA
Roldana suffulta,Asteraceae,Asteroideae,NA
Roldana sessilifolia,Asteraceae,Asteroideae,NA
Senecio callosus,Asteraceae,Asteroideae,NA
Senecio vulgaris,Asteraceae,Asteroideae,NA
Senecio callosus,Asteraceae,Asteroideae,NA
Senecio roseus,Asteraceae,Asteroideae,NA
Stramentopappus pooleae,Asteraceae,Vernonioideae,NA
Vernonia greggii,Asteraceae,Vernonioideae,NA
Barkleyanthus salicifolius,Asteraceae,Asteroideae,NA
Roldana angulifolia,Asteraceae,Asteroideae,NA
Roldana barba-johannis,Asteraceae,Asteroideae,NA
Roldana barba-johannis,Asteraceae,Asteroideae,NA
Roldana albonervia,Asteraceae,Asteroideae,NA
Roldana reticulata,Asteraceae,Asteroideae,NA
Packera bellidifolia,Asteraceae,Asteroideae,NA
Roldana barba-johannis,Asteraceae,Asteroideae,NA
Senecio multidentatus multidentatus,Asteraceae,Asteroideae,multidentatus
Senecio callosus,Asteraceae,Asteroideae,NA
Psacalium platylepis,Asteraceae,Asteroideae,NA
Senecio callosus,Asteraceae,Asteroideae,NA
Senecio callosus,Asteraceae,Asteroideae,NA
Senecio aphanactis,Asteraceae,Asteroideae,NA
Senecio callosus,Asteraceae,Asteroideae,NA
Senecio roseus,Asteraceae,Asteroideae,NA
Packera bellidifolia,Asteraceae,Asteroideae,NA
Senecio mulgediifolius,Asteraceae,Asteroideae,NA
Senecio callosus,Asteraceae,Asteroideae,NA
Senecio mairetianus,Asteraceae,Asteroideae,NA
Senecio roseus,Asteraceae,Asteroideae,NA
Robinsonecio gerberifolius,Asteraceae,Asteroideae,NA
Senecio mairetianus,Asteraceae,Asteroideae,NA
Senecio mairetianus,Asteraceae,Asteroideae,NA
Senecio callosus,Asteraceae,Asteroideae,NA
Senecio callosus,Asteraceae,Asteroideae,NA
Senecio mulgediifolius,Asteraceae,Asteroideae,NA
Packera bellidifolia,Asteraceae,Asteroideae,NA
Senecio callosus,Asteraceae,Asteroideae,NA
Lepidaploa tortuosa,Asteraceae,Vernonioideae,NA
Lepidaploa tortuosa,Asteraceae,Vernonioideae,NA
Lepidaploa tortuosa,Asteraceae,Vernonioideae,NA
Roldana heracleifolia,Asteraceae,Asteroideae,NA
Pittocaulon praecox,Asteraceae,Asteroideae,NA
Packera sanguisorbae,Asteraceae,Asteroideae,NA
Roldana lineolata,Asteraceae,Asteroideae,NA
Psidium guineense,Myrtaceae,Myrtoideae,NA
Leucaena diversifolia stenocarpa,Fabaceae,Caesalpinioideae,stenocarpa
Roldana angulifolia,Asteraceae,Asteroideae,NA
Roldana barba-johannis,Asteraceae,Asteroideae,NA
Roldana lineolata,Asteraceae,Asteroideae,NA
Roldana barba-johannis,Asteraceae,Asteroideae,NA
Roldana angulifolia,Asteraceae,Asteroideae,NA
Senecio callosus,Asteraceae,Asteroideae,NA
Senecio callosus,Asteraceae,Asteroideae,NA
Senecio toluccanus,Asteraceae,Asteroideae,NA
Roldana platanifolia,Asteraceae,Asteroideae,NA
Roldana platanifolia,Asteraceae,Asteroideae,NA
Senecio venturae,Asteraceae,Asteroideae,NA
Pentacalia venturae,Asteraceae,Asteroideae,NA
Roldana barba-johannis,Asteraceae,Asteroideae,NA
Senecio runcinatus,Asteraceae,Asteroideae,NA
Telanthophora uspantanensis,Asteraceae,Asteroideae,NA
Tagetes parryi,Asteraceae,Asteroideae,NA
Senecio aphanactis,Asteraceae,Asteroideae,NA
Roldana sessilifolia,Asteraceae,Asteroideae,NA
Packera sanguisorbae,Asteraceae,Asteroideae,NA
Senecio vulgaris,Asteraceae,Asteroideae,NA
Leiboldia serrata,Asteraceae,Vernonioideae,NA
Roldana sessilifolia,Asteraceae,Asteroideae,NA
Barkleyanthus salicifolius,Asteraceae,Asteroideae,NA
Erechtites valerianifolius,Asteraceae,Asteroideae,NA
Emilia sonchifolia,Asteraceae,Asteroideae,NA
Erechtites hieracifolia cacalioides,Asteraceae,NA,cacalioides
Tagetes jaliscensis,Asteraceae,Asteroideae,NA
Senecio cinerarioides,Asteraceae,Asteroideae,NA
Senecio conzattii,Asteraceae,Asteroideae,NA
Senecio conzattii,Asteraceae,Asteroideae,NA
Dyssodia tagetiflora,Asteraceae,Asteroideae,NA
Adenophyllum porophyllum porophyllum,Asteraceae,Asteroideae,porophyllum
Maxillaria meleagris,Orchidaceae,Epidendroideae,NA
Calatola laevigata,Metteniusaceae,NA,NA
Fischeria scandens,Apocynaceae,Asclepiadoideae,NA
Goodyera,Orchidaceae,Orchidoideae,NA
Magnolia schiedeana,Magnoliaceae,NA,NA
Clusia guatemalensis,Clusiaceae,Clusioideae,NA
Habracanthus silvaticus,Acanthaceae,NA,NA
Magnolia schiedeana,Magnoliaceae,NA,NA
Magnolia schiedeana,Magnoliaceae,NA,NA
Eutetras pringlei,Asteraceae,Asteroideae,NA
Mimosa bahamensis,Fabaceae,Caesalpinioideae,NA
Barkleyanthus salicifolius,Asteraceae,Asteroideae,NA
Roldana chapalensis,Asteraceae,Asteroideae,NA
Senecio stoechadiformis,Asteraceae,Asteroideae,NA
Roldana barba-johannis,Asteraceae,Asteroideae,NA
Gaillardia mexicana,Asteraceae,Asteroideae,NA
Packera coahuilensis,Asteraceae,Asteroideae,NA
Milleria quinqueflora,Asteraceae,Asteroideae,NA
Barkleyanthus salicifolius,Asteraceae,Asteroideae,NA
Senecio iodanthus,Asteraceae,Asteroideae,NA
Psacalium megaphyllum,Asteraceae,Asteroideae,NA
Roldana chapalensis,Asteraceae,Asteroideae,NA
Roldana barba-johannis,Asteraceae,Asteroideae,NA
Telanthophora andrieuxii,Asteraceae,Asteroideae,NA
Bahia pringlei,Asteraceae,Asteroideae,NA
Roldana albonervia,Asteraceae,Asteroideae,NA
Packera bellidifolia,Asteraceae,Asteroideae,NA
Packera sanguisorbae,Asteraceae,Asteroideae,NA
Senecio stoechadiformis,Asteraceae,Asteroideae,NA
Packera sanguisorbae,Asteraceae,Asteroideae,NA
Tagetes foetidissima,Asteraceae,Asteroideae,NA
Acourtia fruticosa,Asteraceae,Mutisioideae,NA
Tagetes subulata,Asteraceae,Asteroideae,NA
Porophyllum coloratum obtusifolium,Asteraceae,Asteroideae,obtusifolium
Acourtia fruticosa,Asteraceae,Mutisioideae,NA
Critoniopsis foliosa,Asteraceae,Vernonioideae,NA
Roldana oaxacana,Asteraceae,Asteroideae,NA
Roldana lineolata,Asteraceae,Asteroideae,NA
Tagetes lucida,Asteraceae,Asteroideae,NA
Cyrtocymura scorpioides,Asteraceae,Vernonioideae,NA
Psacalium silphiifolium,Asteraceae,Asteroideae,NA
Lepidaploa tortuosa,Asteraceae,Vernonioideae,NA
Melampodium microcephalum,Asteraceae,Asteroideae,NA
Senecio deppeanus,Asteraceae,Asteroideae,NA
Lepidaploa tortuosa,Asteraceae,Vernonioideae,NA
Telanthophora grandifolia grandifolia,Asteraceae,Asteroideae,grandifolia
Pseudelephantopus spicatus,Asteraceae,Vernonioideae,NA
Pittocaulon velatum velatum,Asteraceae,Asteroideae,velatum
Robinsonecio gerberifolius,Asteraceae,Asteroideae,NA
Senecio procumbens,Asteraceae,Asteroideae,NA
Roldana barba-johannis,Asteraceae,Asteroideae,NA
Senecio godmanii,Asteraceae,Asteroideae,NA
Roldana breedlovei,Asteraceae,Asteroideae,NA
Roldana jurgensenii,Asteraceae,Asteroideae,NA
Senecio godmanii,Asteraceae,Asteroideae,NA
Melampodium perfoliatum,Asteraceae,Asteroideae,NA
Roldana angulifolia,Asteraceae,Asteroideae,NA
Packera zimapanica,Asteraceae,Asteroideae,NA
Senecio carnerensis,Asteraceae,Asteroideae,NA
Senecio carnerensis,Asteraceae,Asteroideae,NA
Senecio madrensis,Asteraceae,Asteroideae,NA
Senecio loratifolius,Asteraceae,Asteroideae,NA
Senecio loratifolius,Asteraceae,Asteroideae,NA
Packera zimapanica,Asteraceae,Asteroideae,NA
Senecio carnerensis,Asteraceae,Asteroideae,NA
Senecio carnerensis,Asteraceae,Asteroideae,NA
Senecio loratifolius,Asteraceae,Asteroideae,NA
Critoniopsis uniflora,Asteraceae,Vernonioideae,NA
Critoniopsis uniflora,Asteraceae,Vernonioideae,NA
Lepidaploa tortuosa,Asteraceae,Vernonioideae,NA
Rosilla lutea,Asteraceae,Asteroideae,NA
Roldana schaffneri,Asteraceae,Asteroideae,NA
Roldana heracleifolia,Asteraceae,Asteroideae,NA
Vernonanthura patens,Asteraceae,Vernonioideae,NA
Psathyrotes scaposa,Asteraceae,Asteroideae,NA
Artemisia pringlei,Asteraceae,Asteroideae,NA
Trixis californica californica,Asteraceae,Mutisioideae,californica
Gymnosperma glutinosum,Asteraceae,Asteroideae,NA
Acmella oppositifolia oppositifolia,Asteraceae,Asteroideae,oppositifolia
Lepidaploa tortuosa,Asteraceae,Vernonioideae,NA
Verbesina reyesii,Asteraceae,Asteroideae,NA
Pippenalia delphiniifolia,Asteraceae,Asteroideae,NA
Packera tampicana,Asteraceae,Asteroideae,NA
Bolanosa coulteri,Asteraceae,Vernonioideae,NA
Barkleyanthus salicifolius,Asteraceae,Asteroideae,NA
Roldana barba-johannis,Asteraceae,Asteroideae,NA
Randia laevigata,Rubiaceae,Ixoroideae,NA
Schistophragma pusillum,Plantaginaceae,NA,NA
Physalis (Rydbergis) nicandroides,Solanaceae,Solanoideae,NA
Enterolobium cyclocarpum,Fabaceae,Caesalpinioideae,NA
Angelonia angustifolia,Plantaginaceae,NA,NA
Roldana barba-johannis,Asteraceae,Asteroideae,NA
Psacalium palmeri,Asteraceae,Asteroideae,NA
Psacalium megaphyllum,Asteraceae,Asteroideae,NA
Vernonia bealliae,Asteraceae,Vernonioideae,NA
Psacalium pringlei,Asteraceae,Asteroideae,NA
Roldana heracleifolia,Asteraceae,Asteroideae,NA
Psacalium peltigerum peltigerum,Asteraceae,Asteroideae,peltigerum
Psacalium peltigerum peltigerum,Asteraceae,Asteroideae,peltigerum
Vernonanthura serratuloides,Asteraceae,Vernonioideae,NA
Tagetes lucida,Asteraceae,Asteroideae,NA
Roldana sessilifolia,Asteraceae,Asteroideae,NA
Tagetes lucida,Asteraceae,Asteroideae,NA
Senecio multidentatus multidentatus,Asteraceae,Asteroideae,multidentatus
Senecio umbraculifera,Asteraceae,Asteroideae,NA
Senecio mohinorensis,Asteraceae,Asteroideae,NA
Senecio umbraculifera,Asteraceae,Asteroideae,NA
Senecio wootonii,Asteraceae,Asteroideae,NA
Roldana pennellii pennellii,Asteraceae,Asteroideae,pennellii
Senecio mohinorensis,Asteraceae,Asteroideae,NA
Senecio multidentatus huachucanus,Asteraceae,Asteroideae,huachucanus
Senecio multidentatus huachucanus,Asteraceae,Asteroideae,huachucanus
Packera scalaris scalaris,Asteraceae,Asteroideae,scalaris
Senecio mohinorensis,Asteraceae,Asteroideae,NA
Senecio toluccanus,Asteraceae,Asteroideae,NA
Senecio mulgediifolius,Asteraceae,Asteroideae,NA
Senecio callosus,Asteraceae,Asteroideae,NA
Senecio procumbens,Asteraceae,Asteroideae,NA
Senecio orizabensis,Asteraceae,Asteroideae,NA
Senecio roseus,Asteraceae,Asteroideae,NA
Senecio callosus,Asteraceae,Asteroideae,NA
Senecio procumbens,Asteraceae,Asteroideae,NA
Senecio callosus,Asteraceae,Asteroideae,NA
Packera coahuilensis,Asteraceae,Asteroideae,NA
Pseudogynoxys haenkei,Asteraceae,Asteroideae,NA
Telanthophora grandifolia grandifolia,Asteraceae,Asteroideae,grandifolia
Senecio callosus,Asteraceae,Asteroideae,NA
Tagetes lucida,Asteraceae,Asteroideae,NA
Senecio runcinatus,Asteraceae,Asteroideae,NA
Roldana barba-johannis,Asteraceae,Asteroideae,NA
Senecio flaccidus flaccidus,Asteraceae,Asteroideae,flaccidus
Barkleyanthus salicifolius,Asteraceae,Asteroideae,NA
Psacalium peltatum peltatum,Asteraceae,Asteroideae,peltatum
Critoniopsis triflosculosa,Asteraceae,Vernonioideae,NA
Roldana heracleifolia,Asteraceae,Asteroideae,NA
Senecio callosus,Asteraceae,Asteroideae,NA
Senecio jacalensis,Asteraceae,Asteroideae,NA
Psacalium laxiflorum,Asteraceae,Asteroideae,NA
Pseudogynoxys haenkei,Asteraceae,Asteroideae,NA
Roldana aschenborniana,Asteraceae,Asteroideae,NA
Packera sanguisorbae,Asteraceae,Asteroideae,NA
Roldana sessilifolia,Asteraceae,Asteroideae,NA
Senecio stoechadiformis,Asteraceae,Asteroideae,NA
Senecio callosus,Asteraceae,Asteroideae,NA
Senecio callosus,Asteraceae,Asteroideae,NA
Senecio roseus,Asteraceae,Asteroideae,NA
Senecio procumbens,Asteraceae,Asteroideae,NA
Senecio mairetianus,Asteraceae,Asteroideae,NA
Senecio roseus,Asteraceae,Asteroideae,NA
Senecio roseus,Asteraceae,Asteroideae,NA
Senecio roseus,Asteraceae,Asteroideae,NA
Senecio mairetianus,Asteraceae,Asteroideae,NA
Senecio mairetianus,Asteraceae,Asteroideae,NA
Roldana angulifolia,Asteraceae,Asteroideae,NA
Packera bellidifolia,Asteraceae,Asteroideae,NA
Robinsonecio gerberifolius,Asteraceae,Asteroideae,NA
Packera bellidifolia,Asteraceae,Asteroideae,NA
Senecio callosus,Asteraceae,Asteroideae,NA
Senecio stoechadiformis,Asteraceae,Asteroideae,NA
Roldana heracleifolia,Asteraceae,Asteroideae,NA
Barkleyanthus salicifolius,Asteraceae,Asteroideae,NA
Pseudogynoxys chenopodioides chenopodioides,Asteraceae,Asteroideae,chenopodioides
Psacalium laxiflorum,Asteraceae,Asteroideae,NA
Barkleyanthus salicifolius,Asteraceae,Asteroideae,NA
Senecio doratophyllus,Asteraceae,Asteroideae,NA
Senecio doratophyllus,Asteraceae,Asteroideae,NA
Roldana sessilifolia,Asteraceae,Asteroideae,NA
Senecio prionopterus,Asteraceae,Asteroideae,NA
Barkleyanthus salicifolius,Asteraceae,Asteroideae,NA
Erechtites valerianifolius,Asteraceae,Asteroideae,NA
Erechtites valerianifolius,Asteraceae,Asteroideae,NA
Roldana cordovensis,Asteraceae,Asteroideae,NA
Roldana cordovensis,Asteraceae,Asteroideae,NA
Senecio cinerarioides,Asteraceae,Asteroideae,NA
Erechtites hieracifolia cacalioides,Asteraceae,NA,cacalioides
Roldana sartorii,Asteraceae,Asteroideae,NA
Acourtia fruticosa,Asteraceae,Mutisioideae,NA
Tagetes micrantha,Asteraceae,Asteroideae,NA
Roldana pennellii durangensis,Asteraceae,Asteroideae,durangensis
Packera sanguisorbae,Asteraceae,Asteroideae,NA
Critoniopsis obtusa,Asteraceae,Vernonioideae,NA
Thymophylla setifolia,Asteraceae,Asteroideae,NA
Thymophylla setifolia,Asteraceae,Asteroideae,NA
Critoniopsis salicifolia,Asteraceae,Vernonioideae,NA
Senecio vulgaris,Asteraceae,Asteroideae,NA
Senecio madrensis,Asteraceae,Asteroideae,NA
Packera coahuilensis,Asteraceae,Asteroideae,NA
Acourtia wrightii,Asteraceae,Mutisioideae,NA
Dyssodia pinnata glabrescens,Asteraceae,Asteroideae,glabrescens
Thymophylla pentachaeta hartwegii,Asteraceae,Asteroideae,hartwegii
Dyssodia tagetiflora,Asteraceae,Asteroideae,NA
Vernonia alamanii,Asteraceae,Vernonioideae,NA
Critoniopsis tomentosa,Asteraceae,Vernonioideae,NA
Psacalium pachyphyllum,Asteraceae,Asteroideae,NA
Melampodium divaricatum,Asteraceae,Asteroideae,NA
Sinclairia sericolepis,Asteraceae,Vernonioideae,NA
Critoniopsis tomentosa,Asteraceae,Vernonioideae,NA
Dyssodia tagetiflora,Asteraceae,Asteroideae,NA
Senecio callosus,Asteraceae,Asteroideae,NA
Senecio bracteatus,Asteraceae,Asteroideae,NA
Psacalium peltatum adenophorum,Asteraceae,Asteroideae,adenophorum
Vernonia greggii,Asteraceae,Vernonioideae,NA
Senecio multidentatus multidentatus,Asteraceae,Asteroideae,multidentatus
Erechtites valerianifolius,Asteraceae,Asteroideae,NA
Roldana barba-johannis,Asteraceae,Asteroideae,NA
Thymophylla setifolia,Asteraceae,Asteroideae,NA
Thymophylla pentachaeta pentachaeta,Asteraceae,Asteroideae,pentachaeta
Thymophylla acerosa,Asteraceae,Asteroideae,NA
Roldana aschenborniana,Asteraceae,Asteroideae,NA
Vernonia alamanii,Asteraceae,Vernonioideae,NA
Vernonia alamanii,Asteraceae,Vernonioideae,NA
Elephantopus mollis,Asteraceae,Vernonioideae,NA
Pseudogynoxys chenopodioides chenopodioides,Asteraceae,Asteroideae,chenopodioides
Roldana sartorii,Asteraceae,Asteroideae,NA
Roldana marquesii,Asteraceae,Asteroideae,NA
Packera sanguisorbae,Asteraceae,Asteroideae,NA
Roldana angulifolia,Asteraceae,Asteroideae,NA
Roldana barba-johannis,Asteraceae,Asteroideae,NA
Packera coahuilensis,Asteraceae,Asteroideae,NA
Vernonia greggii,Asteraceae,Vernonioideae,NA
Roldana cristobalensis,Asteraceae,Asteroideae,NA
Telanthophora uspantanensis,Asteraceae,Asteroideae,NA
Psacalium sinuatum,Asteraceae,Asteroideae,NA
Roldana hartwegii,Asteraceae,Asteroideae,NA
Porophyllum coloratum coloratum,Asteraceae,Asteroideae,coloratum
Psacalium quercifolium,Asteraceae,Asteroideae,NA
Nelsonianthus tapianus,Asteraceae,Asteroideae,NA
Packera coahuilensis,Asteraceae,Asteroideae,NA
Diospyros oaxacana,Ebenaceae,Ebenoideae,NA
Mimosa psilocarpa,Fabaceae,Caesalpinioideae,NA
Amphipterygium adstringens adstringens,Julianiaceae,NA,adstringens
Senecio callosus,Asteraceae,Asteroideae,NA
Senecio callosus,Asteraceae,Asteroideae,NA
Roldana barba-johannis,Asteraceae,Asteroideae,NA
Senecio toluccanus,Asteraceae,Asteroideae,NA
Flaveria pringlei,Asteraceae,Asteroideae,NA
Flaveria cronquistii,Asteraceae,Asteroideae,NA
Vernonanthura liatroides,Asteraceae,Vernonioideae,NA
Pittocaulon praecox,Asteraceae,Asteroideae,NA
Roldana heracleifolia,Asteraceae,Asteroideae,NA
Psacalium megaphyllum,Asteraceae,Asteroideae,NA
Psacalium sinuatum,Asteraceae,Asteroideae,NA
Psacalium sinuatum,Asteraceae,Asteroideae,NA
Roldana cordovensis,Asteraceae,Asteroideae,NA
Trigonospermum melampodioides,Asteraceae,Asteroideae,NA
Pittocaulon praecox,Asteraceae,Asteroideae,NA
Packera bellidifolia,Asteraceae,Asteroideae,NA
Tagetes lucida,Asteraceae,Asteroideae,NA
Psacalium amplifolium,Asteraceae,Asteroideae,NA
Roldana mexicana,Asteraceae,Asteroideae,NA
Barkleyanthus salicifolius,Asteraceae,Asteroideae,NA
Senecio stoechadiformis,Asteraceae,Asteroideae,NA
Roldana platanifolia,Asteraceae,Asteroideae,NA
Acourtia purpusii,Asteraceae,Mutisioideae,NA
Digitacalia jatrophoides jatrophoides,Asteraceae,Asteroideae,jatrophoides
Roldana heracleifolia,Asteraceae,Asteroideae,NA
Roldana sessilifolia,Asteraceae,Asteroideae,NA
Tagetes subulata,Asteraceae,Asteroideae,NA
Psacalium megaphyllum,Asteraceae,Asteroideae,NA
Psacalium sinuatum,Asteraceae,Asteroideae,NA
Jaliscoa goldmanii,Asteraceae,Asteroideae,NA
Ageratina jaliscensis,Asteraceae,Asteroideae,NA
Vernonanthura serratuloides,Asteraceae,Vernonioideae,NA
Porophyllum punctatum,Asteraceae,Asteroideae,NA
Roldana sessilifolia,Asteraceae,Asteroideae,NA
Vernonia serratuloides,Asteraceae,Vernonioideae,NA
Tagetes filifolia,Asteraceae,Asteroideae,NA
Roldana schaffneri,Asteraceae,Asteroideae,NA
Vernonia alamanii,Asteraceae,Vernonioideae,NA
Lepidaploa tortuosa,Asteraceae,Vernonioideae,NA
Senecio durangensis atrapiculatus,Asteraceae,Asteroideae,atrapiculatus
Senecio durangensis atrapiculatus,Asteraceae,Asteroideae,atrapiculatus
Villasenoria orcuttii,Asteraceae,Asteroideae,NA
Villasenoria orcuttii,Asteraceae,Asteroideae,NA
Roldana pennellii durangensis,Asteraceae,Asteroideae,durangensis
Roldana mexicana,Asteraceae,Asteroideae,NA
Roldana oaxacana,Asteraceae,Asteroideae,NA
Tagetes lucida,Asteraceae,Asteroideae,NA
Digitacalia chiapensis,Asteraceae,Asteroideae,NA
Porophyllum coloratum coloratum,Asteraceae,Asteroideae,coloratum
Senecio picridis,Asteraceae,Asteroideae,NA
Senecio picridis,Asteraceae,Asteroideae,NA
Packera coahuilensis,Asteraceae,Asteroideae,NA
Senecio flaccidus flaccidus,Asteraceae,Asteroideae,flaccidus
Senecio flaccidus flaccidus,Asteraceae,Asteroideae,flaccidus
Senecio flaccidus flaccidus,Asteraceae,Asteroideae,flaccidus
Senecio flaccidus flaccidus,Asteraceae,Asteroideae,flaccidus
Dyssodia tagetiflora,Asteraceae,Asteroideae,NA
Barkleyanthus salicifolius,Asteraceae,Asteroideae,NA
Porophyllum macrocephalum,Asteraceae,Asteroideae,NA
Thymophylla pentachaeta pentachaeta,Asteraceae,Asteroideae,pentachaeta
Thymophylla setifolia,Asteraceae,Asteroideae,NA
Barkleyanthus salicifolius,Asteraceae,Asteroideae,NA
Roldana albonervia,Asteraceae,Asteroideae,NA
Barkleyanthus salicifolius,Asteraceae,Asteroideae,NA
Telanthophora andrieuxii,Asteraceae,Asteroideae,NA
Senecio cinerarioides,Asteraceae,Asteroideae,NA
Hymenoxys scaposa,Asteraceae,Asteroideae,NA
Dyssodia papposa,Asteraceae,Asteroideae,NA
Nelsonianthus epiphyticus,Asteraceae,Asteroideae,NA
Telanthophora grandifolia grandifolia,Asteraceae,Asteroideae,grandifolia
Vernonia bealliae,Asteraceae,Vernonioideae,NA
Vernonia bealliae,Asteraceae,Vernonioideae,NA
Pseudogynoxys haenkei,Asteraceae,Asteroideae,NA
Pseudogynoxys haenkei,Asteraceae,Asteroideae,NA
Dyssodia papposa,Asteraceae,Asteroideae,NA
Vernonanthura oaxacana,Asteraceae,Vernonioideae,NA
Vernonanthura oaxacana,Asteraceae,Vernonioideae,NA
Vernonanthura oaxacana,Asteraceae,Vernonioideae,NA
Porophyllum lindenii,Asteraceae,Asteroideae,NA
Senecio toluccanus,Asteraceae,Asteroideae,NA
Porophyllum viridiflorum,Asteraceae,Asteroideae,NA
Senecio flaccidus monoensis,Asteraceae,Asteroideae,monoensis
Thymophylla setifolia,Asteraceae,Asteroideae,NA
Thymophylla acerosa,Asteraceae,Asteroideae,NA
Thymophylla acerosa,Asteraceae,Asteroideae,NA
Thymophylla acerosa,Asteraceae,Asteroideae,NA
Thymophylla pentachaeta pentachaeta,Asteraceae,Asteroideae,pentachaeta
Thymophylla pentachaeta pentachaeta,Asteraceae,Asteroideae,pentachaeta
Thymophylla acerosa,Asteraceae,Asteroideae,NA
Thymophylla acerosa,Asteraceae,Asteroideae,NA
Thymophylla pentachaeta pentachaeta,Asteraceae,Asteroideae,pentachaeta
Thymophylla pentachaeta pentachaeta,Asteraceae,Asteroideae,pentachaeta
Thymophylla pentachaeta pentachaeta,Asteraceae,Asteroideae,pentachaeta
Thymophylla setifolia,Asteraceae,Asteroideae,NA
Schkuhria pinnata wislizeni,Asteraceae,Asteroideae,wislizeni
Roldana barba-johannis,Asteraceae,Asteroideae,NA
Senecio toluccanus,Asteraceae,Asteroideae,NA
Roldana angulifolia,Asteraceae,Asteroideae,NA
Senecio actinella,Asteraceae,Asteroideae,NA
Roldana albonervia,Asteraceae,Asteroideae,NA
Acourtia nana,Asteraceae,Mutisioideae,NA
Senecio flaccidus flaccidus,Asteraceae,Asteroideae,flaccidus
Psacalium cirsiifolium,Asteraceae,Asteroideae,NA
Psacalium sinuatum,Asteraceae,Asteroideae,NA
Dyssodia papposa,Asteraceae,Asteroideae,NA
Tagetes lucida,Asteraceae,Asteroideae,NA
Tagetes lucida,Asteraceae,Asteroideae,NA
Psacalium sinuatum,Asteraceae,Asteroideae,NA
Roldana sessilifolia,Asteraceae,Asteroideae,NA
Tagetes lucida,Asteraceae,Asteroideae,NA
Tagetes lunulata,Asteraceae,Asteroideae,NA
Critoniopsis uniflora,Asteraceae,Vernonioideae,NA
Critoniopsis uniflora,Asteraceae,Vernonioideae,NA
Psacalium amplifolium,Asteraceae,Asteroideae,NA
Critoniopsis tomentosa,Asteraceae,Vernonioideae,NA
Senecio toluccanus,Asteraceae,Asteroideae,NA
Roldana albonervia,Asteraceae,Asteroideae,NA
Senecio aphanactis,Asteraceae,Asteroideae,NA
Senecio lemmonii,Asteraceae,Asteroideae,NA
Telanthophora grandifolia grandifolia,Asteraceae,Asteroideae,grandifolia
Senecio flaccidus flaccidus,Asteraceae,Asteroideae,flaccidus
Digitacalia chiapensis,Asteraceae,Asteroideae,NA
Senecio vulgaris,Asteraceae,Asteroideae,NA
Roldana michoacana,Asteraceae,Asteroideae,NA
Roldana albonervia,Asteraceae,Asteroideae,NA
Roldana angulifolia,Asteraceae,Asteroideae,NA
Psacalium peltatum peltatum,Asteraceae,Asteroideae,peltatum
Roldana reticulata,Asteraceae,Asteroideae,NA
Roldana angulifolia,Asteraceae,Asteroideae,NA
Roldana platanifolia,Asteraceae,Asteroideae,NA
Senecio callosus,Asteraceae,Asteroideae,NA
Roldana barba-johannis,Asteraceae,Asteroideae,NA
Flaveria pubescens,Asteraceae,Asteroideae,NA
Roldana barba-johannis,Asteraceae,Asteroideae,NA
Thymophylla pentachaeta hartwegii,Asteraceae,Asteroideae,hartwegii
Vernonanthura liatroides,Asteraceae,Vernonioideae,NA
Pectis prostrata,Asteraceae,Asteroideae,NA
Telanthophora grandifolia grandifolia,Asteraceae,Asteroideae,grandifolia
Psacalium peltatum peltatum,Asteraceae,Asteroideae,peltatum
Melampodium microcephalum,Asteraceae,Asteroideae,NA
Senecio stoechadiformis,Asteraceae,Asteroideae,NA
Robinsonecio gerberifolius,Asteraceae,Asteroideae,NA
Senecio procumbens,Asteraceae,Asteroideae,NA
Flaveria oppositifolia,Asteraceae,Asteroideae,NA
Senecio stoechadiformis,Asteraceae,Asteroideae,NA
Erechtites valerianifolius,Asteraceae,Asteroideae,NA
Erechtites hieracifolia cacalioides,Asteraceae,NA,cacalioides
Erechtites valerianifolius,Asteraceae,Asteroideae,NA
Roldana cristobalensis,Asteraceae,Asteroideae,NA
Critoniopsis tomentosa,Asteraceae,Vernonioideae,NA
Senecio lithophilus,Asteraceae,Asteroideae,NA
Roldana sessilifolia,Asteraceae,Asteroideae,NA
Melampodium divaricatum,Asteraceae,Asteroideae,NA
Vernonanthura oaxacana,Asteraceae,Vernonioideae,NA
Roldana sartorii,Asteraceae,Asteroideae,NA
Roldana sartorii,Asteraceae,Asteroideae,NA
Lepidaploa tortuosa,Asteraceae,Vernonioideae,NA
Vernonanthura liatroides,Asteraceae,Vernonioideae,NA
Tagetes erecta,Asteraceae,Asteroideae,NA
Roldana angulifolia,Asteraceae,Asteroideae,NA
Roldana chapalensis,Asteraceae,Asteroideae,NA
Pseudogynoxys chenopodioides chenopodioides,Asteraceae,Asteroideae,chenopodioides
Thymophylla pentachaeta pentachaeta,Asteraceae,Asteroideae,pentachaeta
Packera sanguisorbae,Asteraceae,Asteroideae,NA
Lepidaploa tortuosa,Asteraceae,Vernonioideae,NA
Senna atomaria,Fabaceae,Caesalpinioideae,NA
Albizia caribaea,Fabaceae,Caesalpinioideae,NA
Vernonia serratuloides,Asteraceae,Vernonioideae,NA
Adenophyllum porophyllum cancellatum,Asteraceae,Asteroideae,cancellatum
Senecio deppeanus,Asteraceae,Asteroideae,NA
Digitacalia chiapensis,Asteraceae,Asteroideae,NA
Barkleyanthus salicifolius,Asteraceae,Asteroideae,NA
Senecio flaccidus flaccidus,Asteraceae,Asteroideae,flaccidus
Packera bellidifolia,Asteraceae,Asteroideae,NA
Robinsonecio gerberifolius,Asteraceae,Asteroideae,NA
Senecio procumbens,Asteraceae,Asteroideae,NA
Packera bellidifolia,Asteraceae,Asteroideae,NA
Packera bellidifolia,Asteraceae,Asteroideae,NA
Senecio mairetianus,Asteraceae,Asteroideae,NA
Senecio polypodioides,Asteraceae,Asteroideae,NA
Packera bellidifolia,Asteraceae,Asteroideae,NA
Senecio mairetianus,Asteraceae,Asteroideae,NA
Barkleyanthus salicifolius,Asteraceae,Asteroideae,NA
Senecio richardsonii,Asteraceae,Asteroideae,NA
Senecio stoechadiformis,Asteraceae,Asteroideae,NA
Roldana sessilifolia,Asteraceae,Asteroideae,NA
Vernonia villaregalis,Asteraceae,Vernonioideae,NA
Senecio stoechadiformis,Asteraceae,Asteroideae,NA
Senecio stoechadiformis,Asteraceae,Asteroideae,NA
Senecio stoechadiformis,Asteraceae,Asteroideae,NA
Roldana sessilifolia,Asteraceae,Asteroideae,NA
Roldana sessilifolia,Asteraceae,Asteroideae,NA
Senecio stoechadiformis,Asteraceae,Asteroideae,NA
Senecio stoechadiformis,Asteraceae,Asteroideae,NA
Digitacalia jatrophoides jatrophoides,Asteraceae,Asteroideae,jatrophoides
Psacalium tussilaginoides,Asteraceae,Asteroideae,NA
Lepidonia callilepis,Asteraceae,Vernonioideae,NA
Critoniopsis tomentosa,Asteraceae,Vernonioideae,NA
Roldana angulifolia,Asteraceae,Asteroideae,NA
Roldana sessilifolia,Asteraceae,Asteroideae,NA
Tagetes subulata,Asteraceae,Asteroideae,NA
Tagetes lunulata,Asteraceae,Asteroideae,NA
Tagetes lunulata,Asteraceae,Asteroideae,NA
Roldana aschenborniana,Asteraceae,Asteroideae,NA
Villanova achilleoides,Asteraceae,Asteroideae,NA
Roldana barba-johannis,Asteraceae,Asteroideae,NA
Roldana aschenborniana,Asteraceae,Asteroideae,NA
Senecio orizabensis,Asteraceae,Asteroideae,NA
Senecio toluccanus,Asteraceae,Asteroideae,NA
Senecio callosus,Asteraceae,Asteroideae,NA
Roldana aschenborniana,Asteraceae,Asteroideae,NA
Roldana schaffneri,Asteraceae,Asteroideae,NA
Psacalium megaphyllum,Asteraceae,Asteroideae,NA
Roldana mexicana,Asteraceae,Asteroideae,NA
Roldana lineolata,Asteraceae,Asteroideae,NA
Barkleyanthus salicifolius,Asteraceae,Asteroideae,NA
Senecio cinerarioides,Asteraceae,Asteroideae,NA
Tagetes micrantha,Asteraceae,Asteroideae,NA
Roldana barba-johannis,Asteraceae,Asteroideae,NA
Tagetes erecta,Asteraceae,Asteroideae,NA
Roldana angulifolia,Asteraceae,Asteroideae,NA
Roldana angulifolia,Asteraceae,Asteroideae,NA
Critoniopsis tomentosa,Asteraceae,Vernonioideae,NA
Vernonia bealliae,Asteraceae,Vernonioideae,NA
Psacalium radulifolium,Asteraceae,Asteroideae,NA
Roldana aschenborniana,Asteraceae,Asteroideae,NA
Roldana lobata,Asteraceae,Asteroideae,NA
Vernonanthura cordata,Asteraceae,Vernonioideae,NA
Tagetes erecta,Asteraceae,Asteroideae,NA
Telanthophora cobanensis cobanensis,Asteraceae,Asteroideae,cobanensis
Roldana angulifolia,Asteraceae,Asteroideae,NA
Senecio callosus,Asteraceae,Asteroideae,NA
Roldana angulifolia,Asteraceae,Asteroideae,NA
Roldana barba-johannis,Asteraceae,Asteroideae,NA
Senecio cinerarioides,Asteraceae,Asteroideae,NA
Roldana barba-johannis,Asteraceae,Asteroideae,NA
Melampodium gracile,Asteraceae,Asteroideae,NA
Pseudogynoxys chenopodioides chenopodioides,Asteraceae,Asteroideae,chenopodioides
Vernonia greggii,Asteraceae,Vernonioideae,NA
Sclerocarpus uniserialis,Asteraceae,Asteroideae,NA
Senecio callosus,Asteraceae,Asteroideae,NA
Psacalium nanum,Asteraceae,Asteroideae,NA
Senecio callosus,Asteraceae,Asteroideae,NA
Senecio polypodioides,Asteraceae,Asteroideae,NA
Pentacalia parasitica,Asteraceae,Asteroideae,NA
Senecio runcinatus,Asteraceae,Asteroideae,NA
Lepidaploa tortuosa,Asteraceae,Vernonioideae,NA
Psacalium pentaflorum,Asteraceae,Asteroideae,NA
Senecio callosus,Asteraceae,Asteroideae,NA
Psacalium pentaflorum,Asteraceae,Asteroideae,NA
Senecio callosus,Asteraceae,Asteroideae,NA
Roldana angulifolia,Asteraceae,Asteroideae,NA
Senecio stoechadiformis,Asteraceae,Asteroideae,NA
Senecio stoechadiformis,Asteraceae,Asteroideae,NA
Senecio callosus,Asteraceae,Asteroideae,NA
Roldana cristobalensis,Asteraceae,Asteroideae,NA
Roldana lineolata,Asteraceae,Asteroideae,NA
Senecio callosus,Asteraceae,Asteroideae,NA
Roldana angulifolia,Asteraceae,Asteroideae,NA
Packera sanguisorbae,Asteraceae,Asteroideae,NA
Dyssodia pinnata glabrescens,Asteraceae,Asteroideae,glabrescens
Schkuhria pinnata wislizeni,Asteraceae,Asteroideae,wislizeni
Critoniopsis uniflora,Asteraceae,Vernonioideae,NA
Psacalium amplum,Asteraceae,Asteroideae,NA
Critoniopsis foliosa,Asteraceae,Vernonioideae,NA
Dyssodia papposa,Asteraceae,Asteroideae,NA
Tagetes lucida,Asteraceae,Asteroideae,NA
Psacalium platylepis,Asteraceae,Asteroideae,NA
Psacalium amplum,Asteraceae,Asteroideae,NA
Psacalium sinuatum,Asteraceae,Asteroideae,NA
Psacalium sinuatum,Asteraceae,Asteroideae,NA
Psacalium megaphyllum,Asteraceae,Asteroideae,NA
Psacalium amplum,Asteraceae,Asteroideae,NA
Packera sanguisorbae,Asteraceae,Asteroideae,NA
Vernonanthura cordata,Asteraceae,Vernonioideae,NA
Critoniopsis tomentosa,Asteraceae,Vernonioideae,NA
Lepidonia jonesii,Asteraceae,Vernonioideae,NA
Packera bellidifolia,Asteraceae,Asteroideae,NA
Roldana barba-johannis,Asteraceae,Asteroideae,NA
Telanthophora andrieuxii,Asteraceae,Asteroideae,NA
Packera sanguisorbae,Asteraceae,Asteroideae,NA
Roldana lineolata,Asteraceae,Asteroideae,NA
Senecio callosus,Asteraceae,Asteroideae,NA
Telanthophora andrieuxii,Asteraceae,Asteroideae,NA
Psacalium sinuatum,Asteraceae,Asteroideae,NA
Critoniopsis triflosculosa,Asteraceae,Vernonioideae,NA
Senecio actinella,Asteraceae,Asteroideae,NA
Psacalium sinuatum,Asteraceae,Asteroideae,NA
Senecio billieturneri,Asteraceae,Asteroideae,NA
Senecio actinella,Asteraceae,Asteroideae,NA
Senecio roseus,Asteraceae,Asteroideae,NA
Senecio mairetianus,Asteraceae,Asteroideae,NA
Senecio roseus,Asteraceae,Asteroideae,NA
Roldana sessilifolia,Asteraceae,Asteroideae,NA
Packera sanguisorbae,Asteraceae,Asteroideae,NA
Critoniopsis tomentosa,Asteraceae,Vernonioideae,NA
Pittocaulon velatum velatum,Asteraceae,Asteroideae,velatum
Gymnolaena serratifolia,Asteraceae,Asteroideae,NA
Erechtites valerianifolius,Asteraceae,Asteroideae,NA
Tagetes erecta,Asteraceae,Asteroideae,NA
Aldama dentata dentata,Asteraceae,Asteroideae,dentata
Barkleyanthus salicifolius,Asteraceae,Asteroideae,NA
Roldana aschenborniana,Asteraceae,Asteroideae,NA
Senecio parryi,Asteraceae,Asteroideae,NA
Critoniopsis obtusa,Asteraceae,Vernonioideae,NA
Critoniopsis triflosculosa,Asteraceae,Vernonioideae,NA
Roldana angulifolia,Asteraceae,Asteroideae,NA
Senecio roseus,Asteraceae,Asteroideae,NA
Senecio cinerarioides,Asteraceae,Asteroideae,NA
Senecio roseus,Asteraceae,Asteroideae,NA
Packera sanguisorbae,Asteraceae,Asteroideae,NA
Bahia absinthifolia absinthifolia,Asteraceae,Asteroideae,absinthifolia
Pectis angustifolia tenella,Asteraceae,Asteroideae,tenella
Bahia absinthifolia absinthifolia,Asteraceae,Asteroideae,absinthifolia
Thymophylla setifolia,Asteraceae,Asteroideae,NA
Pseudogynoxys chenopodioides chenopodioides,Asteraceae,Asteroideae,chenopodioides
Roldana barba-johannis,Asteraceae,Asteroideae,NA
Roldana acutangula,Asteraceae,Asteroideae,NA
Psacalium multilobum,Asteraceae,Asteroideae,NA
Roldana schaffneri,Asteraceae,Asteroideae,NA
Leiboldia serrata,Asteraceae,Vernonioideae,NA
Senecio bracteatus,Asteraceae,Asteroideae,NA
Roldana oaxacana,Asteraceae,Asteroideae,NA
Senecio bracteatus,Asteraceae,Asteroideae,NA
Vernonia karvinskiana inuloides,Asteraceae,Vernonioideae,inuloides
Roldana lineolata,Asteraceae,Asteroideae,NA
Roldana oaxacana,Asteraceae,Asteroideae,NA
Tagetes tenuifolia,Asteraceae,Asteroideae,NA
Ageratina ligustrina,Asteraceae,Asteroideae,NA
Critoniopsis obtusa,Asteraceae,Vernonioideae,NA
Critoniopsis triflosculosa,Asteraceae,Vernonioideae,NA
Packera millelobata,Asteraceae,Asteroideae,NA
Trixis californica californica,Asteraceae,Mutisioideae,californica
Thymophylla acerosa,Asteraceae,Asteroideae,NA
Barkleyanthus salicifolius,Asteraceae,Asteroideae,NA
Psacalium silphiifolium,Asteraceae,Asteroideae,NA
Roldana chapalensis,Asteraceae,Asteroideae,NA
Senecio roseus,Asteraceae,Asteroideae,NA
Senecio roseus,Asteraceae,Asteroideae,NA
Senecio orizabensis,Asteraceae,Asteroideae,NA
Senecio runcinatus,Asteraceae,Asteroideae,NA
Senecio multidentatus multidentatus,Asteraceae,Asteroideae,multidentatus
Senecio roseus,Asteraceae,Asteroideae,NA
Senecio pseudopicridis,Asteraceae,Asteroideae,NA
Roldana barba-johannis,Asteraceae,Asteroideae,NA
Packera coahuilensis,Asteraceae,Asteroideae,NA
Trixis mexicana mexicana,Asteraceae,Mutisioideae,mexicana
Vernonia greggii,Asteraceae,Vernonioideae,NA
Dyssodia tagetiflora,Asteraceae,Asteroideae,NA
Vernonanthura serratuloides,Asteraceae,Vernonioideae,NA
Roldana chapalensis,Asteraceae,Asteroideae,NA
Senecio cinerarioides,Asteraceae,Asteroideae,NA
Senecio deformis,Asteraceae,Asteroideae,NA
Tagetes erecta,Asteraceae,Asteroideae,NA
Barkleyanthus salicifolius,Asteraceae,Asteroideae,NA
Senecio mairetianus,Asteraceae,Asteroideae,NA
Barkleyanthus salicifolius,Asteraceae,Asteroideae,NA
Barkleyanthus salicifolius,Asteraceae,Asteroideae,NA
Roldana grimesii,Asteraceae,Asteroideae,NA
Senecio runcinatus,Asteraceae,Asteroideae,NA
Roldana barba-johannis,Asteraceae,Asteroideae,NA
Vernonanthura oaxacana,Asteraceae,Vernonioideae,NA
Senecio toluccanus,Asteraceae,Asteroideae,NA
Senecio jacalensis,Asteraceae,Asteroideae,NA
Roldana barba-johannis,Asteraceae,Asteroideae,NA
Senecio callosus,Asteraceae,Asteroideae,NA
Roldana albonervia,Asteraceae,Asteroideae,NA
Senecio callosus,Asteraceae,Asteroideae,NA
Packera sanguisorbae,Asteraceae,Asteroideae,NA
Senecio argutus,Asteraceae,Asteroideae,NA
Roldana platanifolia,Asteraceae,Asteroideae,NA
Senecio cinerarioides,Asteraceae,Asteroideae,NA
Senecio argutus,Asteraceae,Asteroideae,NA
Senecio cinerarioides,Asteraceae,Asteroideae,NA
Roldana lineolata,Asteraceae,Asteroideae,NA
Senecio argutus,Asteraceae,Asteroideae,NA
Senecio mulgediifolius,Asteraceae,Asteroideae,NA
Critoniopsis tomentosa,Asteraceae,Vernonioideae,NA
Senecio mulgediifolius,Asteraceae,Asteroideae,NA
Senecio toluccanus,Asteraceae,Asteroideae,NA
Critoniopsis tomentosa,Asteraceae,Vernonioideae,NA
Vernonanthura liatroides,Asteraceae,Vernonioideae,NA
Senecio flaccidus flaccidus,Asteraceae,Asteroideae,flaccidus
Tagetes lucida,Asteraceae,Asteroideae,NA
Barkleyanthus salicifolius,Asteraceae,Asteroideae,NA
Vernonanthura patens,Asteraceae,Vernonioideae,NA
Erechtites valerianifolius,Asteraceae,Asteroideae,NA
Erechtites valerianifolius,Asteraceae,Asteroideae,NA
Telanthophora grandifolia grandifolia,Asteraceae,Asteroideae,grandifolia
Roldana sartorii,Asteraceae,Asteroideae,NA
Critoniopsis triflosculosa,Asteraceae,Vernonioideae,NA
Porophyllum coloratum coloratum,Asteraceae,Asteroideae,coloratum
Critoniopsis triflosculosa,Asteraceae,Vernonioideae,NA
Perityle crassifolia robusta,Asteraceae,Asteroideae,robusta
Telanthophora andrieuxii,Asteraceae,Asteroideae,NA
Acanthocereus occidentalis,Cactaceae,Cactoideae,NA
Mimosa eurycarpa,Fabaceae,Caesalpinioideae,NA
Mimosa eurycarpa,Fabaceae,Caesalpinioideae,NA
Prosopis juliflora,Fabaceae,Caesalpinioideae,NA
Prosopis laevigata,Fabaceae,Caesalpinioideae,NA
Leucaena collinsii,Fabaceae,Caesalpinioideae,NA
Calliandra juzepczukii,Fabaceae,Caesalpinioideae,NA
Zeugites capillaris,Poaceae,Panicoideae,NA
Ipomoea indica,Convolvulaceae,NA,NA
Paspalum convexum,Poaceae,Panicoideae,NA
Mitracarpus hirtus,Rubiaceae,Rubioideae,NA
Aulosepalum pulchrum,Orchidaceae,Orchidoideae,NA
Ipomoea indica,Convolvulaceae,NA,NA
Anthurium andicola,Araceae,Pothoideae,NA
Eragrostis intermedia,Poaceae,Chloridoideae,NA
Anthurium macdougallii,Araceae,Pothoideae,NA
Anthurium andicola,Araceae,Pothoideae,NA
Physalis (Rydbergis) nicandroides,Solanaceae,Solanoideae,NA
Abutilon barrancae,Malvaceae,Malvoideae,NA
Aeschynomene sousae,Fabaceae,Papilionoideae,NA
Zapoteca formosa rosei,Fabaceae,Caesalpinioideae,rosei
Gouania polygama,Rhamnaceae,Ziziphoideae,NA
Zapoteca formosa rosei,Fabaceae,Caesalpinioideae,rosei
Zapoteca tehuana,Fabaceae,Caesalpinioideae,NA
Mimosa goldmanii,Fabaceae,Caesalpinioideae,NA
Cathestecum brevifolium brevifolium,Poaceae,NA,brevifolium
Lysiloma divaricatum,Fabaceae,Caesalpinioideae,NA
Pithecellobium campylacanthum,Fabaceae,Caesalpinioideae,NA
Capparis incana,Capparaceae,NA,NA
Coccoloba liebmannii,Polygonaceae,Eriogonoideae,NA
Cyclopogon,Orchidaceae,Orchidoideae,NA
Ipomoea pedatisecta,Convolvulaceae,NA,NA
Zapoteca formosa rosei,Fabaceae,Caesalpinioideae,rosei
Melochia nodiflora,Malvaceae,Byttnerioideae,NA
Mimosa psilocarpa,Fabaceae,Caesalpinioideae,NA
Begonia nelumbonifolia,Begoniaceae,NA,NA
Stemmadenia obovata mollis,Apocynaceae,NA,mollis
Haplophyton cimicidum,Apocynaceae,Raulvolfioideae,NA
Zapoteca formosa formosa,Fabaceae,Caesalpinioideae,formosa
Calliandra rubescens,Fabaceae,Caesalpinioideae,NA
Zapoteca tehuana,Fabaceae,Caesalpinioideae,NA
Abutilon umbellatum,Malvaceae,Malvoideae,NA
Mimosa tenuiflora,Fabaceae,Caesalpinioideae,NA
Mimosa tenuiflora,Fabaceae,Caesalpinioideae,NA
Parkinsonia aculeata,Fabaceae,Caesalpinioideae,NA
Diospyros oaxacana,Ebenaceae,Ebenoideae,NA
Mimosa nelsonii,Fabaceae,Caesalpinioideae,NA
Aeschynomene compacta,Fabaceae,Papilionoideae,NA
Lysiloma divaricatum,Fabaceae,Caesalpinioideae,NA
Zapoteca formosa rosei,Fabaceae,Caesalpinioideae,rosei
Costus laevis,Costaceae,NA,NA
Acacia coulteri,Fabaceae,Caesalpinioideae,NA
Lonchocarpus emarginatus,Fabaceae,Papilionoideae,NA
Montanoa tomentosa microcephala,Asteraceae,Asteroideae,microcephala
Capparis incana,Capparaceae,NA,NA
Esenbeckia berlandieri litoralis,Rutaceae,Amyridoideae,litoralis
Calliandra tergemina,Fabaceae,Caesalpinioideae,NA
Porophyllum punctatum,Asteraceae,Asteroideae,NA
Flourensia collodes,Asteraceae,Asteroideae,NA
Senna pallida isthmica,Fabaceae,Caesalpinioideae,isthmica
Cathestecum brevifolium brevifolium,Poaceae,NA,brevifolium
Zinnia flavicoma,Asteraceae,Asteroideae,NA
Pithecellobium leiocalyx,Fabaceae,Caesalpinioideae,NA
Bursera simaruba,Burseraceae,NA,NA
Lysiloma divaricatum,Fabaceae,Caesalpinioideae,NA
Prosopis juliflora,Fabaceae,Caesalpinioideae,NA
Pithecellobium dulce,Fabaceae,Caesalpinioideae,NA
Mimosa goldmanii,Fabaceae,Caesalpinioideae,NA
Sideroxylon stenospermum,Sapotaceae,Sapotoideae,NA
Gouania lupuloides,Rhamnaceae,Ziziphoideae,NA
Randia tetracantha,Rubiaceae,Ixoroideae,NA
Hintonia latiflora,Rubiaceae,Cinchonoideae,NA
Prosopis juliflora,Fabaceae,Caesalpinioideae,NA
Tamarindus indica,Fabaceae,Detarioideae,NA
Abutilon grandidentatum,Malvaceae,Malvoideae,NA
Gouania lupuloides,Rhamnaceae,Ziziphoideae,NA
Bouteloua curtipendula curtipendula,Poaceae,Chloridoideae,curtipendula
Bouteloua chondrosioides,Poaceae,Chloridoideae,NA
Turnera diffusa,Passifloraceae,Turneroideae,NA
Lasiocarpus salicifolius,Malpighiaceae,NA,NA
Diospyros oaxacana,Ebenaceae,Ebenoideae,NA
Cenchrus ciliaris,Poaceae,Panicoideae,NA
Metastelma,Apocynaceae,Asclepiadoideae,NA
Andropogon semitectus,Poaceae,Panicoideae,NA
Mammillaria woburnensis,Cactaceae,Cactoideae,NA
Anthephora hermaphrodita,Poaceae,Panicoideae,NA
Hackelochloa granularis,Poaceae,Panicoideae,NA
Hintonia latiflora,Rubiaceae,Cinchonoideae,NA
Calliandra rubescens,Fabaceae,Caesalpinioideae,NA
Stenocereus pruinosus,Cactaceae,Cactoideae,NA
Caesalpinia eriostachys,Fabaceae,Caesalpinioideae,NA
Diospyros oaxacana,Ebenaceae,Ebenoideae,NA
Mammillaria rekoi rekoi,Cactaceae,Cactoideae,rekoi
Aporocactus conzattii,Cactaceae,Cactoideae,NA
Acacia pringlei,Fabaceae,Caesalpinioideae,NA
Chloroleucon mangense leucospermum,Fabaceae,Caesalpinioideae,leucospermum
Hibiscus peripteroides,Malvaceae,Malvoideae,NA
Amoreuxia schiedeana,Bixaceae,NA,NA
Mimosa eurycarpa,Fabaceae,Caesalpinioideae,NA
Havardia platyloba,Fabaceae,Caesalpinioideae,NA
Mimosa tenuiflora,Fabaceae,Caesalpinioideae,NA
Cuphea pinetorum,Lythraceae,NA,NA
Turnera ulmifolia,Passifloraceae,Turneroideae,NA
Apoplanesia paniculata,Fabaceae,Papilionoideae,NA
Mimosa psilocarpa,Fabaceae,Caesalpinioideae,NA
Willardia mexicana,Fabaceae,Papilionoideae,NA
Bakeridesia integerrima,Malvaceae,Malvoideae,NA
Cordia alliodora,Cordiaceae,NA,NA
Psychotria microdon,Rubiaceae,Rubioideae,NA
Acacia usumacintensis,Fabaceae,Caesalpinioideae,NA
Bouvardia leiantha,Rubiaceae,Rubioideae,NA
Cuphea ignea,Lythraceae,NA,NA
Acacia tenuifolia,Fabaceae,Caesalpinioideae,NA
Mimosa goldmanii,Fabaceae,Caesalpinioideae,NA
Margaranthus solanaceus,Solanaceae,NA,NA
Mimosa lactiflua,Fabaceae,Caesalpinioideae,NA
Lysiloma divaricatum,Fabaceae,Caesalpinioideae,NA
Mimosa deamii,Fabaceae,Caesalpinioideae,NA
Mimosa nelsonii,Fabaceae,Caesalpinioideae,NA
Mimosa sousae,Fabaceae,Caesalpinioideae,NA
Zeugites capillaris,Poaceae,Panicoideae,NA
Zapoteca tehuana,Fabaceae,Caesalpinioideae,NA
Crusea calocephala,Rubiaceae,Rubioideae,NA
Aeschynomene nicaraguensis,Fabaceae,Papilionoideae,NA
Clibadium arboreum,Asteraceae,Asteroideae,NA
Mimosa tenuiflora,Fabaceae,Caesalpinioideae,NA
Heliotropium curassavicum curassavicum,Boraginaceae,NA,curassavicum
Conocarpus erectus,Combretaceae,NA,NA
Fimbristylis spathacea,Cyperaceae,Cyperoideae,NA
Jatropha gossypiifolia,Euphorbiaceae,Crotonoideae,NA
Mimosa goldmanii,Fabaceae,Caesalpinioideae,NA
Sideroxylon celastrinum,Sapotaceae,Sapotoideae,NA
Selenicereus vagans,Cactaceae,Cactoideae,NA
Opuntia decumbens,Cactaceae,Opuntioideae,NA
Zapoteca alinae,Fabaceae,Caesalpinioideae,NA
Hintonia latiflora,Rubiaceae,Cinchonoideae,NA
Verbesina gracilipes,Asteraceae,Asteroideae,NA
Clethra mexicana,Clethraceae,NA,NA
Mimosa psilocarpa,Fabaceae,Caesalpinioideae,NA
Prosopis juliflora,Fabaceae,Caesalpinioideae,NA
Lysiloma divaricatum,Fabaceae,Caesalpinioideae,NA
Zapoteca formosa rosei,Fabaceae,Caesalpinioideae,rosei
Senna skinneri,Fabaceae,Caesalpinioideae,NA
Mimosa sousae,Fabaceae,Caesalpinioideae,NA
Mimosa nelsonii,Fabaceae,Caesalpinioideae,NA
Havardia platyloba,Fabaceae,Caesalpinioideae,NA
Mimosa eurycarpa,Fabaceae,Caesalpinioideae,NA
Mimosa goldmanii,Fabaceae,Caesalpinioideae,NA
Aeschynomene viscidula,Fabaceae,Papilionoideae,NA
Schistophragma pusillum,Plantaginaceae,NA,NA
Mimosa sousae,Fabaceae,Caesalpinioideae,NA
Havardia platyloba,Fabaceae,Caesalpinioideae,NA
Stemmadenia obovata mollis,Apocynaceae,NA,mollis
Mimosa eurycarpa,Fabaceae,Caesalpinioideae,NA
Croton,Euphorbiaceae,Crotonoideae,NA
Physodium oaxacanum,Sterculiaceae,NA,NA
Mimosa psilocarpa,Fabaceae,Caesalpinioideae,NA
Tournefortia volubilis,Heliotropiaceae,NA,NA
Zapoteca formosa rosei,Fabaceae,Caesalpinioideae,rosei
Mimosa eurycarpa,Fabaceae,Caesalpinioideae,NA
Capparis incana,Capparaceae,NA,NA
Ficus tecolutensis,Moraceae,NA,NA
Eupatorium guiengolense,Asteraceae,Asteroideae,NA
Mimosa goldmanii,Fabaceae,Caesalpinioideae,NA
Hippocratea excelsa,Celastraceae,Hippocrateoideae,NA
Hyptis suaveolens,Lamiaceae,Nepetoideae,NA
Mimosa goldmanii,Fabaceae,Caesalpinioideae,NA
Prosopis juliflora,Fabaceae,Caesalpinioideae,NA
Mimosa goldmanii,Fabaceae,Caesalpinioideae,NA
Hintonia latiflora,Rubiaceae,Cinchonoideae,NA
Mimosa tenuiflora,Fabaceae,Caesalpinioideae,NA
Prosopis juliflora,Fabaceae,Caesalpinioideae,NA
Mimosa nelsonii,Fabaceae,Caesalpinioideae,NA
Cochlospermum (Cochlospermun) vitifolium,Bixaceae,NA,NA
Ipomoea pes-caprae,Convolvulaceae,NA,NA
Mimosa eurycarpa,Fabaceae,Caesalpinioideae,NA
Mimosa tenuiflora,Fabaceae,Caesalpinioideae,NA
Mimosa tenuiflora,Fabaceae,Caesalpinioideae,NA
Caesalpinia exostemma,Fabaceae,Caesalpinioideae,NA
Acacia macilenta,Fabaceae,Caesalpinioideae,NA
Mimosa nelsonii,Fabaceae,Caesalpinioideae,NA
Hintonia latiflora,Rubiaceae,Cinchonoideae,NA
Calliandra bijuga,Fabaceae,Caesalpinioideae,NA
Dactyloctenium aegyptium,Poaceae,Chloridoideae,NA
Chloris virgata,Poaceae,Chloridoideae,NA
Nopalea karwinskiana,Cactaceae,Opuntioideae,NA
Muhlenbergia tenella,Poaceae,Chloridoideae,NA
Aphelandra scabra,Acanthaceae,Acanthoideae,NA
Mimosa goldmanii,Fabaceae,Caesalpinioideae,NA
Diospyros oaxacana,Ebenaceae,Ebenoideae,NA
Mimosa lactiflua,Fabaceae,Caesalpinioideae,NA
Pisonia aculeata macranthocarpa,Nyctaginaceae,NA,macranthocarpa
Euphorbia guiengola,Euphorbiaceae,Euphorbioideae,NA
Calliandra,Fabaceae,Caesalpinioideae,NA
Leptochloa mucronata,Poaceae,Chloridoideae,NA
Prosopis juliflora,Fabaceae,Caesalpinioideae,NA
Tetrachyron oaxacana,Asteraceae,Asteroideae,NA
Agonandra obtusifolia,Opiliaceae,NA,NA
Abutilon grandidentatum,Malvaceae,Malvoideae,NA
Ficus isophlebia,Moraceae,NA,NA
Gossypium aridum,Malvaceae,Malvoideae,NA
Pithecellobium campylacanthum,Fabaceae,Caesalpinioideae,NA
Pavonia macdougallii,Malvaceae,Malvoideae,NA
Lysiloma divaricatum,Fabaceae,Caesalpinioideae,NA
Lonchocarpus guatemalensis,Fabaceae,Papilionoideae,NA
Bakeridesia integerrima,Malvaceae,Malvoideae,NA
Cathestecum brevifolium brevifolium,Poaceae,NA,brevifolium
Tragus berteronianus,Poaceae,Chloridoideae,NA
Astronium graveolens,Anacardiaceae,Anacardioideae,NA
Mimosa tenuiflora,Fabaceae,Caesalpinioideae,NA
Acalypha microphylla,Euphorbiaceae,Acalyphoideae,NA
Mitracarpus schizangius,Rubiaceae,Rubioideae,NA
Ampelocissus erdwendbergii,Vitaceae,Vitoideae,NA
Mimosa arenosa leiocarpa,Fabaceae,Caesalpinioideae,leiocarpa
Ipomoea indica,Convolvulaceae,NA,NA
Acacia carbonaria,Fabaceae,Caesalpinioideae,NA
Chamaesyce ophthalmica,Euphorbiaceae,NA,NA
Pachycereus grandis,Cactaceae,Cactoideae,NA
Eucodonia verticillata,Gesneriaceae,NA,NA
Mimosa nelsonii,Fabaceae,Caesalpinioideae,NA
Lactuca intybacea,Asteraceae,Cichorioideae,NA
Achatocarpus oaxacanus,Achatocarpaceae,NA,NA
Aristolochia,Aristolochiaceae,Aristolochioideae,NA
Heliotropium rufipilum,Heliotropiaceae,NA,NA
Cordia globosa,Cordiaceae,NA,NA
Crossopetalum uragoga,Celastraceae,Celastroideae,NA
Renealmia mexicana,Zingiberaceae,Alpinioideae,NA
Isachne arundinacea,Poaceae,Micrairoideae,NA
Lysiloma acapulcense,Fabaceae,Caesalpinioideae,NA
Ficus cotinifolia,Moraceae,NA,NA
Chamaecrista lineata pinoi,Fabaceae,Caesalpinioideae,pinoi
Pachecoa prismatica,Fabaceae,Papilionoideae,NA
Acacia carbonaria,Fabaceae,Caesalpinioideae,NA
Mimosa tenuiflora,Fabaceae,Caesalpinioideae,NA
Zapoteca formosa formosa,Fabaceae,Caesalpinioideae,formosa
Bursera excelsa excelsa,Burseraceae,NA,excelsa
Cleome gynandra,Cleomaceae,NA,NA
Caesalpinia coriaria,Fabaceae,Caesalpinioideae,NA
Mimosa lactiflua,Fabaceae,Caesalpinioideae,NA
Lonchocarpus caudatus,Fabaceae,Papilionoideae,NA
Acacia farnesiana guanacastensis,Fabaceae,Caesalpinioideae,guanacastensis
Restrepiella ophiocephala,Orchidaceae,Epidendroideae,NA
Tillandsia (Tillandsia) ionantha ionantha,Bromeliaceae,Tillandsioideae,ionantha
Mimosa eurycarpa,Fabaceae,Caesalpinioideae,NA
Lasiocarpus salicifolius,Malpighiaceae,NA,NA
Mimosa nelsonii,Fabaceae,Caesalpinioideae,NA
Caesalpinia coriaria,Fabaceae,Caesalpinioideae,NA
Echeveria spectabilis,Crassulaceae,Sempervivoideae,NA
Margaranthus solanaceus,Solanaceae,NA,NA
Oplismenus burmannii burmannii,Poaceae,Panicoideae,burmannii
Lysiloma divaricatum,Fabaceae,Caesalpinioideae,NA
Mimosa torresiae,Fabaceae,Caesalpinioideae,NA
Acacia villosa,Fabaceae,Caesalpinioideae,NA
Cordia curassavica,Cordiaceae,NA,NA
Mimosa eurycarpa,Fabaceae,Caesalpinioideae,NA
Zapoteca formosa rosei,Fabaceae,Caesalpinioideae,rosei
Clethra mexicana,Clethraceae,NA,NA
Lycianthes (Eulycianthes) geminiflora,Solanaceae,Solanoideae,NA
Acacia farnesiana farnesiana,Fabaceae,Caesalpinioideae,farnesiana
Prosopis juliflora,Fabaceae,Caesalpinioideae,NA
Cathestecum brevifolium hirsutum,Poaceae,NA,hirsutum
Annona squamosa,Annonaceae,Annonoideae,NA
Hedychium coronarium,Zingiberaceae,Zingiberoideae,NA
Tournefortia volubilis,Heliotropiaceae,NA,NA
Prosopis juliflora,Fabaceae,Caesalpinioideae,NA
Billbergia oaxacana,Bromeliaceae,Bromelioideae,NA
Randia thurberi,Rubiaceae,Ixoroideae,NA
Bonplandia geminiflora,Polemoniaceae,Cobaeoideae,NA
Montanoa tomentosa microcephala,Asteraceae,Asteroideae,microcephala
Thouinia villosa,Sapindaceae,Sapindoideae,NA
Zapoteca formosa formosa,Fabaceae,Caesalpinioideae,formosa
Diphysa ormocarpoides,Fabaceae,Papilionoideae,NA
Prosopis juliflora,Fabaceae,Caesalpinioideae,NA
Merremia cissoides,Convolvulaceae,NA,NA
Desmanthus virgatus,Fabaceae,Caesalpinioideae,NA
Lysiloma divaricatum,Fabaceae,Caesalpinioideae,NA
Cercidium praecox,Fabaceae,Caesalpinioideae,NA
Mammillaria tegelbergiana,Cactaceae,Cactoideae,NA
Pinguicula (Temnoceras) crenatiloba,Lentibulariaceae,NA,NA
Nopalxochia ackermannii,Cactaceae,Cactoideae,NA
Zapoteca formosa rosei,Fabaceae,Caesalpinioideae,rosei
Ruellia pulcherrima,Acanthaceae,Acanthoideae,NA
Lonchocarpus constrictus,Fabaceae,Papilionoideae,NA
Stemmadenia obovata mollis,Apocynaceae,NA,mollis
Myrtillocactus schenckii,Cactaceae,Cactoideae,NA
Zapoteca formosa rosei,Fabaceae,Caesalpinioideae,rosei
Guaiacum coulteri,Zygophyllaceae,Larreoideae,NA
Caesalpinia pulcherrima,Fabaceae,Caesalpinioideae,NA
Mimosa lactiflua,Fabaceae,Caesalpinioideae,NA
Ziziphus amole,Rhamnaceae,Ziziphoideae,NA
Nymphaea ampla speciosa,Nymphaeaceae,Nymphaeoideae,speciosa
Lonchocarpus emarginatus,Fabaceae,Papilionoideae,NA
Zapoteca formosa formosa,Fabaceae,Caesalpinioideae,formosa
Zapoteca formosa formosa,Fabaceae,Caesalpinioideae,formosa
Mimosa sousae,Fabaceae,Caesalpinioideae,NA
Cordia dentata,Cordiaceae,NA,NA
Caesalpinia eriostachys,Fabaceae,Caesalpinioideae,NA
Tephrosia vicioides,Fabaceae,Papilionoideae,NA
Pedilanthus tithymaloides,Euphorbiaceae,NA,NA
Pedilanthus tithymaloides,Euphorbiaceae,NA,NA
Phaseolus microcarpus,Fabaceae,Papilionoideae,NA
Mimosa tenuiflora,Fabaceae,Caesalpinioideae,NA
Mimosa psilocarpa,Fabaceae,Caesalpinioideae,NA
Stemmadenia obovata mollis,Apocynaceae,NA,mollis
Lonchocarpus emarginatus,Fabaceae,Papilionoideae,NA
Inga latibracteata,Fabaceae,Caesalpinioideae,NA
Bidens odorata odorata,Asteraceae,Asteroideae,odorata
Acacia farnesiana farnesiana,Fabaceae,Caesalpinioideae,farnesiana
Diospyros oaxacana,Ebenaceae,Ebenoideae,NA
Gomphrena decumbens,Amaranthaceae,NA,NA
Encyclia pterocarpa,Orchidaceae,Epidendroideae,NA
Heteropogon contortus,Poaceae,Panicoideae,NA
Zornia reticulata,Fabaceae,Papilionoideae,NA
Calliandra calothyrsus,Fabaceae,Caesalpinioideae,NA
Arundo donax,Poaceae,Arundinoideae,NA
Arundo donax,Poaceae,Arundinoideae,NA
Galactia multiflora,Fabaceae,Papilionoideae,NA
Leucaena lanceolata lanceolata,Fabaceae,Caesalpinioideae,lanceolata
Tillandsia (Tillandsia) fasciculata fasciculata,Bromeliaceae,Tillandsioideae,fasciculata
Opuntia stricta dillenii,Cactaceae,Opuntioideae,dillenii
Pereskiopsis kellermanii,Cactaceae,Opuntioideae,NA
Pennisetum setosum,Poaceae,Panicoideae,NA
Zapoteca formosa rosei,Fabaceae,Caesalpinioideae,rosei
Zapoteca formosa rosei,Fabaceae,Caesalpinioideae,rosei
Havardia platyloba,Fabaceae,Caesalpinioideae,NA
Borreria verticillata,Rubiaceae,Rubioideae,NA
Pisonia aculeata aculeata,Nyctaginaceae,NA,aculeata
Mimosa eurycarpa,Fabaceae,Caesalpinioideae,NA
Clethra mexicana,Clethraceae,NA,NA
Pitcairnia heterophylla,Bromeliaceae,Pitcairnioideae,NA
Inga punctata,Fabaceae,Caesalpinioideae,NA
Senna skinneri,Fabaceae,Caesalpinioideae,NA
Mimosa arenosa leiocarpa,Fabaceae,Caesalpinioideae,leiocarpa
Myrtillocactus schenckii,Cactaceae,Cactoideae,NA
Prosopis laevigata,Fabaceae,Caesalpinioideae,NA
Vernonanthura oaxacana,Asteraceae,Vernonioideae,NA
Lonchocarpus guatemalensis,Fabaceae,Papilionoideae,NA
Calliandra juzepczukii,Fabaceae,Caesalpinioideae,NA
Vernonanthura oaxacana,Asteraceae,Vernonioideae,NA
Amphipterygium adstringens adstringens,Julianiaceae,NA,adstringens
Amphipterygium adstringens adstringens,Julianiaceae,NA,adstringens
Lonchocarpus phaseolifolius,Fabaceae,Papilionoideae,NA
Chalema synanthera,Cucurbitaceae,NA,NA
Neea psychotrioides,Nyctaginaceae,NA,NA
Mimosa goldmanii,Fabaceae,Caesalpinioideae,NA
Ipomoea indica,Convolvulaceae,NA,NA
Stenocereus pruinosus,Cactaceae,Cactoideae,NA
Calliandra,Fabaceae,Caesalpinioideae,NA
Coursetia glandulosa,Fabaceae,Papilionoideae,NA
Zapoteca formosa rosei,Fabaceae,Caesalpinioideae,rosei
Lysiloma divaricatum,Fabaceae,Caesalpinioideae,NA
Diphysa ormocarpoides,Fabaceae,Papilionoideae,NA
Zapoteca tehuana,Fabaceae,Caesalpinioideae,NA
Leucaena lanceolata lanceolata,Fabaceae,Caesalpinioideae,lanceolata
Porophyllum ruderale macrocephalum,Asteraceae,Asteroideae,macrocephalum
Rivina humilis,Petiveriaceae,NA,NA
Serjania cambessedeana,Sapindaceae,Sapindoideae,NA
Verbesina neriifolia,Asteraceae,Asteroideae,NA
Tetrachyron torresii,Asteraceae,Asteroideae,NA
Mimosa nelsonii,Fabaceae,Caesalpinioideae,NA
Habracanthus silvaticus,Acanthaceae,NA,NA
Argemone mexicana,Papaveraceae,Papaveroideae,NA
Zapoteca formosa rosei,Fabaceae,Caesalpinioideae,rosei
Mimosa tenuiflora,Fabaceae,Caesalpinioideae,NA
Lonchocarpus guatemalensis,Fabaceae,Papilionoideae,NA
Pithecellobium campylacanthum,Fabaceae,Caesalpinioideae,NA
Pectis multiflosculosa,Asteraceae,Asteroideae,NA
Oncidium cebolleta,Orchidaceae,Epidendroideae,NA
Acacia carbonaria,Fabaceae,Caesalpinioideae,NA
Caesalpinia eriostachys,Fabaceae,Caesalpinioideae,NA
Epidendrum mixtum,Orchidaceae,Epidendroideae,NA
Mimosa psilocarpa,Fabaceae,Caesalpinioideae,NA
Mimosa tenuiflora,Fabaceae,Caesalpinioideae,NA
Croton,Euphorbiaceae,Crotonoideae,NA
Mimosa psilocarpa,Fabaceae,Caesalpinioideae,NA
Cleome viscosa,Cleomaceae,NA,NA
Prosopis juliflora,Fabaceae,Caesalpinioideae,NA
Caesalpinia exostemma,Fabaceae,Caesalpinioideae,NA
Roldana hartwegii,Asteraceae,Asteroideae,NA
Senecio aphanactis,Asteraceae,Asteroideae,NA
Roldana galiciana,Asteraceae,Asteroideae,NA
Senecio mairetianus,Asteraceae,Asteroideae,NA
Critoniopsis salicifolia,Asteraceae,Vernonioideae,NA
Roldana reticulata,Asteraceae,Asteroideae,NA
Psacalium radulifolium,Asteraceae,Asteroideae,NA
Tagetes pringlei,Asteraceae,Asteroideae,NA
Pectis papposa papposa,Asteraceae,Asteroideae,papposa
Roldana angulifolia,Asteraceae,Asteroideae,NA
Roldana lineolata,Asteraceae,Asteroideae,NA
Roldana lineolata,Asteraceae,Asteroideae,NA
Roldana reticulata,Asteraceae,Asteroideae,NA
Porophyllum macrocephalum,Asteraceae,Asteroideae,NA
Packera bellidifolia,Asteraceae,Asteroideae,NA
Senecio toluccanus,Asteraceae,Asteroideae,NA
Pittocaulon velatum velatum,Asteraceae,Asteroideae,velatum
Erechtites hieracifolia cacalioides,Asteraceae,NA,cacalioides
Porophyllum coloratum coloratum,Asteraceae,Asteroideae,coloratum
Porophyllum macrocephalum,Asteraceae,Asteroideae,NA
Tagetes subulata,Asteraceae,Asteroideae,NA
Roldana hartwegii,Asteraceae,Asteroideae,NA
Pectis uniaristata uniaristata,Asteraceae,Asteroideae,uniaristata
Tagetes lemmonii,Asteraceae,Asteroideae,NA
Pectis stenophylla stenophylla,Asteraceae,Asteroideae,stenophylla
Critoniopsis baadii,Asteraceae,Vernonioideae,NA
Tagetes erecta,Asteraceae,Asteroideae,NA
Barkleyanthus salicifolius,Asteraceae,Asteroideae,NA
Vernonia bealliae,Asteraceae,Vernonioideae,NA
Roldana pennellii pennellii,Asteraceae,Asteroideae,pennellii
Vernonia bealliae,Asteraceae,Vernonioideae,NA
Vernonia bealliae,Asteraceae,Vernonioideae,NA
Perityle microglossa microglossa,Asteraceae,Asteroideae,microglossa
Roldana michoacana,Asteraceae,Asteroideae,NA
Telanthophora grandifolia grandifolia,Asteraceae,Asteroideae,grandifolia
Psacalium peltatum peltatum,Asteraceae,Asteroideae,peltatum
Thymophylla setifolia,Asteraceae,Asteroideae,NA
Digitacalia crypta,Asteraceae,Asteroideae,NA
Thymophylla pentachaeta pentachaeta,Asteraceae,Asteroideae,pentachaeta
Pseudelephantopus spicatus,Asteraceae,Vernonioideae,NA
Leiboldia serrata,Asteraceae,Vernonioideae,NA
Leiboldia serrata,Asteraceae,Vernonioideae,NA
Senecio toluccanus,Asteraceae,Asteroideae,NA
Senecio toluccanus,Asteraceae,Asteroideae,NA
Tagetes lucida,Asteraceae,Asteroideae,NA
Dyssodia tagetiflora,Asteraceae,Asteroideae,NA
Vernonia bealliae,Asteraceae,Vernonioideae,NA
Porophyllum linaria,Asteraceae,Asteroideae,NA
Porophyllum linaria,Asteraceae,Asteroideae,NA
Tagetes foetidissima,Asteraceae,Asteroideae,NA
Tagetes stenophylla,Asteraceae,Asteroideae,NA
Roldana aschenborniana,Asteraceae,Asteroideae,NA
Barkleyanthus salicifolius,Asteraceae,Asteroideae,NA
Telanthophora andrieuxii,Asteraceae,Asteroideae,NA
Pittocaulon velatum velatum,Asteraceae,Asteroideae,velatum
Roldana angulifolia,Asteraceae,Asteroideae,NA
Vernonanthura serratuloides,Asteraceae,Vernonioideae,NA
Roldana barba-johannis,Asteraceae,Asteroideae,NA
Pseudelephantopus spicatus,Asteraceae,Vernonioideae,NA
Roldana angulifolia,Asteraceae,Asteroideae,NA
Psacalium cirsiifolium,Asteraceae,Asteroideae,NA
Barkleyanthus salicifolius,Asteraceae,Asteroideae,NA
Vernonanthura liatroides,Asteraceae,Vernonioideae,NA
Psacalium megaphyllum,Asteraceae,Asteroideae,NA
Roldana heracleifolia,Asteraceae,Asteroideae,NA
Senecio flaccidus flaccidus,Asteraceae,Asteroideae,flaccidus
Trixis angustifolia,Asteraceae,Mutisioideae,NA
Adenophyllum porophyllum cancellatum,Asteraceae,Asteroideae,cancellatum
Tagetes erecta,Asteraceae,Asteroideae,NA
Roldana albonervia,Asteraceae,Asteroideae,NA
Tagetes subulata,Asteraceae,Asteroideae,NA
Tagetes lucida,Asteraceae,Asteroideae,NA
Roldana sessilifolia,Asteraceae,Asteroideae,NA
Psacalium sinuatum,Asteraceae,Asteroideae,NA
Porophyllum viridiflorum,Asteraceae,Asteroideae,NA
Roldana heracleifolia,Asteraceae,Asteroideae,NA
Porophyllum viridiflorum,Asteraceae,Asteroideae,NA
Tagetes lunulata,Asteraceae,Asteroideae,NA
Vernonanthura cordata,Asteraceae,Vernonioideae,NA
Roldana angulifolia,Asteraceae,Asteroideae,NA
Roldana barba-johannis,Asteraceae,Asteroideae,NA
Roldana angulifolia,Asteraceae,Asteroideae,NA
Roldana platanifolia,Asteraceae,Asteroideae,NA
Senecio toluccanus,Asteraceae,Asteroideae,NA
Roldana lineolata,Asteraceae,Asteroideae,NA
Roldana angulifolia,Asteraceae,Asteroideae,NA
Roldana lineolata,Asteraceae,Asteroideae,NA
Roldana reticulata,Asteraceae,Asteroideae,NA
Roldana lineolata,Asteraceae,Asteroideae,NA
Packera coahuilensis,Asteraceae,Asteroideae,NA
Packera coahuilensis,Asteraceae,Asteroideae,NA
Porophyllum scoparium,Asteraceae,Asteroideae,NA
Gaillardia comosa,Asteraceae,Asteroideae,NA
Packera millelobata,Asteraceae,Asteroideae,NA
Roldana acutangula,Asteraceae,Asteroideae,NA
Dyssodia pinnata glabrescens,Asteraceae,Asteroideae,glabrescens
Thymophylla setifolia,Asteraceae,Asteroideae,NA
Chrysactinia mexicana,Asteraceae,Asteroideae,NA
Tagetes lucida,Asteraceae,Asteroideae,NA
Tagetes lucida,Asteraceae,Asteroideae,NA
Dyssodia pinnata glabrescens,Asteraceae,Asteroideae,glabrescens
Chrysactinia mexicana,Asteraceae,Asteroideae,NA
Thymophylla pentachaeta pentachaeta,Asteraceae,Asteroideae,pentachaeta
Vernonia greggii,Asteraceae,Vernonioideae,NA
Bolanosa coulteri,Asteraceae,Vernonioideae,NA
Roldana aschenborniana,Asteraceae,Asteroideae,NA
Tagetes micrantha,Asteraceae,Asteroideae,NA
Tagetes filifolia,Asteraceae,Asteroideae,NA
Emilia sonchifolia,Asteraceae,Asteroideae,NA
Lepidaploa tortuosa,Asteraceae,Vernonioideae,NA
Villasenoria orcuttii,Asteraceae,Asteroideae,NA
Villasenoria orcuttii,Asteraceae,Asteroideae,NA
Piptocarpha chontalensis,Asteraceae,Vernonioideae,NA
Tagetes erecta,Asteraceae,Asteroideae,NA
Senecio callosus,Asteraceae,Asteroideae,NA
Barkleyanthus salicifolius,Asteraceae,Asteroideae,NA
Senecio cinerarioides,Asteraceae,Asteroideae,NA
Roldana aschenborniana,Asteraceae,Asteroideae,NA
Porophyllum viridiflorum,Asteraceae,Asteroideae,NA
Porophyllum viridiflorum,Asteraceae,Asteroideae,NA
Senecio argutus,Asteraceae,Asteroideae,NA
Adenophyllum porophyllum cancellatum,Asteraceae,Asteroideae,cancellatum
Porophyllum punctatum,Asteraceae,Asteroideae,NA
Senecio flaccidus flaccidus,Asteraceae,Asteroideae,flaccidus
Tagetes jaliscensis,Asteraceae,Asteroideae,NA
Tagetes pringlei,Asteraceae,Asteroideae,NA
Vernonia bealliae,Asteraceae,Vernonioideae,NA
Telanthophora jaliscana,Asteraceae,Asteroideae,NA
Roldana barba-johannis,Asteraceae,Asteroideae,NA
Senecio argutus,Asteraceae,Asteroideae,NA
Senecio argutus,Asteraceae,Asteroideae,NA
Roldana aschenborniana,Asteraceae,Asteroideae,NA
Vernonanthura cordata,Asteraceae,Vernonioideae,NA
Psacalium sinuatum,Asteraceae,Asteroideae,NA
Psacalium sinuatum,Asteraceae,Asteroideae,NA
Tagetes coronopifolia,Asteraceae,Asteroideae,NA
Tagetes coronopifolia,Asteraceae,Asteroideae,NA
Roldana michoacana,Asteraceae,Asteroideae,NA
Dyssodia tagetiflora,Asteraceae,Asteroideae,NA
Senecio polypodioides,Asteraceae,Asteroideae,NA
Senecio bracteatus,Asteraceae,Asteroideae,NA
Vernonia karvinskiana inuloides,Asteraceae,Vernonioideae,inuloides
Senecio polypodioides,Asteraceae,Asteroideae,NA
Porophyllum macrocephalum,Asteraceae,Asteroideae,NA
Porophyllum macrocephalum,Asteraceae,Asteroideae,NA
Tagetes erecta,Asteraceae,Asteroideae,NA
Barkleyanthus salicifolius,Asteraceae,Asteroideae,NA
Tagetes erecta,Asteraceae,Asteroideae,NA
Porophyllum maritimum,Asteraceae,Asteroideae,NA
Senecio vulgaris,Asteraceae,Asteroideae,NA
Roldana aschenborniana,Asteraceae,Asteroideae,NA
Critoniopsis obtusa,Asteraceae,Vernonioideae,NA
Critoniopsis foliosa,Asteraceae,Vernonioideae,NA
Roldana reticulata,Asteraceae,Asteroideae,NA
Adenophyllum porophyllum cancellatum,Asteraceae,Asteroideae,cancellatum
Dyssodia papposa,Asteraceae,Asteroideae,NA
Pectis multiflosculosa,Asteraceae,Asteroideae,NA
Packera coahuilensis,Asteraceae,Asteroideae,NA
Senecio flaccidus flaccidus,Asteraceae,Asteroideae,flaccidus
Dyssodia papposa,Asteraceae,Asteroideae,NA
Schkuhria pinnata wislizeni,Asteraceae,Asteroideae,wislizeni
Bahia glandulosa,Asteraceae,Asteroideae,NA
Roldana michoacana,Asteraceae,Asteroideae,NA
Critoniopsis leiocarpa,Asteraceae,Vernonioideae,NA
Critoniopsis leiocarpa,Asteraceae,Vernonioideae,NA
Porophyllum coloratum obtusifolium,Asteraceae,Asteroideae,obtusifolium
Telanthophora standleyi,Asteraceae,Asteroideae,NA
Vernonanthura liatroides,Asteraceae,Vernonioideae,NA
Psacalium globosum,Asteraceae,Asteroideae,NA
Senecio carnerensis,Asteraceae,Asteroideae,NA
Vernonia greggii,Asteraceae,Vernonioideae,NA
Tagetes jaliscensis,Asteraceae,Asteroideae,NA
Pittocaulon praecox,Asteraceae,Asteroideae,NA
Tagetes lucida,Asteraceae,Asteroideae,NA
Pittocaulon praecox,Asteraceae,Asteroideae,NA
Tagetes tenuifolia,Asteraceae,Asteroideae,NA
Barkleyanthus salicifolius,Asteraceae,Asteroideae,NA
Psacalium sinuatum,Asteraceae,Asteroideae,NA
Psacalium sinuatum,Asteraceae,Asteroideae,NA
Porophyllum punctatum,Asteraceae,Asteroideae,NA
Senecio deppeanus,Asteraceae,Asteroideae,NA
Pittocaulon velatum velatum,Asteraceae,Asteroideae,velatum
Pectis prostrata,Asteraceae,Asteroideae,NA
Porophyllum macrocephalum,Asteraceae,Asteroideae,NA
Senecio flaccidus flaccidus,Asteraceae,Asteroideae,flaccidus
Vernonia greggii,Asteraceae,Vernonioideae,NA
Packera coahuilensis,Asteraceae,Asteroideae,NA
Vernonia alamanii,Asteraceae,Vernonioideae,NA
Roldana angulifolia,Asteraceae,Asteroideae,NA
Senecio callosus,Asteraceae,Asteroideae,NA
Roldana barba-johannis,Asteraceae,Asteroideae,NA
Roldana angulifolia,Asteraceae,Asteroideae,NA
Packera bellidifolia,Asteraceae,Asteroideae,NA
Robinsonecio gerberifolius,Asteraceae,Asteroideae,NA
Robinsonecio gerberifolius,Asteraceae,Asteroideae,NA
Senecio mairetianus,Asteraceae,Asteroideae,NA
Senecio mairetianus,Asteraceae,Asteroideae,NA
Senecio argutus,Asteraceae,Asteroideae,NA
Psacalium radulifolium,Asteraceae,Asteroideae,NA
Roldana aschenborniana,Asteraceae,Asteroideae,NA
Adenophyllum porophyllum cancellatum,Asteraceae,Asteroideae,cancellatum
Psacalium poculiferum,Asteraceae,Asteroideae,NA
Senecio californicus,Asteraceae,Asteroideae,NA
Psacalium amplum,Asteraceae,Asteroideae,NA
Senecio californicus,Asteraceae,Asteroideae,NA
Packera sanguisorbae,Asteraceae,Asteroideae,NA
Roldana platanifolia,Asteraceae,Asteroideae,NA
Psacalium filicifolium,Asteraceae,Asteroideae,NA
Packera bellidifolia,Asteraceae,Asteroideae,NA
Thymophylla pentachaeta pentachaeta,Asteraceae,Asteroideae,pentachaeta
Roldana guadalajarensis,Asteraceae,Asteroideae,NA
Roldana guadalajarensis,Asteraceae,Asteroideae,NA
Adenophyllum aurantium,Asteraceae,Asteroideae,NA
Senecio toluccanus,Asteraceae,Asteroideae,NA
Roldana barba-johannis,Asteraceae,Asteroideae,NA
Senecio mulgediifolius,Asteraceae,Asteroideae,NA
Psacalium decompositum,Asteraceae,Asteroideae,NA
Vernonia alamanii,Asteraceae,Vernonioideae,NA
Roldana nesomiorum,Asteraceae,Asteroideae,NA
Senecio mairetianus,Asteraceae,Asteroideae,NA
Vernonia alamanii,Asteraceae,Vernonioideae,NA
Barkleyanthus salicifolius,Asteraceae,Asteroideae,NA
Tagetes micrantha,Asteraceae,Asteroideae,NA
Vernonanthura cordata,Asteraceae,Vernonioideae,NA
Vernonanthura cordata,Asteraceae,Vernonioideae,NA
Barkleyanthus salicifolius,Asteraceae,Asteroideae,NA
Psacalium amplum,Asteraceae,Asteroideae,NA
Roldana hartwegii,Asteraceae,Asteroideae,NA
Pippenalia delphiniifolia,Asteraceae,Asteroideae,NA
Psacalium peltatum peltatum,Asteraceae,Asteroideae,peltatum
Porophyllum gracile,Asteraceae,Asteroideae,NA
Porophyllum punctatum,Asteraceae,Asteroideae,NA
Senecio callosus,Asteraceae,Asteroideae,NA
Critoniopsis autumnalis,Asteraceae,Vernonioideae,NA
Senecio callosus,Asteraceae,Asteroideae,NA
Senecio callosus,Asteraceae,Asteroideae,NA
Pseudogynoxys haenkei,Asteraceae,Asteroideae,NA
Erechtites valerianifolius,Asteraceae,Asteroideae,NA
Pseudelephantopus spicatus,Asteraceae,Vernonioideae,NA
Erechtites hieracifolia cacalioides,Asteraceae,NA,cacalioides
Psacalium peltatum peltatum,Asteraceae,Asteroideae,peltatum
Pseudelephantopus spicatus,Asteraceae,Vernonioideae,NA
Packera sanguisorbae,Asteraceae,Asteroideae,NA
Pectis coulteri,Asteraceae,Asteroideae,NA
Barkleyanthus salicifolius,Asteraceae,Asteroideae,NA
Senecio pinacatensis,Asteraceae,Asteroideae,NA
Pseudelephantopus spicatus,Asteraceae,Vernonioideae,NA
Lagascea rigida,Asteraceae,Asteroideae,NA
Pectis haenkeana,Asteraceae,Asteroideae,NA
Dyssodia tagetiflora,Asteraceae,Asteroideae,NA
Porophyllum macrocephalum,Asteraceae,Asteroideae,NA
Dyssodia tagetiflora,Asteraceae,Asteroideae,NA
Roldana aschenborniana,Asteraceae,Asteroideae,NA
Roldana grimesii,Asteraceae,Asteroideae,NA
Packera sanguisorbae,Asteraceae,Asteroideae,NA
Packera sanguisorbae,Asteraceae,Asteroideae,NA
Psacalium peltatum peltatum,Asteraceae,Asteroideae,peltatum
Pentacalia guerrerensis,Asteraceae,Asteroideae,NA
Roldana lineolata,Asteraceae,Asteroideae,NA
Roldana lineolata,Asteraceae,Asteroideae,NA
Senecio picridis,Asteraceae,Asteroideae,NA
Tagetes lucida,Asteraceae,Asteroideae,NA
Tagetes foetidissima,Asteraceae,Asteroideae,NA
Senecio callosus,Asteraceae,Asteroideae,NA
Tagetes micrantha,Asteraceae,Asteroideae,NA
Senecio andrieuxii,Asteraceae,Asteroideae,NA
Senecio callosus,Asteraceae,Asteroideae,NA
Psacalium amplifolium,Asteraceae,Asteroideae,NA
Tagetes lucida,Asteraceae,Asteroideae,NA
Vernonanthura serratuloides,Asteraceae,Vernonioideae,NA
Vernonanthura serratuloides,Asteraceae,Vernonioideae,NA
Critoniopsis tomentosa,Asteraceae,Vernonioideae,NA
Roldana aschenborniana,Asteraceae,Asteroideae,NA
Psacalium peltatum adenophorum,Asteraceae,Asteroideae,adenophorum
Roldana pennellii pennellii,Asteraceae,Asteroideae,pennellii
Dyssodia tagetiflora,Asteraceae,Asteroideae,NA
Tagetes coronopifolia,Asteraceae,Asteroideae,NA
Thymophylla setifolia,Asteraceae,Asteroideae,NA
Dyssodia tagetiflora,Asteraceae,Asteroideae,NA
Packera scalaris carmenensis,Asteraceae,Asteroideae,carmenensis
Barkleyanthus salicifolius,Asteraceae,Asteroideae,NA
Barkleyanthus salicifolius,Asteraceae,Asteroideae,NA
Barkleyanthus salicifolius,Asteraceae,Asteroideae,NA
Barkleyanthus salicifolius,Asteraceae,Asteroideae,NA
Barkleyanthus salicifolius,Asteraceae,Asteroideae,NA
Cyanthillium cinereum,Asteraceae,Vernonioideae,NA
Vernonanthura serratuloides,Asteraceae,Vernonioideae,NA
Psacalium megaphyllum,Asteraceae,Asteroideae,NA
Psacalium sharpii,Asteraceae,Asteroideae,NA
Adenophyllum porophyllum cancellatum,Asteraceae,Asteroideae,cancellatum
Senecio stoechadiformis,Asteraceae,Asteroideae,NA
Adenophyllum porophyllum cancellatum,Asteraceae,Asteroideae,cancellatum
Senecio stoechadiformis,Asteraceae,Asteroideae,NA
Roldana lobata,Asteraceae,Asteroideae,NA
Barkleyanthus salicifolius,Asteraceae,Asteroideae,NA
Roldana lobata,Asteraceae,Asteroideae,NA
Psacalium cirsiifolium,Asteraceae,Asteroideae,NA
Roldana lobata,Asteraceae,Asteroideae,NA
Senecio deppeanus,Asteraceae,Asteroideae,NA
Pseudogynoxys haenkei,Asteraceae,Asteroideae,NA
Dyssodia pinnata glabrescens,Asteraceae,Asteroideae,glabrescens
Erechtites valerianifolius,Asteraceae,Asteroideae,NA
Erechtites valerianifolius,Asteraceae,Asteroideae,NA
Packera zimapanica,Asteraceae,Asteroideae,NA
Tagetes lucida,Asteraceae,Asteroideae,NA
Packera sanguisorbae,Asteraceae,Asteroideae,NA
Digitacalia chiapensis,Asteraceae,Asteroideae,NA
Packera scalaris parrasiana,Asteraceae,Asteroideae,parrasiana
Acourtia parryi,Asteraceae,Mutisioideae,NA
Acourtia nana,Asteraceae,Mutisioideae,NA
Roldana guadalajarensis,Asteraceae,Asteroideae,NA
Pseudelephantopus spicatus,Asteraceae,Vernonioideae,NA
Psacalium pachyphyllum,Asteraceae,Asteroideae,NA
Roldana pennellii pennellii,Asteraceae,Asteroideae,pennellii
Telanthophora uspantanensis,Asteraceae,Asteroideae,NA
Senecio runcinatus,Asteraceae,Asteroideae,NA
Roldana aschenborniana,Asteraceae,Asteroideae,NA
Tagetes filifolia,Asteraceae,Asteroideae,NA
Dyssodia pinnata glabrescens,Asteraceae,Asteroideae,glabrescens
Packera sanguisorbae,Asteraceae,Asteroideae,NA
Roldana oaxacana,Asteraceae,Asteroideae,NA
Adenophyllum speciosum,Asteraceae,Asteroideae,NA
Dyssodia tagetiflora,Asteraceae,Asteroideae,NA
Perityle microglossa microglossa,Asteraceae,Asteroideae,microglossa
Senecio callosus,Asteraceae,Asteroideae,NA
Senecio callosus,Asteraceae,Asteroideae,NA
Packera bellidifolia,Asteraceae,Asteroideae,NA
Tagetes subulata,Asteraceae,Asteroideae,NA
Tagetes subulata,Asteraceae,Asteroideae,NA
Porophyllum linaria,Asteraceae,Asteroideae,NA
Psacalium peltatum adenophorum,Asteraceae,Asteroideae,adenophorum
Critoniopsis autumnalis,Asteraceae,Vernonioideae,NA
Roldana lineolata,Asteraceae,Asteroideae,NA
Thymophylla pentachaeta hartwegii,Asteraceae,Asteroideae,hartwegii
Chrysactinia mexicana,Asteraceae,Asteroideae,NA
Dyssodia papposa,Asteraceae,Asteroideae,NA
Dyssodia tagetiflora,Asteraceae,Asteroideae,NA
Dyssodia tagetiflora,Asteraceae,Asteroideae,NA
Lepidospartum squamatum,Asteraceae,Asteroideae,NA
Critoniopsis baadii,Asteraceae,Vernonioideae,NA
Tagetes jaliscensis,Asteraceae,Asteroideae,NA
Roldana suffulta,Asteraceae,Asteroideae,NA
Tagetes micrantha,Asteraceae,Asteroideae,NA
Critoniopsis baadii,Asteraceae,Vernonioideae,NA
Roldana suffulta,Asteraceae,Asteroideae,NA
Roldana suffulta,Asteraceae,Asteroideae,NA
Oxypappus scaber,Asteraceae,Asteroideae,NA
Vernonanthura patens,Asteraceae,Vernonioideae,NA
Vernonanthura patens,Asteraceae,Vernonioideae,NA
Vernonanthura patens,Asteraceae,Vernonioideae,NA
Erechtites valerianifolius,Asteraceae,Asteroideae,NA
Vernonia bealliae,Asteraceae,Vernonioideae,NA
Packera bellidifolia,Asteraceae,Asteroideae,NA
Chrysactinia mexicana,Asteraceae,Asteroideae,NA
Dyssodia pinnata pinnata,Asteraceae,Asteroideae,pinnata
Tagetes erecta,Asteraceae,Asteroideae,NA
Tagetes erecta,Asteraceae,Asteroideae,NA
Lepidaploa tortuosa,Asteraceae,Vernonioideae,NA
Roldana heracleifolia,Asteraceae,Asteroideae,NA
Roldana barba-johannis,Asteraceae,Asteroideae,NA
Roldana platanifolia,Asteraceae,Asteroideae,NA
Barkleyanthus salicifolius,Asteraceae,Asteroideae,NA
Erechtites hieracifolia cacalioides,Asteraceae,NA,cacalioides
Packera coahuilensis,Asteraceae,Asteroideae,NA
Senecio madrensis,Asteraceae,Asteroideae,NA
Senecio loratifolius,Asteraceae,Asteroideae,NA
Thymophylla pentachaeta pentachaeta,Asteraceae,Asteroideae,pentachaeta
Bahia absinthifolia dealbata,Asteraceae,Asteroideae,dealbata
Roldana pennellii pennellii,Asteraceae,Asteroideae,pennellii
Barkleyanthus salicifolius,Asteraceae,Asteroideae,NA
Schkuhria pinnata wislizeni,Asteraceae,Asteroideae,wislizeni
Barkleyanthus salicifolius,Asteraceae,Asteroideae,NA
Senecio callosus,Asteraceae,Asteroideae,NA
Dyssodia tagetiflora,Asteraceae,Asteroideae,NA
Vernonanthura cordata,Asteraceae,Vernonioideae,NA
Roldana aschenborniana,Asteraceae,Asteroideae,NA
Tagetes filifolia,Asteraceae,Asteroideae,NA
Melampodium divaricatum,Asteraceae,Asteroideae,NA
Melampodium microcephalum,Asteraceae,Asteroideae,NA
Roldana aschenborniana,Asteraceae,Asteroideae,NA
Psacalium decompositum,Asteraceae,Asteroideae,NA
Adenophyllum porophyllum porophyllum,Asteraceae,Asteroideae,porophyllum
Roldana neogibsonii,Asteraceae,Asteroideae,NA
Packera coahuilensis,Asteraceae,Asteroideae,NA
Critoniopsis heydeana,Asteraceae,Vernonioideae,NA
Senecio picridis,Asteraceae,Asteroideae,NA
Senecio flaccidus flaccidus,Asteraceae,Asteroideae,flaccidus
Porophyllum viridiflorum,Asteraceae,Asteroideae,NA
Porophyllum viridiflorum,Asteraceae,Asteroideae,NA
Psacalium napellifolium,Asteraceae,Asteroideae,NA
Chrysactinia mexicana,Asteraceae,Asteroideae,NA
Roldana robinsoniana,Asteraceae,Asteroideae,NA
Senecio argutus,Asteraceae,Asteroideae,NA
Psacalium pentaflorum,Asteraceae,Asteroideae,NA
Elephantopus mollis,Asteraceae,Vernonioideae,NA
Barkleyanthus salicifolius,Asteraceae,Asteroideae,NA
Pectis prostrata,Asteraceae,Asteroideae,NA
Pectis prostrata,Asteraceae,Asteroideae,NA
Vernonanthura serratuloides,Asteraceae,Vernonioideae,NA
Packera scalaris carmenensis,Asteraceae,Asteroideae,carmenensis
Senecio parryi,Asteraceae,Asteroideae,NA
Tagetes lucida,Asteraceae,Asteroideae,NA
Acourtia turbinata,Asteraceae,Mutisioideae,NA
Psacalium sinuatum,Asteraceae,Asteroideae,NA
Psacalium sinuatum,Asteraceae,Asteroideae,NA
Pectis prostrata,Asteraceae,Asteroideae,NA
Roldana angulifolia,Asteraceae,Asteroideae,NA
Telanthophora grandifolia grandifolia,Asteraceae,Asteroideae,grandifolia
Barkleyanthus salicifolius,Asteraceae,Asteroideae,NA
Psacalium platylepis,Asteraceae,Asteroideae,NA
Psacalium platylepis,Asteraceae,Asteroideae,NA
Roldana lobata,Asteraceae,Asteroideae,NA
Dyssodia tagetiflora,Asteraceae,Asteroideae,NA
Perityle microglossa microglossa,Asteraceae,Asteroideae,microglossa
Tagetes jaliscensis,Asteraceae,Asteroideae,NA
Digitacalia jatrophoides jatrophoides,Asteraceae,Asteroideae,jatrophoides
Roldana sessilifolia,Asteraceae,Asteroideae,NA
Packera sanguisorbae,Asteraceae,Asteroideae,NA
Senecio stoechadiformis,Asteraceae,Asteroideae,NA
Senecio callosus,Asteraceae,Asteroideae,NA
Roldana angulifolia,Asteraceae,Asteroideae,NA
Telanthophora andrieuxii,Asteraceae,Asteroideae,NA
Roldana angulifolia,Asteraceae,Asteroideae,NA
Roldana angulifolia,Asteraceae,Asteroideae,NA
Psacalium pentaflorum,Asteraceae,Asteroideae,NA
Senecio deppeanus,Asteraceae,Asteroideae,NA
Pittocaulon bombycophole,Asteraceae,Asteroideae,NA
Nicolletia trifida,Asteraceae,Asteroideae,NA
Pittocaulon praecox,Asteraceae,Asteroideae,NA
Critoniopsis pugana,Asteraceae,Vernonioideae,NA
Psacalium sinuatum,Asteraceae,Asteroideae,NA
Psacalium sinuatum,Asteraceae,Asteroideae,NA
Senecio mairetianus,Asteraceae,Asteroideae,NA
Senecio lasiocaulon,Asteraceae,Asteroideae,NA
Porophyllum macrocephalum,Asteraceae,Asteroideae,NA
Psacalium amplum,Asteraceae,Asteroideae,NA
Senecio toluccanus,Asteraceae,Asteroideae,NA
Vernonia bealliae,Asteraceae,Vernonioideae,NA
Vernonanthura serratuloides,Asteraceae,Vernonioideae,NA
Critoniopsis foliosa,Asteraceae,Vernonioideae,NA
Roldana pennellii pennellii,Asteraceae,Asteroideae,pennellii
Roldana pennellii pennellii,Asteraceae,Asteroideae,pennellii
Roldana pennellii pennellii,Asteraceae,Asteroideae,pennellii
Tagetes coronopifolia,Asteraceae,Asteroideae,NA
Roldana cristobalensis,Asteraceae,Asteroideae,NA
Roldana suffulta,Asteraceae,Asteroideae,NA
Adenophyllum porophyllum cancellatum,Asteraceae,Asteroideae,cancellatum
Psacalium palmeri,Asteraceae,Asteroideae,NA
Vernonia bealliae,Asteraceae,Vernonioideae,NA
Senecio alvarezensis,Asteraceae,Asteroideae,NA
Pittocaulon praecox,Asteraceae,Asteroideae,NA
Senecio alvarezensis,Asteraceae,Asteroideae,NA
Pittocaulon praecox,Asteraceae,Asteroideae,NA
Roldana aschenborniana,Asteraceae,Asteroideae,NA
Vernonia alamanii,Asteraceae,Vernonioideae,NA
Senecio flaccidus monoensis,Asteraceae,Asteroideae,monoensis
Psacalium cronquistiorum,Asteraceae,Asteroideae,NA
Senecio billieturneri,Asteraceae,Asteroideae,NA
Senecio billieturneri,Asteraceae,Asteroideae,NA
Psacalium globosum,Asteraceae,Asteroideae,NA
Psacalium sinuatum,Asteraceae,Asteroideae,NA
Psacalium cronquistiorum,Asteraceae,Asteroideae,NA
Packera rosei,Asteraceae,Asteroideae,NA
Senecio billieturneri,Asteraceae,Asteroideae,NA
Psacalium sinuatum,Asteraceae,Asteroideae,NA
Psacalium globosum,Asteraceae,Asteroideae,NA
Psacalium sinuatum,Asteraceae,Asteroideae,NA
Senecio actinella,Asteraceae,Asteroideae,NA
Psacalium globosum,Asteraceae,Asteroideae,NA
Dyssodia tagetiflora,Asteraceae,Asteroideae,NA
Adenophyllum porophyllum cancellatum,Asteraceae,Asteroideae,cancellatum
Roldana guadalajarensis,Asteraceae,Asteroideae,NA
Roldana lineolata,Asteraceae,Asteroideae,NA
Packera bellidifolia,Asteraceae,Asteroideae,NA
Roldana barba-johannis,Asteraceae,Asteroideae,NA
Pectis elongata fasciculiflora,Asteraceae,Asteroideae,fasciculiflora
Psacalium goldsmithii,Asteraceae,Asteroideae,NA
Roldana sartorii,Asteraceae,Asteroideae,NA
Packera coahuilensis,Asteraceae,Asteroideae,NA
Roldana angulifolia,Asteraceae,Asteroideae,NA
Roldana platanifolia,Asteraceae,Asteroideae,NA
Porophyllum macrocephalum,Asteraceae,Asteroideae,NA
Senecio spartioides,Asteraceae,Asteroideae,NA
Thymophylla tenuifolia,Asteraceae,Asteroideae,NA
Vernonanthura patens,Asteraceae,Vernonioideae,NA
Pectis prostrata,Asteraceae,Asteroideae,NA
Porophyllum macrocephalum,Asteraceae,Asteroideae,NA
Vernonia bealliae,Asteraceae,Vernonioideae,NA
Vernonia bealliae,Asteraceae,Vernonioideae,NA
Elephantopus mollis,Asteraceae,Vernonioideae,NA
Dyssodia tagetiflora,Asteraceae,Asteroideae,NA
Vernonia bealliae,Asteraceae,Vernonioideae,NA
Tagetes erecta,Asteraceae,Asteroideae,NA
Senecio stoechadiformis,Asteraceae,Asteroideae,NA
Hydropectis stevensii,Asteraceae,Asteroideae,NA
Psacalium globosum,Asteraceae,Asteroideae,NA
Psacalium globosum,Asteraceae,Asteroideae,NA
Psacalium amplifolium,Asteraceae,Asteroideae,NA
Psacalium holwayanum,Asteraceae,Asteroideae,NA
Roldana barba-johannis,Asteraceae,Asteroideae,NA
Erechtites hieracifolia cacalioides,Asteraceae,NA,cacalioides
Adenophyllum porophyllum cancellatum,Asteraceae,Asteroideae,cancellatum
Porophyllum macrocephalum,Asteraceae,Asteroideae,NA
Senecio runcinatus,Asteraceae,Asteroideae,NA
Pseudelephantopus spicatus,Asteraceae,Vernonioideae,NA
Roldana angulifolia,Asteraceae,Asteroideae,NA
Dyssodia tagetiflora,Asteraceae,Asteroideae,NA
Senecio californicus,Asteraceae,Asteroideae,NA
Critoniopsis uniflora,Asteraceae,Vernonioideae,NA
Porophyllum macrocephalum,Asteraceae,Asteroideae,NA
Adenophyllum porophyllum cancellatum,Asteraceae,Asteroideae,cancellatum
Senecio vulgaris,Asteraceae,Asteroideae,NA
Senecio vulgaris,Asteraceae,Asteroideae,NA
Psacalium radulifolium,Asteraceae,Asteroideae,NA
Adenophyllum squamosum,Asteraceae,Asteroideae,NA
Vernonanthura cordata,Asteraceae,Vernonioideae,NA
Barkleyanthus salicifolius,Asteraceae,Asteroideae,NA
Perityle microglossa microglossa,Asteraceae,Asteroideae,microglossa
Barkleyanthus salicifolius,Asteraceae,Asteroideae,NA
Packera montereyana,Asteraceae,Asteroideae,NA
Senecio platypus,Asteraceae,Asteroideae,NA
Senecio platypus,Asteraceae,Asteroideae,NA
Vernonia greggii,Asteraceae,Vernonioideae,NA
Vernonia greggii,Asteraceae,Vernonioideae,NA
Roldana sessilifolia,Asteraceae,Asteroideae,NA
Chrysactinia mexicana,Asteraceae,Asteroideae,NA
Thymophylla setifolia,Asteraceae,Asteroideae,NA
Dyssodia papposa,Asteraceae,Asteroideae,NA
Vernonia greggii,Asteraceae,Vernonioideae,NA
Barkleyanthus salicifolius,Asteraceae,Asteroideae,NA
Senecio bartlettii,Asteraceae,Asteroideae,NA
Senecio barkleyi,Asteraceae,Asteroideae,NA
Vernonia alamanii,Asteraceae,Vernonioideae,NA
Roldana aschenborniana,Asteraceae,Asteroideae,NA
Barkleyanthus salicifolius,Asteraceae,Asteroideae,NA
Senecio riddellii,Asteraceae,Asteroideae,NA
Tagetes erecta,Asteraceae,Asteroideae,NA
Adenophyllum porophyllum cancellatum,Asteraceae,Asteroideae,cancellatum
Selloa plantaginea,Asteraceae,Asteroideae,NA
Senecio procumbens,Asteraceae,Asteroideae,NA
Senecio iodanthus,Asteraceae,Asteroideae,NA
Osbertia stolonifera,Asteraceae,Asteroideae,NA
Thymophylla pentachaeta pentachaeta,Asteraceae,Asteroideae,pentachaeta
Lepidaploa canescens,Asteraceae,Vernonioideae,NA
Roldana heracleifolia,Asteraceae,Asteroideae,NA
Lepidaploa canescens,Asteraceae,Vernonioideae,NA
Pectis stenophylla,Asteraceae,Asteroideae,NA
Psacalium poculiferum,Asteraceae,Asteroideae,NA
Erechtites valerianifolius,Asteraceae,Asteroideae,NA
Piptocarpha poeppigiana,Asteraceae,Vernonioideae,NA
Critoniopsis oolepis,Asteraceae,Vernonioideae,NA
Roldana lanicaulis,Asteraceae,Asteroideae,NA
Senecio madrensis,Asteraceae,Asteroideae,NA
Pippenalia delphiniifolia,Asteraceae,Asteroideae,NA
Psacalium sinuatum,Asteraceae,Asteroideae,NA
Senecio flaccidus flaccidus,Asteraceae,Asteroideae,flaccidus
Roldana chapalensis,Asteraceae,Asteroideae,NA
Pippenalia delphiniifolia,Asteraceae,Asteroideae,NA
Psacalium poculiferum,Asteraceae,Asteroideae,NA
Roldana chapalensis,Asteraceae,Asteroideae,NA
Critoniopsis foliosa,Asteraceae,Vernonioideae,NA
Psacalium peltatum peltatum,Asteraceae,Asteroideae,peltatum
Psacalium megaphyllum,Asteraceae,Asteroideae,NA
Psacalium peltatum peltatum,Asteraceae,Asteroideae,peltatum
Pippenalia delphiniifolia,Asteraceae,Asteroideae,NA
Psacalium sinuatum,Asteraceae,Asteroideae,NA
Pippenalia delphiniifolia,Asteraceae,Asteroideae,NA
Barkleyanthus salicifolius,Asteraceae,Asteroideae,NA
Vernonanthura cordata,Asteraceae,Vernonioideae,NA
Vernonanthura cordata,Asteraceae,Vernonioideae,NA
Erechtites hieracifolia cacalioides,Asteraceae,NA,cacalioides
Pseudogynoxys chenopodioides chenopodioides,Asteraceae,Asteroideae,chenopodioides
Pseudogynoxys chenopodioides chenopodioides,Asteraceae,Asteroideae,chenopodioides
Pseudogynoxys chenopodioides cummingii,Asteraceae,Asteroideae,cummingii
Acourtia reticulata maculata,Asteraceae,Mutisioideae,maculata
Roldana sessilifolia,Asteraceae,Asteroideae,NA
Vernonia alamanii,Asteraceae,Vernonioideae,NA
Psacalium sinuatum,Asteraceae,Asteroideae,NA
Digitacalia jatrophoides jatrophoides,Asteraceae,Asteroideae,jatrophoides
Dyssodia papposa,Asteraceae,Asteroideae,NA
Leiboldia serrata,Asteraceae,Vernonioideae,NA
Barkleyanthus salicifolius,Asteraceae,Asteroideae,NA
Barkleyanthus salicifolius,Asteraceae,Asteroideae,NA
Tagetes micrantha,Asteraceae,Asteroideae,NA
Senecio stoechadiformis,Asteraceae,Asteroideae,NA
Senecio stoechadiformis,Asteraceae,Asteroideae,NA
Adenophyllum porophyllum cancellatum,Asteraceae,Asteroideae,cancellatum
Vernonanthura serratuloides,Asteraceae,Vernonioideae,NA
Roldana pennellii pennellii,Asteraceae,Asteroideae,pennellii
Critoniopsis foliosa,Asteraceae,Vernonioideae,NA
Packera candidissima,Asteraceae,Asteroideae,NA
Psacalium tabulare,Asteraceae,Asteroideae,NA
Barkleyanthus salicifolius,Asteraceae,Asteroideae,NA
Barkleyanthus salicifolius,Asteraceae,Asteroideae,NA
Roldana barba-johannis,Asteraceae,Asteroideae,NA
Telanthophora jaliscana,Asteraceae,Asteroideae,NA
Dyssodia tagetiflora,Asteraceae,Asteroideae,NA
Dyssodia tagetiflora,Asteraceae,Asteroideae,NA
Psacalium palmeri,Asteraceae,Asteroideae,NA
Psacalium palmeri,Asteraceae,Asteroideae,NA
Roldana aschenborniana,Asteraceae,Asteroideae,NA
Tagetes erecta,Asteraceae,Asteroideae,NA
Tagetes erecta,Asteraceae,Asteroideae,NA
Roldana barba-johannis,Asteraceae,Asteroideae,NA
Roldana reticulata,Asteraceae,Asteroideae,NA
Roldana barba-johannis,Asteraceae,Asteroideae,NA
Critoniopsis macphersonii,Asteraceae,Vernonioideae,NA
Senecio flaccidus monoensis,Asteraceae,Asteroideae,monoensis
Porophyllum viridiflorum,Asteraceae,Asteroideae,NA
Adenophyllum porophyllum cancellatum,Asteraceae,Asteroideae,cancellatum
Psacalium tabulare,Asteraceae,Asteroideae,NA
Tagetes persicifolia,Asteraceae,Asteroideae,NA
Vernonanthura cordata,Asteraceae,Vernonioideae,NA
Tagetes foetidissima,Asteraceae,Asteroideae,NA
Tagetes tenuifolia,Asteraceae,Asteroideae,NA
Pippenalia delphiniifolia,Asteraceae,Asteroideae,NA
Roldana angulifolia,Asteraceae,Asteroideae,NA
Sinclairia cervina,Asteraceae,Vernonioideae,NA
Packera bellidifolia,Asteraceae,Asteroideae,NA
Critoniopsis tomentosa,Asteraceae,Vernonioideae,NA
Pippenalia delphiniifolia,Asteraceae,Asteroideae,NA
Packera bellidifolia,Asteraceae,Asteroideae,NA
Roldana mexicana,Asteraceae,Asteroideae,NA
Roldana mexicana,Asteraceae,Asteroideae,NA
Psacalium peltatum peltatum,Asteraceae,Asteroideae,peltatum
Galeana pratensis,Asteraceae,Asteroideae,NA
Vernonanthura serratuloides,Asteraceae,Vernonioideae,NA
Roldana hartwegii,Asteraceae,Asteroideae,NA
Packera bellidifolia,Asteraceae,Asteroideae,NA
Critoniopsis villaregalis,Asteraceae,Vernonioideae,NA
Delilia biflora,Asteraceae,Asteroideae,NA
Critoniopsis villaregalis,Asteraceae,Vernonioideae,NA
Barkleyanthus salicifolius,Asteraceae,Asteroideae,NA
Tagetes pringlei,Asteraceae,Asteroideae,NA
Roldana aschenborniana,Asteraceae,Asteroideae,NA
Dyssodia papposa,Asteraceae,Asteroideae,NA
Adenophyllum porophyllum cancellatum,Asteraceae,Asteroideae,cancellatum
Adenophyllum porophyllum cancellatum,Asteraceae,Asteroideae,cancellatum
Dyssodia papposa,Asteraceae,Asteroideae,NA
Adenophyllum porophyllum cancellatum,Asteraceae,Asteroideae,cancellatum
Dyssodia tagetiflora,Asteraceae,Asteroideae,NA
Dyssodia papposa,Asteraceae,Asteroideae,NA
Vernonanthura serratuloides,Asteraceae,Vernonioideae,NA
Adenophyllum porophyllum cancellatum,Asteraceae,Asteroideae,cancellatum
Trixis hyposericea,Asteraceae,Mutisioideae,NA
Perityle trichodonta,Asteraceae,Asteroideae,NA
Digitacalia jatrophoides pentaloba,Asteraceae,Asteroideae,pentaloba
Psacalium amplifolium,Asteraceae,Asteroideae,NA
Psacalium sinuatum,Asteraceae,Asteroideae,NA
Porophyllum linaria,Asteraceae,Asteroideae,NA
Pectis multiflosculosa,Asteraceae,Asteroideae,NA
Telanthophora grandifolia grandifolia,Asteraceae,Asteroideae,grandifolia
Roldana schaffneri,Asteraceae,Asteroideae,NA
Roldana suffulta,Asteraceae,Asteroideae,NA
Elephantopus mollis,Asteraceae,Vernonioideae,NA
Tagetes erecta,Asteraceae,Asteroideae,NA
Lepidaploa tortuosa,Asteraceae,Vernonioideae,NA
Senecio powellii,Asteraceae,Asteroideae,NA
Porophyllum macrocephalum,Asteraceae,Asteroideae,NA
Pseudelephantopus spicatus,Asteraceae,Vernonioideae,NA
Vernonia bealliae,Asteraceae,Vernonioideae,NA
Dyssodia tagetiflora,Asteraceae,Asteroideae,NA
Vernonanthura serratuloides,Asteraceae,Vernonioideae,NA
Dyssodia decipiens,Asteraceae,Asteroideae,NA
Vernonanthura serratuloides,Asteraceae,Vernonioideae,NA
Psacalium sinuatum,Asteraceae,Asteroideae,NA
Senecio callosus,Asteraceae,Asteroideae,NA
Roldana barba-johannis,Asteraceae,Asteroideae,NA
Roldana barba-johannis,Asteraceae,Asteroideae,NA
Vernonia bealliae,Asteraceae,Vernonioideae,NA
Vernonia bealliae,Asteraceae,Vernonioideae,NA
Vernonia bealliae,Asteraceae,Vernonioideae,NA
Barkleyanthus salicifolius,Asteraceae,Asteroideae,NA
Erechtites valerianifolius,Asteraceae,Asteroideae,NA
Senecio bracteatus,Asteraceae,Asteroideae,NA
Senecio actinella,Asteraceae,Asteroideae,NA
Bolanosa coulteri,Asteraceae,Vernonioideae,NA
Critoniopsis foliosa,Asteraceae,Vernonioideae,NA
Senecio stoechadiformis,Asteraceae,Asteroideae,NA
Pectis prostrata,Asteraceae,Asteroideae,NA
Thymophylla micropoides,Asteraceae,Asteroideae,NA
Pentacalia guerrerensis,Asteraceae,Asteroideae,NA
Senecio californicus,Asteraceae,Asteroideae,NA
Pseudogynoxys chenopodioides cummingii,Asteraceae,Asteroideae,cummingii
Porophyllum punctatum,Asteraceae,Asteroideae,NA
Tagetes erecta,Asteraceae,Asteroideae,NA
Roldana albonervia,Asteraceae,Asteroideae,NA
Psacalium tabulare,Asteraceae,Asteroideae,NA
Psacalium sinuatum,Asteraceae,Asteroideae,NA
Adenophyllum porophyllum cancellatum,Asteraceae,Asteroideae,cancellatum
Dyssodia tagetiflora,Asteraceae,Asteroideae,NA
Senecio stoechadiformis,Asteraceae,Asteroideae,NA
Vernonanthura cordata,Asteraceae,Vernonioideae,NA
Adenophyllum aurantium,Asteraceae,Asteroideae,NA
Psacalium radulifolium,Asteraceae,Asteroideae,NA
Senecio parryi,Asteraceae,Asteroideae,NA
Packera coahuilensis,Asteraceae,Asteroideae,NA
Senecio loratifolius,Asteraceae,Asteroideae,NA
Senecio cinerarioides,Asteraceae,Asteroideae,NA
Senecio mairetianus,Asteraceae,Asteroideae,NA
Erechtites hieracifolia cacalioides,Asteraceae,NA,cacalioides
Roldana angulifolia,Asteraceae,Asteroideae,NA
Vernonia karvinskiana inuloides,Asteraceae,Vernonioideae,inuloides
Packera candidissima,Asteraceae,Asteroideae,NA
Dyssodia tagetiflora,Asteraceae,Asteroideae,NA
Vernonanthura serratuloides,Asteraceae,Vernonioideae,NA
Roldana heracleifolia,Asteraceae,Asteroideae,NA
Senecio lemmonii,Asteraceae,Asteroideae,NA
Dyssodia papposa,Asteraceae,Asteroideae,NA
Acourtia turbinata,Asteraceae,Mutisioideae,NA
Barkleyanthus salicifolius,Asteraceae,Asteroideae,NA
Acourtia turbinata,Asteraceae,Mutisioideae,NA
Dyssodia tagetiflora,Asteraceae,Asteroideae,NA
Acourtia turbinata,Asteraceae,Mutisioideae,NA
Acourtia turbinata,Asteraceae,Mutisioideae,NA
Psacalium palmeri,Asteraceae,Asteroideae,NA
Porophyllum coloratum obtusifolium,Asteraceae,Asteroideae,obtusifolium
Pseudelephantopus spicatus,Asteraceae,Vernonioideae,NA
Senecio claryae,Asteraceae,Asteroideae,NA
Acourtia fruticosa,Asteraceae,Mutisioideae,NA
Dyssodia tagetiflora,Asteraceae,Asteroideae,NA
Adenophyllum porophyllum cancellatum,Asteraceae,Asteroideae,cancellatum
Pectis prostrata,Asteraceae,Asteroideae,NA
Senecio californicus,Asteraceae,Asteroideae,NA
Packera hintoniorum,Asteraceae,Asteroideae,NA
Senecio loratifolius,Asteraceae,Asteroideae,NA
Hymenoxys insignis,Asteraceae,Asteroideae,NA
Barkleyanthus salicifolius,Asteraceae,Asteroideae,NA
Pippenalia delphiniifolia,Asteraceae,Asteroideae,NA
Critoniopsis foliosa,Asteraceae,Vernonioideae,NA
Critoniopsis foliosa,Asteraceae,Vernonioideae,NA
Dyssodia tagetiflora,Asteraceae,Asteroideae,NA
Acmella oppositifolia,Asteraceae,Asteroideae,NA
Roldana gentryi,Asteraceae,Asteroideae,NA
Psacalium radulifolium,Asteraceae,Asteroideae,NA
Senecio viejoanus,Asteraceae,Asteroideae,NA
Roldana aschenborniana,Asteraceae,Asteroideae,NA
Senecio loratifolius,Asteraceae,Asteroideae,NA
Senecio loratifolius,Asteraceae,Asteroideae,NA
Senecio loratifolius,Asteraceae,Asteroideae,NA
Pectis multiflosculosa,Asteraceae,Asteroideae,NA
Psacalium peltatum peltatum,Asteraceae,Asteroideae,peltatum
Tagetes foetidissima,Asteraceae,Asteroideae,NA
Psacalium cronquistiorum,Asteraceae,Asteroideae,NA
Pseudelephantopus spicatus,Asteraceae,Vernonioideae,NA
Roldana lobata,Asteraceae,Asteroideae,NA
Barkleyanthus salicifolius,Asteraceae,Asteroideae,NA
Roldana lobata,Asteraceae,Asteroideae,NA
Vernonanthura liatroides,Asteraceae,Vernonioideae,NA
Vernonia greggii,Asteraceae,Vernonioideae,NA
Porophyllum amplexicaule,Asteraceae,Asteroideae,NA
Senecio flaccidus flaccidus,Asteraceae,Asteroideae,flaccidus
Pectis elongata fasciculiflora,Asteraceae,Asteroideae,fasciculiflora
Porophyllum macrocephalum,Asteraceae,Asteroideae,NA
Adenophyllum porophyllum cancellatum,Asteraceae,Asteroideae,cancellatum
Dyssodia tagetiflora,Asteraceae,Asteroideae,NA
Porophyllum punctatum,Asteraceae,Asteroideae,NA
Pectis multiflosculosa,Asteraceae,Asteroideae,NA
Pseudelephantopus spicatus,Asteraceae,Vernonioideae,NA
Pseudelephantopus spicatus,Asteraceae,Vernonioideae,NA
Roldana pennellii pennellii,Asteraceae,Asteroideae,pennellii
Roldana platanifolia,Asteraceae,Asteroideae,NA
Roldana barba-johannis,Asteraceae,Asteroideae,NA
Roldana platanifolia,Asteraceae,Asteroideae,NA
Roldana barba-johannis,Asteraceae,Asteroideae,NA
Senecio callosus,Asteraceae,Asteroideae,NA
Senecio callosus,Asteraceae,Asteroideae,NA
Critoniopsis foliosa,Asteraceae,Vernonioideae,NA
Psacalium peltatum adenophorum,Asteraceae,Asteroideae,adenophorum
Senecio viejoanus,Asteraceae,Asteroideae,NA
Tagetes subulata,Asteraceae,Asteroideae,NA
Adenophyllum porophyllum cancellatum,Asteraceae,Asteroideae,cancellatum
Psacalium radulifolium,Asteraceae,Asteroideae,NA
Porophyllum punctatum,Asteraceae,Asteroideae,NA
Adenophyllum porophyllum cancellatum,Asteraceae,Asteroideae,cancellatum
Helenium mexicanum,Asteraceae,Asteroideae,NA
Vernonanthura cordata,Asteraceae,Vernonioideae,NA
Adenophyllum aurantium,Asteraceae,Asteroideae,NA
Senecio cinerarioides,Asteraceae,Asteroideae,NA
Senecio cinerarioides,Asteraceae,Asteroideae,NA
Pittocaulon velatum velatum,Asteraceae,Asteroideae,velatum
Psacalium poculiferum,Asteraceae,Asteroideae,NA
Pectis prostrata,Asteraceae,Asteroideae,NA
Psacalium platylepis,Asteraceae,Asteroideae,NA
Vernonanthura serratuloides,Asteraceae,Vernonioideae,NA
Tagetes erecta,Asteraceae,Asteroideae,NA
Tagetes erecta,Asteraceae,Asteroideae,NA
Critoniopsis foliosa,Asteraceae,Vernonioideae,NA
Roldana cristobalensis,Asteraceae,Asteroideae,NA
Pseudelephantopus spicatus,Asteraceae,Vernonioideae,NA
Bolanosa coulteri,Asteraceae,Vernonioideae,NA
Trixis inula,Asteraceae,Mutisioideae,NA
Porophyllum punctatum,Asteraceae,Asteroideae,NA
Trixis pterocaulis,Asteraceae,Mutisioideae,NA
Pectis multiflosculosa,Asteraceae,Asteroideae,NA
Pippenalia delphiniifolia,Asteraceae,Asteroideae,NA
Vernonanthura cordata,Asteraceae,Vernonioideae,NA
Psacalium palmeri,Asteraceae,Asteroideae,NA
Adenophyllum porophyllum cancellatum,Asteraceae,Asteroideae,cancellatum
Psacalium peltatum conzattii,Asteraceae,Asteroideae,conzattii
Psacalium paucicapitatum,Asteraceae,Asteroideae,NA
Packera tampicana,Asteraceae,Asteroideae,NA
Porophyllum linaria,Asteraceae,Asteroideae,NA
Tagetes tenuifolia,Asteraceae,Asteroideae,NA
Packera sanguisorbae,Asteraceae,Asteroideae,NA
Packera sanguisorbae,Asteraceae,Asteroideae,NA
Elephantopus mollis,Asteraceae,Vernonioideae,NA
Vernonia alamanii,Asteraceae,Vernonioideae,NA
Packera sanguisorbae,Asteraceae,Asteroideae,NA
Senecio multidentatus multidentatus,Asteraceae,Asteroideae,multidentatus
Pectis multiflosculosa,Asteraceae,Asteroideae,NA
Adenophyllum porophyllum cancellatum,Asteraceae,Asteroideae,cancellatum
Adenophyllum anomalum,Asteraceae,Asteroideae,NA
Roldana oaxacana,Asteraceae,Asteroideae,NA
Psacalium cirsiifolium,Asteraceae,Asteroideae,NA
Melampodium microcephalum,Asteraceae,Asteroideae,NA
Pseudelephantopus spicatus,Asteraceae,Vernonioideae,NA
Pseudelephantopus spicatus,Asteraceae,Vernonioideae,NA
Barkleyanthus salicifolius,Asteraceae,Asteroideae,NA
Senecio cinerarioides,Asteraceae,Asteroideae,NA
Senecio argutus,Asteraceae,Asteroideae,NA
Tagetes erecta,Asteraceae,Asteroideae,NA
Packera bellidifolia,Asteraceae,Asteroideae,NA
Roldana albonervia,Asteraceae,Asteroideae,NA
Senecio cinerarioides,Asteraceae,Asteroideae,NA
Barkleyanthus salicifolius,Asteraceae,Asteroideae,NA
Packera bellidifolia,Asteraceae,Asteroideae,NA
Psacaliopsis paneroi juxtlahuacensis,Asteraceae,Asteroideae,juxtlahuacensis
Packera sanguisorbae,Asteraceae,Asteroideae,NA
Roldana barba-johannis,Asteraceae,Asteroideae,NA
Barkleyanthus salicifolius,Asteraceae,Asteroideae,NA
Pseudogynoxys haenkei,Asteraceae,Asteroideae,NA
Pectis exserta,Asteraceae,Asteroideae,NA
Pectis diffusa,Asteraceae,Asteroideae,NA
Roldana aschenborniana,Asteraceae,Asteroideae,NA
Roldana aschenborniana,Asteraceae,Asteroideae,NA
Telanthophora andrieuxii,Asteraceae,Asteroideae,NA
Senecio picridis,Asteraceae,Asteroideae,NA
Leiboldia serrata,Asteraceae,Vernonioideae,NA
Vernonia alamanii,Asteraceae,Vernonioideae,NA
Acourtia michoacana,Asteraceae,Mutisioideae,NA
Senecio cinerarioides,Asteraceae,Asteroideae,NA
Roldana platanifolia,Asteraceae,Asteroideae,NA
Psacalium tabulare,Asteraceae,Asteroideae,NA
Tagetes erecta,Asteraceae,Asteroideae,NA
Porophyllum macrocephalum,Asteraceae,Asteroideae,NA
Barkleyanthus salicifolius,Asteraceae,Asteroideae,NA
Roldana schaffneri,Asteraceae,Asteroideae,NA
Tagetes filifolia,Asteraceae,Asteroideae,NA
Digitacalia hintoniorum,Asteraceae,Asteroideae,NA
Roldana gentryi,Asteraceae,Asteroideae,NA
Porophyllum macrocephalum,Asteraceae,Asteroideae,NA
Senecio ritoveganus,Asteraceae,Asteroideae,NA
Tagetes lucida,Asteraceae,Asteroideae,NA
Digitacalia napeifolia,Asteraceae,Asteroideae,NA
Roldana sessilifolia,Asteraceae,Asteroideae,NA
Senecio stoechadiformis,Asteraceae,Asteroideae,NA
Senecio stoechadiformis,Asteraceae,Asteroideae,NA
Psacalium palmeri,Asteraceae,Asteroideae,NA
Senecio pinacatensis,Asteraceae,Asteroideae,NA
Adenophyllum squamosum,Asteraceae,Asteroideae,NA
Pseudelephantopus spicatus,Asteraceae,Vernonioideae,NA
Vernonanthura patens,Asteraceae,Vernonioideae,NA
Psacalium sharpii,Asteraceae,Asteroideae,NA
Roldana chapalensis,Asteraceae,Asteroideae,NA
Erechtites valerianifolius,Asteraceae,Asteroideae,NA
Packera sanguisorbae,Asteraceae,Asteroideae,NA
Erechtites valerianifolius,Asteraceae,Asteroideae,NA
Erechtites hieracifolia cacalioides,Asteraceae,NA,cacalioides
Tagetes filifolia,Asteraceae,Asteroideae,NA
Roldana heteroidea,Asteraceae,Asteroideae,NA
Senecio stoechadiformis,Asteraceae,Asteroideae,NA
Roldana sessilifolia,Asteraceae,Asteroideae,NA
Erechtites valerianifolius,Asteraceae,Asteroideae,NA
Barkleyanthus salicifolius,Asteraceae,Asteroideae,NA
Roldana pennellii pennellii,Asteraceae,Asteroideae,pennellii
Vernonia greggii,Asteraceae,Vernonioideae,NA
Psacalium sinuatum,Asteraceae,Asteroideae,NA
Tagetes foetidissima,Asteraceae,Asteroideae,NA
Roldana reticulata,Asteraceae,Asteroideae,NA
Psacalium megaphyllum,Asteraceae,Asteroideae,NA
Senecio callosus,Asteraceae,Asteroideae,NA
Psacalium brachycomum,Asteraceae,Asteroideae,NA
Tagetes tenuifolia,Asteraceae,Asteroideae,NA
Pittocaulon filare,Asteraceae,Asteroideae,NA
Dyssodia tagetiflora,Asteraceae,Asteroideae,NA
Chrysactinia mexicana,Asteraceae,Asteroideae,NA
Thymophylla pentachaeta pentachaeta,Asteraceae,Asteroideae,pentachaeta
Pseudogynoxys haenkei,Asteraceae,Asteroideae,NA
Barkleyanthus salicifolius,Asteraceae,Asteroideae,NA
Porophyllum linaria,Asteraceae,Asteroideae,NA
Thymophylla setifolia,Asteraceae,Asteroideae,NA
Senecio loratifolius,Asteraceae,Asteroideae,NA
Senecio madrensis,Asteraceae,Asteroideae,NA
Packera coahuilensis,Asteraceae,Asteroideae,NA
Senecio madrensis,Asteraceae,Asteroideae,NA
Senecio loratifolius,Asteraceae,Asteroideae,NA
Senecio carnerensis,Asteraceae,Asteroideae,NA
Packera millelobata,Asteraceae,Asteroideae,NA
Roldana pennellii pennellii,Asteraceae,Asteroideae,pennellii
Pseudelephantopus spicatus,Asteraceae,Vernonioideae,NA
Senecio deppeanus,Asteraceae,Asteroideae,NA
Telanthophora grandifolia grandifolia,Asteraceae,Asteroideae,grandifolia
Porophyllum viridiflorum,Asteraceae,Asteroideae,NA
Telanthophora grandifolia grandifolia,Asteraceae,Asteroideae,grandifolia
Tagetes foetidissima,Asteraceae,Asteroideae,NA
Senecio flaccidus monoensis,Asteraceae,Asteroideae,monoensis
Dyssodia tagetiflora,Asteraceae,Asteroideae,NA
Erechtites valerianifolius,Asteraceae,Asteroideae,NA
Senecio stoechadiformis,Asteraceae,Asteroideae,NA
Vernonia alamanii,Asteraceae,Vernonioideae,NA
Roldana heracleifolia,Asteraceae,Asteroideae,NA
Vernonanthura serratuloides,Asteraceae,Vernonioideae,NA
Dyssodia tagetiflora,Asteraceae,Asteroideae,NA
Dyssodia tagetiflora,Asteraceae,Asteroideae,NA
Senecio flaccidus monoensis,Asteraceae,Asteroideae,monoensis
Psacalium cirsiifolium,Asteraceae,Asteroideae,NA
Roldana pennellii pennellii,Asteraceae,Asteroideae,pennellii
Roldana pennellii pennellii,Asteraceae,Asteroideae,pennellii
Vernonanthura patens,Asteraceae,Vernonioideae,NA
Roldana cristobalensis,Asteraceae,Asteroideae,NA
Critoniopsis tomentosa,Asteraceae,Vernonioideae,NA
Roldana aschenborniana,Asteraceae,Asteroideae,NA
Roldana aschenborniana,Asteraceae,Asteroideae,NA
Roldana sartorii,Asteraceae,Asteroideae,NA
Bolanosa coulteri,Asteraceae,Vernonioideae,NA
Roldana pennellii pennellii,Asteraceae,Asteroideae,pennellii
Roldana angulifolia,Asteraceae,Asteroideae,NA
Tagetes erecta,Asteraceae,Asteroideae,NA
Erechtites valerianifolius,Asteraceae,Asteroideae,NA
Elephantopus mollis,Asteraceae,Vernonioideae,NA
Pittocaulon praecox,Asteraceae,Asteroideae,NA
Chrysactinia mexicana,Asteraceae,Asteroideae,NA
Senecio stoechadiformis,Asteraceae,Asteroideae,NA
Bahia pringlei,Asteraceae,Asteroideae,NA
Pectis prostrata,Asteraceae,Asteroideae,NA
Pectis prostrata,Asteraceae,Asteroideae,NA
Porophyllum macrocephalum,Asteraceae,Asteroideae,NA
Pectis prostrata,Asteraceae,Asteroideae,NA
Dyssodia tagetiflora,Asteraceae,Asteroideae,NA
Adenophyllum porophyllum cancellatum,Asteraceae,Asteroideae,cancellatum
Dyssodia papposa,Asteraceae,Asteroideae,NA
Vernonia alamanii,Asteraceae,Vernonioideae,NA
Critoniopsis foliosa,Asteraceae,Vernonioideae,NA
Psacalium pachyphyllum,Asteraceae,Asteroideae,NA
Pseudogynoxys chenopodioides chenopodioides,Asteraceae,Asteroideae,chenopodioides
Senecio flaccidus flaccidus,Asteraceae,Asteroideae,flaccidus
Vernonanthura cordata,Asteraceae,Vernonioideae,NA
Porophyllum punctatum,Asteraceae,Asteroideae,NA
Roldana nesomiorum,Asteraceae,Asteroideae,NA
Senecio flaccidus flaccidus,Asteraceae,Asteroideae,flaccidus
Senecio flaccidus flaccidus,Asteraceae,Asteroideae,flaccidus
Leiboldia serrata,Asteraceae,Vernonioideae,NA
Vernonanthura serratuloides,Asteraceae,Vernonioideae,NA
Senecio stoechadiformis,Asteraceae,Asteroideae,NA
Critoniopsis tomentosa,Asteraceae,Vernonioideae,NA
Dyssodia papposa,Asteraceae,Asteroideae,NA
Senecio mairetianus,Asteraceae,Asteroideae,NA
Senecio carnerensis,Asteraceae,Asteroideae,NA
Psacalium peltatum adenophorum,Asteraceae,Asteroideae,adenophorum
Senecio madrensis,Asteraceae,Asteroideae,NA
Packera coahuilensis,Asteraceae,Asteroideae,NA
Adenophyllum porophyllum porophyllum,Asteraceae,Asteroideae,porophyllum
Psacalium multilobum,Asteraceae,Asteroideae,NA
Dyssodia tagetiflora,Asteraceae,Asteroideae,NA
Packera scalaris parrasiana,Asteraceae,Asteroideae,parrasiana
Roldana reticulata,Asteraceae,Asteroideae,NA
Erechtites hieracifolia cacalioides,Asteraceae,NA,cacalioides
Critoniopsis uniflora,Asteraceae,Vernonioideae,NA
Thymophylla setifolia,Asteraceae,Asteroideae,NA
Adenophyllum speciosum,Asteraceae,Asteroideae,NA
Critoniopsis foliosa,Asteraceae,Vernonioideae,NA
Roldana heracleifolia,Asteraceae,Asteroideae,NA
Senecio heracleifolius,Asteraceae,Asteroideae,NA
Roldana lanicaulis,Asteraceae,Asteroideae,NA
Vernonanthura cordata,Asteraceae,Vernonioideae,NA
Packera bellidifolia,Asteraceae,Asteroideae,NA
Packera bellidifolia,Asteraceae,Asteroideae,NA
Roldana sessilifolia,Asteraceae,Asteroideae,NA
Packera sanguisorbae,Asteraceae,Asteroideae,NA
Barkleyanthus salicifolius,Asteraceae,Asteroideae,NA
Pippenalia delphiniifolia,Asteraceae,Asteroideae,NA
Vernonia bealliae,Asteraceae,Vernonioideae,NA
Packera bellidifolia,Asteraceae,Asteroideae,NA
Senecio callosus,Asteraceae,Asteroideae,NA
Dyssodia tagetiflora,Asteraceae,Asteroideae,NA
Adenophyllum porophyllum cancellatum,Asteraceae,Asteroideae,cancellatum
Florestina pedata,Asteraceae,Asteroideae,NA
Pectis prostrata,Asteraceae,Asteroideae,NA
Adenophyllum porophyllum cancellatum,Asteraceae,Asteroideae,cancellatum
Psacalium tussilaginoides,Asteraceae,Asteroideae,NA
Porophyllum punctatum,Asteraceae,Asteroideae,NA
Porophyllum punctatum,Asteraceae,Asteroideae,NA
Roldana aschenborniana,Asteraceae,Asteroideae,NA
Pseudelephantopus spicatus,Asteraceae,Vernonioideae,NA
Barkleyanthus salicifolius,Asteraceae,Asteroideae,NA
Senecio callosus,Asteraceae,Asteroideae,NA
Porophyllum linaria,Asteraceae,Asteroideae,NA
Roldana lineolata,Asteraceae,Asteroideae,NA
Erechtites hieracifolia cacalioides,Asteraceae,NA,cacalioides
Barkleyanthus salicifolius,Asteraceae,Asteroideae,NA
Barkleyanthus salicifolius,Asteraceae,Asteroideae,NA
Roldana aschenborniana,Asteraceae,Asteroideae,NA
Senecio stoechadiformis,Asteraceae,Asteroideae,NA
Melampodium perfoliatum,Asteraceae,Asteroideae,NA
Roldana lobata,Asteraceae,Asteroideae,NA
Tagetes filifolia,Asteraceae,Asteroideae,NA
Tagetes filifolia,Asteraceae,Asteroideae,NA
Roldana sessilifolia,Asteraceae,Asteroideae,NA
Erechtites hieracifolia cacalioides,Asteraceae,NA,cacalioides
Pseudelephantopus spicatus,Asteraceae,Vernonioideae,NA
Psacalium poculiferum,Asteraceae,Asteroideae,NA
Roldana aschenborniana,Asteraceae,Asteroideae,NA
Tagetes micrantha,Asteraceae,Asteroideae,NA
Roldana eriophylla,Asteraceae,Asteroideae,NA
Vernonanthura serratuloides,Asteraceae,Vernonioideae,NA
Thymophylla setifolia,Asteraceae,Asteroideae,NA
Pectis multiflosculosa,Asteraceae,Asteroideae,NA
Porophyllum punctatum,Asteraceae,Asteroideae,NA
Vernonia alamanii,Asteraceae,Vernonioideae,NA
Roldana lineolata,Asteraceae,Asteroideae,NA
Senecio callosus,Asteraceae,Asteroideae,NA
Roldana lineolata,Asteraceae,Asteroideae,NA
Roldana albonervia,Asteraceae,Asteroideae,NA
Senecio callosus,Asteraceae,Asteroideae,NA
Senecio callosus,Asteraceae,Asteroideae,NA
Roldana aschenborniana,Asteraceae,Asteroideae,NA
Porophyllum viridiflorum,Asteraceae,Asteroideae,NA
Senecio flaccidus monoensis,Asteraceae,Asteroideae,monoensis
Roldana albonervia,Asteraceae,Asteroideae,NA
Pseudogynoxys haenkei,Asteraceae,Asteroideae,NA
Roldana aschenborniana,Asteraceae,Asteroideae,NA
Packera sanguisorbae,Asteraceae,Asteroideae,NA
Roldana aschenborniana,Asteraceae,Asteroideae,NA
Roldana angulifolia,Asteraceae,Asteroideae,NA
Porophyllum punctatum,Asteraceae,Asteroideae,NA
Critoniopsis tomentosa,Asteraceae,Vernonioideae,NA
Barkleyanthus salicifolius,Asteraceae,Asteroideae,NA
Senecio deppeanus,Asteraceae,Asteroideae,NA
Digitacalia napeifolia,Asteraceae,Asteroideae,NA
Digitacalia napeifolia,Asteraceae,Asteroideae,NA
Senecio conzattii,Asteraceae,Asteroideae,NA
Senecio bracteatus,Asteraceae,Asteroideae,NA
Porophyllum macrocephalum,Asteraceae,Asteroideae,NA
Psacalium poculiferum,Asteraceae,Asteroideae,NA
Roldana aschenborniana,Asteraceae,Asteroideae,NA
Adenophyllum porophyllum cancellatum,Asteraceae,Asteroideae,cancellatum
Porophyllum punctatum,Asteraceae,Asteroideae,NA
Roldana platanifolia,Asteraceae,Asteroideae,NA
Dyssodia tagetiflora,Asteraceae,Asteroideae,NA
Pseudelephantopus spicatus,Asteraceae,Vernonioideae,NA
Dyssodia tagetiflora,Asteraceae,Asteroideae,NA
Senecio toluccanus,Asteraceae,Asteroideae,NA
Senecio flaccidus flaccidus,Asteraceae,Asteroideae,flaccidus
Tagetes lucida,Asteraceae,Asteroideae,NA
Roldana barba-johannis,Asteraceae,Asteroideae,NA
Barkleyanthus salicifolius,Asteraceae,Asteroideae,NA
Dyssodia tagetiflora,Asteraceae,Asteroideae,NA
Porophyllum macrocephalum,Asteraceae,Asteroideae,NA
Bolanosa coulteri,Asteraceae,Vernonioideae,NA
Porophyllum macrocephalum,Asteraceae,Asteroideae,NA
Adenophyllum porophyllum porophyllum,Asteraceae,Asteroideae,porophyllum
Dyssodia tagetiflora,Asteraceae,Asteroideae,NA
Adenophyllum porophyllum cancellatum,Asteraceae,Asteroideae,cancellatum
Barkleyanthus salicifolius,Asteraceae,Asteroideae,NA
Vernonia greggii,Asteraceae,Vernonioideae,NA
Vernonia greggii,Asteraceae,Vernonioideae,NA
Vernonia greggii,Asteraceae,Vernonioideae,NA
Jaliscoa pringlei,Asteraceae,Asteroideae,NA
Vernonanthura cordata,Asteraceae,Vernonioideae,NA
Tagetes foetidissima,Asteraceae,Asteroideae,NA
Tagetes filifolia,Asteraceae,Asteroideae,NA
Tagetes filifolia,Asteraceae,Asteroideae,NA
Tagetes foetidissima,Asteraceae,Asteroideae,NA
Roldana lineolata,Asteraceae,Asteroideae,NA
Vernonia bealliae,Asteraceae,Vernonioideae,NA
Tagetes micrantha,Asteraceae,Asteroideae,NA
Senecio parryi,Asteraceae,Asteroideae,NA
Tagetes lucida,Asteraceae,Asteroideae,NA
Roldana cristobalensis,Asteraceae,Asteroideae,NA
Erechtites valerianifolius,Asteraceae,Asteroideae,NA
Erechtites valerianifolius,Asteraceae,Asteroideae,NA
Roldana acutangula,Asteraceae,Asteroideae,NA
Senecio roseus,Asteraceae,Asteroideae,NA
Robinsonecio gerberifolius,Asteraceae,Asteroideae,NA
Senecio callosus,Asteraceae,Asteroideae,NA
Senecio mairetianus,Asteraceae,Asteroideae,NA
Pittocaulon velatum velatum,Asteraceae,Asteroideae,velatum
Vernonia bealliae,Asteraceae,Vernonioideae,NA
Critoniopsis foliosa,Asteraceae,Vernonioideae,NA
Critoniopsis foliosa,Asteraceae,Vernonioideae,NA
Critoniopsis triflosculosa,Asteraceae,Vernonioideae,NA
Adenophyllum porophyllum cancellatum,Asteraceae,Asteroideae,cancellatum
Dyssodia tagetiflora,Asteraceae,Asteroideae,NA
Adenophyllum porophyllum porophyllum,Asteraceae,Asteroideae,porophyllum
Telanthophora andrieuxii,Asteraceae,Asteroideae,NA
Psacalium peltigerum peltigerum,Asteraceae,Asteroideae,peltigerum
Senecio cinerarioides,Asteraceae,Asteroideae,NA
Senecio cinerarioides,Asteraceae,Asteroideae,NA
Porophyllum macrocephalum,Asteraceae,Asteroideae,NA
Dyssodia decipiens,Asteraceae,Asteroideae,NA
Tagetes lunulata,Asteraceae,Asteroideae,NA
Psacalium sinuatum,Asteraceae,Asteroideae,NA
Porophyllum punctatum,Asteraceae,Asteroideae,NA
Tagetes nelsonii,Asteraceae,Asteroideae,NA
Senecio doratophyllus,Asteraceae,Asteroideae,NA
Tagetes filifolia,Asteraceae,Asteroideae,NA
Vernonanthura serratuloides,Asteraceae,Vernonioideae,NA
Vernonia bealliae,Asteraceae,Vernonioideae,NA
Psacalium cirsiifolium,Asteraceae,Asteroideae,NA
Psacalium platylepis,Asteraceae,Asteroideae,NA
Vernonanthura serratuloides,Asteraceae,Vernonioideae,NA
Roldana heracleifolia,Asteraceae,Asteroideae,NA
Vernonanthura serratuloides,Asteraceae,Vernonioideae,NA
Barkleyanthus salicifolius,Asteraceae,Asteroideae,NA
Telanthophora grandifolia grandifolia,Asteraceae,Asteroideae,grandifolia
Pectis multiflosculosa,Asteraceae,Asteroideae,NA
Roldana angulifolia,Asteraceae,Asteroideae,NA
Roldana lobata,Asteraceae,Asteroideae,NA
Porophyllum macrocephalum,Asteraceae,Asteroideae,NA
Vernonanthura liatroides,Asteraceae,Vernonioideae,NA
Senecio spartioides,Asteraceae,Asteroideae,NA
Roldana hartwegii,Asteraceae,Asteroideae,NA
Roldana cordovensis,Asteraceae,Asteroideae,NA
Roldana lanicaulis,Asteraceae,Asteroideae,NA
Dyssodia tagetiflora,Asteraceae,Asteroideae,NA
Dyssodia tagetiflora,Asteraceae,Asteroideae,NA
Psacalium sinuatum,Asteraceae,Asteroideae,NA
Chrysactinia mexicana,Asteraceae,Asteroideae,NA
Bahia absinthifolia absinthifolia,Asteraceae,Asteroideae,absinthifolia
Thymophylla setifolia,Asteraceae,Asteroideae,NA
Pectis exserta,Asteraceae,Asteroideae,NA
Pectis multiflosculosa,Asteraceae,Asteroideae,NA
Psacalium pringlei,Asteraceae,Asteroideae,NA
Barkleyanthus salicifolius,Asteraceae,Asteroideae,NA
Tagetes erecta,Asteraceae,Asteroideae,NA
Psacalium palmeri,Asteraceae,Asteroideae,NA
Vernonanthura serratuloides,Asteraceae,Vernonioideae,NA
Critoniopsis foliosa,Asteraceae,Vernonioideae,NA
Vernonia steetzii,Asteraceae,Vernonioideae,NA
Roldana sessilifolia,Asteraceae,Asteroideae,NA
Psacalium sinuatum,Asteraceae,Asteroideae,NA
Tagetes lucida,Asteraceae,Asteroideae,NA
Roldana sessilifolia,Asteraceae,Asteroideae,NA
Acourtia fruticosa,Asteraceae,Mutisioideae,NA
Roldana lobata,Asteraceae,Asteroideae,NA
Porophyllum macrocephalum,Asteraceae,Asteroideae,NA
Roldana michoacana,Asteraceae,Asteroideae,NA
Vernonanthura serratuloides,Asteraceae,Vernonioideae,NA
Senecio stoechadiformis,Asteraceae,Asteroideae,NA
Senecio stoechadiformis,Asteraceae,Asteroideae,NA
Thymophylla setifolia,Asteraceae,Asteroideae,NA
Acourtia wrightii,Asteraceae,Mutisioideae,NA
Vernonia alamanii,Asteraceae,Vernonioideae,NA
Dyssodia tagetiflora,Asteraceae,Asteroideae,NA
Dyssodia tagetiflora,Asteraceae,Asteroideae,NA
Telanthophora grandifolia grandifolia,Asteraceae,Asteroideae,grandifolia
Barkleyanthus salicifolius,Asteraceae,Asteroideae,NA
Barkleyanthus salicifolius,Asteraceae,Asteroideae,NA
Vernonanthura serratuloides,Asteraceae,Vernonioideae,NA
Roldana heracleifolia,Asteraceae,Asteroideae,NA
Senecio flaccidus flaccidus,Asteraceae,Asteroideae,flaccidus
Roldana hartwegii,Asteraceae,Asteroideae,NA
Adenophyllum porophyllum porophyllum,Asteraceae,Asteroideae,porophyllum
Porophyllum coloratum obtusifolium,Asteraceae,Asteroideae,obtusifolium
Critoniopsis autumnalis,Asteraceae,Vernonioideae,NA
Critoniopsis autumnalis,Asteraceae,Vernonioideae,NA
Critoniopsis autumnalis,Asteraceae,Vernonioideae,NA
Roldana cristobalensis,Asteraceae,Asteroideae,NA
Porophyllum linaria,Asteraceae,Asteroideae,NA
Tagetes tenuifolia,Asteraceae,Asteroideae,NA
Roldana lineolata,Asteraceae,Asteroideae,NA
Thymophylla aurantiaca,Asteraceae,Asteroideae,NA
Roldana hederoides,Asteraceae,Asteroideae,NA
Psacalium decompositum,Asteraceae,Asteroideae,NA
Roldana aschenborniana,Asteraceae,Asteroideae,NA
Telanthophora grandifolia grandifolia,Asteraceae,Asteroideae,grandifolia
Roldana robinsoniana,Asteraceae,Asteroideae,NA
Pseudogynoxys haenkei,Asteraceae,Asteroideae,NA
Barkleyanthus salicifolius,Asteraceae,Asteroideae,NA
Packera rosei,Asteraceae,Asteroideae,NA
Packera rosei,Asteraceae,Asteroideae,NA
Packera rosei,Asteraceae,Asteroideae,NA
Adenophyllum speciosum,Asteraceae,Asteroideae,NA
Psacalium sharpii,Asteraceae,Asteroideae,NA
Vernonanthura serratuloides,Asteraceae,Vernonioideae,NA
Roldana barba-johannis,Asteraceae,Asteroideae,NA
Roldana cristobalensis,Asteraceae,Asteroideae,NA
Dyssodia decipiens,Asteraceae,Asteroideae,NA
Dyssodia papposa,Asteraceae,Asteroideae,NA
Packera quebradensis,Asteraceae,Asteroideae,NA
Psacalium sinuatum,Asteraceae,Asteroideae,NA
Tagetes erecta,Asteraceae,Asteroideae,NA
Roldana barba-johannis,Asteraceae,Asteroideae,NA
Senecio doratophyllus,Asteraceae,Asteroideae,NA
Senecio deformis,Asteraceae,Asteroideae,NA
Nicolletia trifida,Asteraceae,Asteroideae,NA
Tagetes lucida,Asteraceae,Asteroideae,NA
Porophyllum linaria,Asteraceae,Asteroideae,NA
Pippenalia delphiniifolia,Asteraceae,Asteroideae,NA
Digitacalia jatrophoides jatrophoides,Asteraceae,Asteroideae,jatrophoides
Pittocaulon filare,Asteraceae,Asteroideae,NA
Senecio stoechadiformis,Asteraceae,Asteroideae,NA
Senecio stoechadiformis,Asteraceae,Asteroideae,NA
Psacalium decompositum,Asteraceae,Asteroideae,NA
Dyssodia tagetiflora,Asteraceae,Asteroideae,NA
Dyssodia tagetiflora,Asteraceae,Asteroideae,NA
Roldana sessilifolia,Asteraceae,Asteroideae,NA
Roldana sessilifolia,Asteraceae,Asteroideae,NA
Psacalium pringlei,Asteraceae,Asteroideae,NA
Psacalium eriocarpum,Asteraceae,Asteroideae,NA
Dyssodia papposa,Asteraceae,Asteroideae,NA
Tagetes coronopifolia,Asteraceae,Asteroideae,NA
Bahia pringlei,Asteraceae,Asteroideae,NA
Senecio stoechadiformis,Asteraceae,Asteroideae,NA
Senecio picridis,Asteraceae,Asteroideae,NA
Senecio stoechadiformis,Asteraceae,Asteroideae,NA
Digitacalia chiapensis,Asteraceae,Asteroideae,NA
Roldana reticulata,Asteraceae,Asteroideae,NA
Roldana lineolata,Asteraceae,Asteroideae,NA
Senecio callosus,Asteraceae,Asteroideae,NA
Roldana reticulata,Asteraceae,Asteroideae,NA
Roldana reticulata,Asteraceae,Asteroideae,NA
Porophyllum punctatum,Asteraceae,Asteroideae,NA
Dyssodia tagetiflora,Asteraceae,Asteroideae,NA
Dyssodia tagetiflora,Asteraceae,Asteroideae,NA
Perityle microglossa microglossa,Asteraceae,Asteroideae,microglossa
Roldana cristobalensis,Asteraceae,Asteroideae,NA
Senecio flaccidus flaccidus,Asteraceae,Asteroideae,flaccidus
Vernonia alamanii,Asteraceae,Vernonioideae,NA
Roldana michoacana,Asteraceae,Asteroideae,NA
Senecio mulgediifolius,Asteraceae,Asteroideae,NA
Senecio stoechadiformis,Asteraceae,Asteroideae,NA
Pseudogynoxys haenkei,Asteraceae,Asteroideae,NA
Tagetes linifolia,Asteraceae,Asteroideae,NA
Senecio mulgediifolius,Asteraceae,Asteroideae,NA
Psacalium decompositum,Asteraceae,Asteroideae,NA
Thymophylla pentachaeta pentachaeta,Asteraceae,Asteroideae,pentachaeta
Porophyllum linaria,Asteraceae,Asteroideae,NA
Senecio actinella,Asteraceae,Asteroideae,NA
Psacalium brachycomum,Asteraceae,Asteroideae,NA
Packera sanguisorbae,Asteraceae,Asteroideae,NA
Psacalium goldsmithii,Asteraceae,Asteroideae,NA
Roldana sessilifolia,Asteraceae,Asteroideae,NA
Vernonanthura serratuloides,Asteraceae,Vernonioideae,NA
Roldana sessilifolia,Asteraceae,Asteroideae,NA
Senecio cedrosensis,Asteraceae,Asteroideae,NA
Senecio aphanactis,Asteraceae,Asteroideae,NA
Senecio cedrosensis,Asteraceae,Asteroideae,NA
Senecio aphanactis,Asteraceae,Asteroideae,NA
Senecio cedrosensis,Asteraceae,Asteroideae,NA
Senecio aphanactis,Asteraceae,Asteroideae,NA
Vernonia alamanii,Asteraceae,Vernonioideae,NA
Critoniopsis tomentosa,Asteraceae,Vernonioideae,NA
Digitacalia jatrophoides jatrophoides,Asteraceae,Asteroideae,jatrophoides
Psacalium megaphyllum,Asteraceae,Asteroideae,NA
Roldana lanicaulis,Asteraceae,Asteroideae,NA
Roldana lanicaulis,Asteraceae,Asteroideae,NA
Roldana platanifolia,Asteraceae,Asteroideae,NA
Roldana platanifolia,Asteraceae,Asteroideae,NA
Roldana lanicaulis,Asteraceae,Asteroideae,NA
Roldana lanicaulis,Asteraceae,Asteroideae,NA
Pseudogynoxys chenopodioides chenopodioides,Asteraceae,Asteroideae,chenopodioides
Telanthophora andrieuxii,Asteraceae,Asteroideae,NA
Telanthophora andrieuxii,Asteraceae,Asteroideae,NA
Critoniopsis foliosa,Asteraceae,Vernonioideae,NA
Senecio flaccidus flaccidus,Asteraceae,Asteroideae,flaccidus
Vernonia alamanii,Asteraceae,Vernonioideae,NA
Vernonia alamanii,Asteraceae,Vernonioideae,NA
Roldana aschenborniana,Asteraceae,Asteroideae,NA
Vernonia alamanii,Asteraceae,Vernonioideae,NA
Telanthophora uspantanensis,Asteraceae,Asteroideae,NA
Roldana aschenborniana,Asteraceae,Asteroideae,NA
Adenophyllum porophyllum cancellatum,Asteraceae,Asteroideae,cancellatum
Roldana platanifolia,Asteraceae,Asteroideae,NA
Senecio callosus,Asteraceae,Asteroideae,NA
Senecio callosus,Asteraceae,Asteroideae,NA
Porophyllum punctatum,Asteraceae,Asteroideae,NA
Vernonanthura serratuloides,Asteraceae,Vernonioideae,NA
Roldana mexicana,Asteraceae,Asteroideae,NA
Vernonia greggii,Asteraceae,Vernonioideae,NA
Chrysactinia mexicana,Asteraceae,Asteroideae,NA
Thymophylla acerosa,Asteraceae,Asteroideae,NA
Pseudelephantopus spicatus,Asteraceae,Vernonioideae,NA
Telanthophora liebmannii,Asteraceae,Asteroideae,NA
Adenophyllum porophyllum cancellatum,Asteraceae,Asteroideae,cancellatum
Vernonanthura serratuloides,Asteraceae,Vernonioideae,NA
Roldana aschenborniana,Asteraceae,Asteroideae,NA
Adenophyllum porophyllum cancellatum,Asteraceae,Asteroideae,cancellatum
Roldana heracleifolia,Asteraceae,Asteroideae,NA
Senecio flaccidus monoensis,Asteraceae,Asteroideae,monoensis
Jaliscoa paleacea,Asteraceae,Asteroideae,NA
Vernonanthura cordata,Asteraceae,Vernonioideae,NA
Roldana angulifolia,Asteraceae,Asteroideae,NA
Roldana cristobalensis,Asteraceae,Asteroideae,NA
Erechtites valerianifolius,Asteraceae,Asteroideae,NA
Psacalium cirsiifolium,Asteraceae,Asteroideae,NA
Psacalium cirsiifolium,Asteraceae,Asteroideae,NA
Roldana breedlovei,Asteraceae,Asteroideae,NA
Roldana heterogama,Asteraceae,Asteroideae,NA
Psacalium peltatum peltatum,Asteraceae,Asteroideae,peltatum
Psacalium peltatum peltatum,Asteraceae,Asteroideae,peltatum
Psacalium eriocarpum,Asteraceae,Asteroideae,NA
Roldana michoacana,Asteraceae,Asteroideae,NA
Tagetes micrantha,Asteraceae,Asteroideae,NA
Packera bellidifolia,Asteraceae,Asteroideae,NA
Adenophyllum porophyllum porophyllum,Asteraceae,Asteroideae,porophyllum
Roldana angulifolia,Asteraceae,Asteroideae,NA
Dyssodia papposa,Asteraceae,Asteroideae,NA
Vernonanthura patens,Asteraceae,Vernonioideae,NA
Barkleyanthus salicifolius,Asteraceae,Asteroideae,NA
Porophyllum coloratum coloratum,Asteraceae,Asteroideae,coloratum
Psacalium pringlei,Asteraceae,Asteroideae,NA
Vernonanthura serratuloides,Asteraceae,Vernonioideae,NA
Roldana barba-johannis,Asteraceae,Asteroideae,NA
Barkleyanthus salicifolius,Asteraceae,Asteroideae,NA
Vernonanthura serratuloides,Asteraceae,Vernonioideae,NA
Senecio roseus,Asteraceae,Asteroideae,NA
Packera tampicana,Asteraceae,Asteroideae,NA
Packera tampicana,Asteraceae,Asteroideae,NA
Packera tampicana,Asteraceae,Asteroideae,NA
Dyssodia tagetiflora,Asteraceae,Asteroideae,NA
Roldana eriophylla,Asteraceae,Asteroideae,NA
Psacalium peltatum peltatum,Asteraceae,Asteroideae,peltatum
Critoniopsis baadii,Asteraceae,Vernonioideae,NA
Psacalium megaphyllum,Asteraceae,Asteroideae,NA
Critoniopsis foliosa,Asteraceae,Vernonioideae,NA
Psacalium amplum,Asteraceae,Asteroideae,NA
Barkleyanthus salicifolius,Asteraceae,Asteroideae,NA
Roldana albonervia,Asteraceae,Asteroideae,NA
Senecio chihuahuensis,Asteraceae,Asteroideae,NA
Dyssodia tagetiflora,Asteraceae,Asteroideae,NA
Senecio mairetianus,Asteraceae,Asteroideae,NA
Tagetes lucida,Asteraceae,Asteroideae,NA
Vernonia ctenophora,Asteraceae,Vernonioideae,NA
Packera hintoniorum,Asteraceae,Asteroideae,NA
Pectis rusbyi,Asteraceae,Asteroideae,NA
Barkleyanthus salicifolius,Asteraceae,Asteroideae,NA
Senecio flaccidus monoensis,Asteraceae,Asteroideae,monoensis
Packera coahuilensis,Asteraceae,Asteroideae,NA
Psacalium radulifolium,Asteraceae,Asteroideae,NA
Vernonanthura cordata,Asteraceae,Vernonioideae,NA
Adenophyllum porophyllum cancellatum,Asteraceae,Asteroideae,cancellatum
Roldana angulifolia,Asteraceae,Asteroideae,NA
Senecio flaccidus flaccidus,Asteraceae,Asteroideae,flaccidus
Telanthophora andrieuxii,Asteraceae,Asteroideae,NA
Vernonanthura patens,Asteraceae,Vernonioideae,NA
Psacalium pringlei,Asteraceae,Asteroideae,NA
Psacalium pringlei,Asteraceae,Asteroideae,NA
Roldana gentryi,Asteraceae,Asteroideae,NA
Packera rosei,Asteraceae,Asteroideae,NA
Vernonia bealliae,Asteraceae,Vernonioideae,NA
Senecio flaccidus flaccidus,Asteraceae,Asteroideae,flaccidus
Senecio tonii,Asteraceae,Asteroideae,NA
Vernonia bealliae,Asteraceae,Vernonioideae,NA
Thymophylla pentachaeta hartwegii,Asteraceae,Asteroideae,hartwegii
Tagetes lucida,Asteraceae,Asteroideae,NA
Senecio durangensis durangensis,Asteraceae,Asteroideae,durangensis
Vernonanthura cordata,Asteraceae,Vernonioideae,NA
Senecio prionopterus,Asteraceae,Asteroideae,NA
Vernonanthura liatroides,Asteraceae,Vernonioideae,NA
Vernonanthura cordata,Asteraceae,Vernonioideae,NA
Barkleyanthus salicifolius,Asteraceae,Asteroideae,NA
Vernonanthura serratuloides,Asteraceae,Vernonioideae,NA
Adenophyllum porophyllum cancellatum,Asteraceae,Asteroideae,cancellatum
Adenophyllum wrightii pulcherrimum,Asteraceae,Asteroideae,pulcherrimum
Adenophyllum wrightii pulcherrimum,Asteraceae,Asteroideae,pulcherrimum
Perityle microglossa microglossa,Asteraceae,Asteroideae,microglossa
Adenophyllum porophyllum cancellatum,Asteraceae,Asteroideae,cancellatum
Roldana pennellii pennellii,Asteraceae,Asteroideae,pennellii
Dyssodia tagetiflora,Asteraceae,Asteroideae,NA
Barkleyanthus salicifolius,Asteraceae,Asteroideae,NA
Psacalium cronquistiorum,Asteraceae,Asteroideae,NA
Roldana aschenborniana,Asteraceae,Asteroideae,NA
Chrysactinia pinnata,Asteraceae,Asteroideae,NA
Roldana sessilifolia,Asteraceae,Asteroideae,NA
Psacalium peltigerum peltigerum,Asteraceae,Asteroideae,peltigerum
Roldana chapalensis,Asteraceae,Asteroideae,NA
Roldana sessilifolia,Asteraceae,Asteroideae,NA
Senecio stoechadiformis,Asteraceae,Asteroideae,NA
Tagetes filifolia,Asteraceae,Asteroideae,NA
Psacalium silphiifolium,Asteraceae,Asteroideae,NA
Packera coahuilensis,Asteraceae,Asteroideae,NA
Packera tampicana,Asteraceae,Asteroideae,NA
Vernonanthura serratuloides,Asteraceae,Vernonioideae,NA
Barkleyanthus salicifolius,Asteraceae,Asteroideae,NA
Vernonanthura serratuloides,Asteraceae,Vernonioideae,NA
Pectis multiflosculosa,Asteraceae,Asteroideae,NA
Senecio picridis,Asteraceae,Asteroideae,NA
Critoniopsis tomentosa,Asteraceae,Vernonioideae,NA
Critoniopsis tomentosa,Asteraceae,Vernonioideae,NA
Packera tampicana,Asteraceae,Asteroideae,NA
Psacalium decompositum,Asteraceae,Asteroideae,NA
Tagetes linifolia,Asteraceae,Asteroideae,NA
Roldana barba-johannis,Asteraceae,Asteroideae,NA
Porophyllum punctatum,Asteraceae,Asteroideae,NA
Psacalium sinuatum,Asteraceae,Asteroideae,NA
Packera neomexicana neomexicana,Asteraceae,Asteroideae,neomexicana
Roldana pennellii pennellii,Asteraceae,Asteroideae,pennellii
Adenophyllum porophyllum porophyllum,Asteraceae,Asteroideae,porophyllum
Packera sanguisorbae,Asteraceae,Asteroideae,NA
Senecio stoechadiformis,Asteraceae,Asteroideae,NA
Roldana angulifolia,Asteraceae,Asteroideae,NA
Roldana angulifolia,Asteraceae,Asteroideae,NA
Packera bellidifolia,Asteraceae,Asteroideae,NA
Porophyllum calcicola,Asteraceae,Asteroideae,NA
Tagetes lunulata,Asteraceae,Asteroideae,NA
Psacalium radulifolium,Asteraceae,Asteroideae,NA
Porophyllum viridiflorum,Asteraceae,Asteroideae,NA
Aldama dentata dentata,Asteraceae,Asteroideae,dentata
Erechtites hieracifolia cacalioides,Asteraceae,NA,cacalioides
Acmella oppositifolia oppositifolia,Asteraceae,Asteroideae,oppositifolia
Senecio deppeanus,Asteraceae,Asteroideae,NA
Erechtites valerianifolius,Asteraceae,Asteroideae,NA
Erechtites hieracifolia cacalioides,Asteraceae,NA,cacalioides
Acmella oppositifolia oppositifolia,Asteraceae,Asteroideae,oppositifolia
Senecio pinacatensis,Asteraceae,Asteroideae,NA
Vernonia alamanii,Asteraceae,Vernonioideae,NA
Roldana reticulata,Asteraceae,Asteroideae,NA
Roldana sessilifolia,Asteraceae,Asteroideae,NA
Adenophyllum porophyllum cancellatum,Asteraceae,Asteroideae,cancellatum
Dyssodia tagetiflora,Asteraceae,Asteroideae,NA
Dyssodia tagetiflora,Asteraceae,Asteroideae,NA
Tagetes pringlei,Asteraceae,Asteroideae,NA
Pectis haenkeana,Asteraceae,Asteroideae,NA
Roldana pennellii pennellii,Asteraceae,Asteroideae,pennellii
Psacalium pringlei,Asteraceae,Asteroideae,NA
Senecio flaccidus monoensis,Asteraceae,Asteroideae,monoensis
Porophyllum coloratum obtusifolium,Asteraceae,Asteroideae,obtusifolium
Roldana hederifolia,Asteraceae,Asteroideae,NA
Vernonia alamanii,Asteraceae,Vernonioideae,NA
Roldana mexicana,Asteraceae,Asteroideae,NA
Roldana michoacana,Asteraceae,Asteroideae,NA
Roldana cristobalensis,Asteraceae,Asteroideae,NA
Villasenoria orcuttii,Asteraceae,Asteroideae,NA
Villasenoria orcuttii,Asteraceae,Asteroideae,NA
Villasenoria orcuttii,Asteraceae,Asteroideae,NA
Villasenoria orcuttii,Asteraceae,Asteroideae,NA
Villasenoria orcuttii,Asteraceae,Asteroideae,NA
Vernonanthura cordata,Asteraceae,Vernonioideae,NA
Porophyllum punctatum,Asteraceae,Asteroideae,NA
Porophyllum punctatum,Asteraceae,Asteroideae,NA
Tagetes lucida,Asteraceae,Asteroideae,NA
Werneria nubigena,Asteraceae,Asteroideae,NA
Senecio warszewiczii,Asteraceae,Asteroideae,NA
Thymophylla acerosa,Asteraceae,Asteroideae,NA
Porophyllum linaria,Asteraceae,Asteroideae,NA
Roldana angulifolia,Asteraceae,Asteroideae,NA
Senecio lemmonii,Asteraceae,Asteroideae,NA
Psacalium peltigerum peltigerum,Asteraceae,Asteroideae,peltigerum
Elephantopus mollis,Asteraceae,Vernonioideae,NA
Porophyllum macrocephalum,Asteraceae,Asteroideae,NA
Senecio callosus,Asteraceae,Asteroideae,NA
Vernonanthura serratuloides,Asteraceae,Vernonioideae,NA
Roldana michoacana,Asteraceae,Asteroideae,NA
Roldana suffulta,Asteraceae,Asteroideae,NA
Psacalium peltatum peltatum,Asteraceae,Asteroideae,peltatum
Roldana suffulta,Asteraceae,Asteroideae,NA
Vernonia alamanii,Asteraceae,Vernonioideae,NA
Roldana guadalajarensis,Asteraceae,Asteroideae,NA
Rosilla lutea,Asteraceae,Asteroideae,NA
Roldana guadalajarensis,Asteraceae,Asteroideae,NA
Packera scalaris scalaris,Asteraceae,Asteroideae,scalaris
Psacalium radulifolium,Asteraceae,Asteroideae,NA
Tagetes lucida,Asteraceae,Asteroideae,NA
Dyssodia tagetiflora,Asteraceae,Asteroideae,NA
Senecio flaccidus flaccidus,Asteraceae,Asteroideae,flaccidus
Barkleyanthus salicifolius,Asteraceae,Asteroideae,NA
Critoniopsis villaregalis,Asteraceae,Vernonioideae,NA
Senecio cinerarioides,Asteraceae,Asteroideae,NA
Psacalium pringlei,Asteraceae,Asteroideae,NA
Pectis repens,Asteraceae,Asteroideae,NA
Dyssodia tagetiflora,Asteraceae,Asteroideae,NA
Dyssodia tagetiflora,Asteraceae,Asteroideae,NA
Adenophyllum porophyllum cancellatum,Asteraceae,Asteroideae,cancellatum
Dyssodia tagetiflora,Asteraceae,Asteroideae,NA
Packera sanguisorbae,Asteraceae,Asteroideae,NA
Psacalium pringlei,Asteraceae,Asteroideae,NA
Pectis prostrata,Asteraceae,Asteroideae,NA
Vernonia greggii,Asteraceae,Vernonioideae,NA
Dyssodia tagetiflora,Asteraceae,Asteroideae,NA
Vernonanthura serratuloides,Asteraceae,Vernonioideae,NA
Critoniopsis tomentosa,Asteraceae,Vernonioideae,NA
Psacalium hintonii,Asteraceae,Asteroideae,NA
Barkleyanthus salicifolius,Asteraceae,Asteroideae,NA
Senecio flaccidus flaccidus,Asteraceae,Asteroideae,flaccidus
Pectis haenkeana,Asteraceae,Asteroideae,NA
Pectis diffusa,Asteraceae,Asteroideae,NA
Porophyllum macrocephalum,Asteraceae,Asteroideae,NA
Vernonanthura liatroides,Asteraceae,Vernonioideae,NA
Tetrachyron discolor,Asteraceae,Asteroideae,NA
Pectis rusbyi,Asteraceae,Asteroideae,NA
Porophyllum macrocephalum,Asteraceae,Asteroideae,NA
Pectis prostrata,Asteraceae,Asteroideae,NA
Erechtites hieracifolia cacalioides,Asteraceae,NA,cacalioides
Tagetes erecta,Asteraceae,Asteroideae,NA
Psacalium palmeri,Asteraceae,Asteroideae,NA
Senecio viejoanus,Asteraceae,Asteroideae,NA
Packera bellidifolia,Asteraceae,Asteroideae,NA
Psacalium radulifolium,Asteraceae,Asteroideae,NA
Packera bellidifolia,Asteraceae,Asteroideae,NA
Dyssodia tagetiflora,Asteraceae,Asteroideae,NA
Dyssodia tagetiflora,Asteraceae,Asteroideae,NA
Pseudelephantopus spicatus,Asteraceae,Vernonioideae,NA
Tagetes arenicola,Asteraceae,Asteroideae,NA
Porophyllum linaria,Asteraceae,Asteroideae,NA
Psacalium palmeri,Asteraceae,Asteroideae,NA
Psacalium sinuatum,Asteraceae,Asteroideae,NA
Senecio madrensis,Asteraceae,Asteroideae,NA
Senecio argutus,Asteraceae,Asteroideae,NA
Psacalium sinuatum,Asteraceae,Asteroideae,NA
Psacalium palmeri,Asteraceae,Asteroideae,NA
Critoniopsis foliosa,Asteraceae,Vernonioideae,NA
Tagetes micrantha,Asteraceae,Asteroideae,NA
Tagetes filifolia,Asteraceae,Asteroideae,NA
Tagetes erecta,Asteraceae,Asteroideae,NA
Porophyllum punctatum,Asteraceae,Asteroideae,NA
Senecio toluccanus,Asteraceae,Asteroideae,NA
Tagetes lucida,Asteraceae,Asteroideae,NA
Bolanosa coulteri,Asteraceae,Vernonioideae,NA
Thymophylla acerosa,Asteraceae,Asteroideae,NA
Thymophylla acerosa,Asteraceae,Asteroideae,NA
Lepidospartum squamatum,Asteraceae,Asteroideae,NA
Roldana lobata,Asteraceae,Asteroideae,NA
Pectis saturejoides,Asteraceae,Asteroideae,NA
Adenophyllum aurantium,Asteraceae,Asteroideae,NA
Vernonanthura serratuloides,Asteraceae,Vernonioideae,NA
Pectis prostrata,Asteraceae,Asteroideae,NA
Thymophylla pentachaeta pentachaeta,Asteraceae,Asteroideae,pentachaeta
Dyssodia tagetiflora,Asteraceae,Asteroideae,NA
Helenium mexicanum,Asteraceae,Asteroideae,NA
Senecio loratifolius,Asteraceae,Asteroideae,NA
Psacalium peltatum adenophorum,Asteraceae,Asteroideae,adenophorum
Packera bellidifolia,Asteraceae,Asteroideae,NA
Senecio loratifolius,Asteraceae,Asteroideae,NA
Packera coahuilensis,Asteraceae,Asteroideae,NA
Psacalium peltatum adenophorum,Asteraceae,Asteroideae,adenophorum
Lepidospartum squamatum,Asteraceae,Asteroideae,NA
Critoniopsis tomentosa,Asteraceae,Vernonioideae,NA
Roldana cronquistii,Asteraceae,Asteroideae,NA
Packera sanguisorbae,Asteraceae,Asteroideae,NA
Thymophylla pentachaeta pentachaeta,Asteraceae,Asteroideae,pentachaeta
Tagetes lunulata,Asteraceae,Asteroideae,NA
Tagetes lunulata,Asteraceae,Asteroideae,NA
Tagetes lunulata,Asteraceae,Asteroideae,NA
Tagetes lunulata,Asteraceae,Asteroideae,NA
Tagetes lunulata,Asteraceae,Asteroideae,NA
Pectis prostrata,Asteraceae,Asteroideae,NA
Roldana barba-johannis,Asteraceae,Asteroideae,NA
Roldana aschenborniana,Asteraceae,Asteroideae,NA
Packera coahuilensis,Asteraceae,Asteroideae,NA
Senecio carnerensis,Asteraceae,Asteroideae,NA
Roldana heracleifolia,Asteraceae,Asteroideae,NA
Barkleyanthus salicifolius,Asteraceae,Asteroideae,NA
Barkleyanthus salicifolius,Asteraceae,Asteroideae,NA
Senecio polypodioides,Asteraceae,Asteroideae,NA
Roldana oaxacana,Asteraceae,Asteroideae,NA
Senecio polypodioides,Asteraceae,Asteroideae,NA
Dyssodia tagetiflora,Asteraceae,Asteroideae,NA
Tagetes subulata,Asteraceae,Asteroideae,NA
Psacalium amplum,Asteraceae,Asteroideae,NA
Psacalium sinuatum,Asteraceae,Asteroideae,NA
Critoniopsis uniflora,Asteraceae,Vernonioideae,NA
Roldana mexicana,Asteraceae,Asteroideae,NA
Elephantopus mollis,Asteraceae,Vernonioideae,NA
Roldana pennellii pennellii,Asteraceae,Asteroideae,pennellii
Roldana gentryi,Asteraceae,Asteroideae,NA
Tagetes coronopifolia,Asteraceae,Asteroideae,NA
Dyssodia tagetiflora,Asteraceae,Asteroideae,NA
Pectis multiflosculosa,Asteraceae,Asteroideae,NA
Packera neomexicana neomexicana,Asteraceae,Asteroideae,neomexicana
Thymophylla acerosa,Asteraceae,Asteroideae,NA
Vernonia bealliae,Asteraceae,Vernonioideae,NA
Vernonanthura cordata,Asteraceae,Vernonioideae,NA
Vernonanthura cordata,Asteraceae,Vernonioideae,NA
Tagetes lunulata,Asteraceae,Asteroideae,NA
Trixis hyposericea,Asteraceae,Mutisioideae,NA
Dyssodia papposa,Asteraceae,Asteroideae,NA
Tagetes lunulata,Asteraceae,Asteroideae,NA
Adenophyllum porophyllum cancellatum,Asteraceae,Asteroideae,cancellatum
Chaptalia hololeuca,Asteraceae,Mutisioideae,NA
Packera montereyana,Asteraceae,Asteroideae,NA
Vernonanthura patens,Asteraceae,Vernonioideae,NA
Psacalium holwayanum,Asteraceae,Asteroideae,NA
Acourtia reticulata reticulata,Asteraceae,Mutisioideae,reticulata
Porophyllum macrocephalum,Asteraceae,Asteroideae,NA
Senecio vulgaris,Asteraceae,Asteroideae,NA
Packera coahuilensis,Asteraceae,Asteroideae,NA
Packera bellidifolia,Asteraceae,Asteroideae,NA
Psacalium peltatum peltatum,Asteraceae,Asteroideae,peltatum
Psacalium peltatum peltatum,Asteraceae,Asteroideae,peltatum
Psacalium peltatum peltatum,Asteraceae,Asteroideae,peltatum
Psacalium pringlei,Asteraceae,Asteroideae,NA
Senecio deppeanus,Asteraceae,Asteroideae,NA
Porophyllum coloratum obtusifolium,Asteraceae,Asteroideae,obtusifolium
Senecio californicus,Asteraceae,Asteroideae,NA
Tagetes lunulata,Asteraceae,Asteroideae,NA
Tagetes tenuifolia,Asteraceae,Asteroideae,NA
Psacalium peltatum adenophorum,Asteraceae,Asteroideae,adenophorum
Packera neomexicana neomexicana,Asteraceae,Asteroideae,neomexicana
Thymophylla pentachaeta hartwegii,Asteraceae,Asteroideae,hartwegii
Vernonanthura patens,Asteraceae,Vernonioideae,NA
Vernonanthura cordata,Asteraceae,Vernonioideae,NA
Adenophyllum porophyllum cancellatum,Asteraceae,Asteroideae,cancellatum
Senecio callosus,Asteraceae,Asteroideae,NA
Digitacalia jatrophoides jatrophoides,Asteraceae,Asteroideae,jatrophoides
Porophyllum viridiflorum,Asteraceae,Asteroideae,NA
Telanthophora uspantanensis,Asteraceae,Asteroideae,NA
Dyssodia tagetiflora,Asteraceae,Asteroideae,NA
Barkleyanthus salicifolius,Asteraceae,Asteroideae,NA
Senecio vulgaris,Asteraceae,Asteroideae,NA
Tagetes lucida,Asteraceae,Asteroideae,NA
Iostephane heterophylla,Asteraceae,Asteroideae,NA
Tagetes coronopifolia,Asteraceae,Asteroideae,NA
Tagetes lunulata,Asteraceae,Asteroideae,NA
Tagetes lunulata,Asteraceae,Asteroideae,NA
Packera sanguisorbae,Asteraceae,Asteroideae,NA
Packera sanguisorbae,Asteraceae,Asteroideae,NA
Roldana platanifolia,Asteraceae,Asteroideae,NA
Roldana lineolata,Asteraceae,Asteroideae,NA
Packera sanguisorbae,Asteraceae,Asteroideae,NA
Barkleyanthus salicifolius,Asteraceae,Asteroideae,NA
Dyssodia tagetiflora,Asteraceae,Asteroideae,NA
Adenophyllum porophyllum porophyllum,Asteraceae,Asteroideae,porophyllum
Porophyllum macrocephalum,Asteraceae,Asteroideae,NA
Roldana barba-johannis,Asteraceae,Asteroideae,NA
Adenophyllum wrightii pulcherrimum,Asteraceae,Asteroideae,pulcherrimum
Dyssodia tagetiflora,Asteraceae,Asteroideae,NA
Barkleyanthus salicifolius,Asteraceae,Asteroideae,NA
Porophyllum gracile,Asteraceae,Asteroideae,NA
Erechtites hieracifolia cacalioides,Asteraceae,NA,cacalioides
Roldana lineolata,Asteraceae,Asteroideae,NA
Senecio callosus,Asteraceae,Asteroideae,NA
Senecio callosus,Asteraceae,Asteroideae,NA
Psacalium silphiifolium,Asteraceae,Asteroideae,NA
Packera scalaris scalaris,Asteraceae,Asteroideae,scalaris
Vernonanthura serratuloides,Asteraceae,Vernonioideae,NA
Porophyllum punctatum,Asteraceae,Asteroideae,NA
Elephantopus mollis,Asteraceae,Vernonioideae,NA
Tagetes foetidissima,Asteraceae,Asteroideae,NA
Roldana pennellii pennellii,Asteraceae,Asteroideae,pennellii
Dyssodia papposa,Asteraceae,Asteroideae,NA
Porophyllum linaria,Asteraceae,Asteroideae,NA
Adenophyllum porophyllum cancellatum,Asteraceae,Asteroideae,cancellatum
Tagetes linifolia,Asteraceae,Asteroideae,NA
Tagetes coronopifolia,Asteraceae,Asteroideae,NA
Tagetes coronopifolia,Asteraceae,Asteroideae,NA
Pittocaulon praecox,Asteraceae,Asteroideae,NA
Perityle glaucescens,Asteraceae,Asteroideae,NA
Tagetes jaliscensis,Asteraceae,Asteroideae,NA
Adenophyllum porophyllum cancellatum,Asteraceae,Asteroideae,cancellatum
Roldana sessilifolia,Asteraceae,Asteroideae,NA
Packera bellidifolia,Asteraceae,Asteroideae,NA
Psacalium cronquistiorum,Asteraceae,Asteroideae,NA
Packera tampicana,Asteraceae,Asteroideae,NA
Tagetes erecta,Asteraceae,Asteroideae,NA
Roldana aschenborniana,Asteraceae,Asteroideae,NA
Senecio richardsonii,Asteraceae,Asteroideae,NA
Critoniopsis uniflora,Asteraceae,Vernonioideae,NA
Roldana reticulata,Asteraceae,Asteroideae,NA
Pectis multiflosculosa,Asteraceae,Asteroideae,NA
Pectis multiflosculosa,Asteraceae,Asteroideae,NA
Roldana aschenborniana,Asteraceae,Asteroideae,NA
Senecio californicus,Asteraceae,Asteroideae,NA
Telanthophora liebmannii,Asteraceae,Asteroideae,NA
Psacalium poculiferum,Asteraceae,Asteroideae,NA
Psacalium sinuatum,Asteraceae,Asteroideae,NA
Pectis multiflosculosa,Asteraceae,Asteroideae,NA
Senecio deformis,Asteraceae,Asteroideae,NA
Adenophyllum porophyllum cancellatum,Asteraceae,Asteroideae,cancellatum
Psacalium peltatum peltatum,Asteraceae,Asteroideae,peltatum
Psacalium megaphyllum,Asteraceae,Asteroideae,NA
Pseudelephantopus spicatus,Asteraceae,Vernonioideae,NA
Tagetes erecta,Asteraceae,Asteroideae,NA
Pseudelephantopus spicatus,Asteraceae,Vernonioideae,NA
Adenophyllum porophyllum cancellatum,Asteraceae,Asteroideae,cancellatum
Barkleyanthus salicifolius,Asteraceae,Asteroideae,NA
Psacalium cronquistiorum,Asteraceae,Asteroideae,NA
Roldana angulifolia,Asteraceae,Asteroideae,NA
Senecio actinella,Asteraceae,Asteroideae,NA
Pectis prostrata,Asteraceae,Asteroideae,NA
Critoniopsis foliosa,Asteraceae,Vernonioideae,NA
Vernonanthura patens,Asteraceae,Vernonioideae,NA
Tagetes filifolia,Asteraceae,Asteroideae,NA
Pseudelephantopus spicatus,Asteraceae,Vernonioideae,NA
Porophyllum punctatum,Asteraceae,Asteroideae,NA
Porophyllum punctatum,Asteraceae,Asteroideae,NA
Packera bellidifolia,Asteraceae,Asteroideae,NA
Roldana sessilifolia,Asteraceae,Asteroideae,NA
Roldana sessilifolia,Asteraceae,Asteroideae,NA
Packera bellidifolia,Asteraceae,Asteroideae,NA
Tagetes micrantha,Asteraceae,Asteroideae,NA
Tagetes coronopifolia,Asteraceae,Asteroideae,NA
Tagetes coronopifolia,Asteraceae,Asteroideae,NA
Barkleyanthus salicifolius,Asteraceae,Asteroideae,NA
Senecio doratophyllus,Asteraceae,Asteroideae,NA
Packera sanguisorbae,Asteraceae,Asteroideae,NA
Roldana lineolata,Asteraceae,Asteroideae,NA
Psacalium platylepis,Asteraceae,Asteroideae,NA
Laennecia sophiifolia,Asteraceae,Asteroideae,NA
Tagetes coronopifolia,Asteraceae,Asteroideae,NA
Tagetes coronopifolia,Asteraceae,Asteroideae,NA
Tagetes linifolia,Asteraceae,Asteroideae,NA
Psacalium sinuatum,Asteraceae,Asteroideae,NA
Porophyllum linaria,Asteraceae,Asteroideae,NA
Vernonanthura serratuloides,Asteraceae,Vernonioideae,NA
Lepidaploa canescens,Asteraceae,Vernonioideae,NA
Roldana barba-johannis,Asteraceae,Asteroideae,NA
Acourtia turbinata,Asteraceae,Mutisioideae,NA
Porophyllum macrocephalum,Asteraceae,Asteroideae,NA
Psacalium globosum,Asteraceae,Asteroideae,NA
Senecio flaccidus monoensis,Asteraceae,Asteroideae,monoensis
Roldana lobata,Asteraceae,Asteroideae,NA
Pseudelephantopus spicatus,Asteraceae,Vernonioideae,NA
Adenophyllum porophyllum cancellatum,Asteraceae,Asteroideae,cancellatum
Tagetes tenuifolia,Asteraceae,Asteroideae,NA
Tagetes pringlei,Asteraceae,Asteroideae,NA
Barkleyanthus salicifolius,Asteraceae,Asteroideae,NA
Nicolletia trifida,Asteraceae,Asteroideae,NA
Adenophyllum porophyllum cancellatum,Asteraceae,Asteroideae,cancellatum
Leiboldia serrata,Asteraceae,Vernonioideae,NA
Psacalium peltigerum peltigerum,Asteraceae,Asteroideae,peltigerum
Pseudelephantopus spicatus,Asteraceae,Vernonioideae,NA
Vernonanthura patens,Asteraceae,Vernonioideae,NA
Adenophyllum porophyllum cancellatum,Asteraceae,Asteroideae,cancellatum
Pectis diffusa,Asteraceae,Asteroideae,NA
Vernonanthura liatroides,Asteraceae,Vernonioideae,NA
Adenophyllum squamosum,Asteraceae,Asteroideae,NA
Psacalium sinuatum,Asteraceae,Asteroideae,NA
Barkleyanthus salicifolius,Asteraceae,Asteroideae,NA
Vernonanthura serratuloides,Asteraceae,Vernonioideae,NA
Packera millelobata,Asteraceae,Asteroideae,NA
Critoniopsis villaregalis,Asteraceae,Vernonioideae,NA
Roldana sundbergii,Asteraceae,Asteroideae,NA
Critoniopsis obtusa,Asteraceae,Vernonioideae,NA
Pseudelephantopus spicatus,Asteraceae,Vernonioideae,NA
Senecio callosus,Asteraceae,Asteroideae,NA
Roldana albonervia,Asteraceae,Asteroideae,NA
Barkleyanthus salicifolius,Asteraceae,Asteroideae,NA
Vernonia bealliae,Asteraceae,Vernonioideae,NA
Porophyllum macrocephalum,Asteraceae,Asteroideae,NA
Tagetes erecta,Asteraceae,Asteroideae,NA
Roldana lineolata,Asteraceae,Asteroideae,NA
Vernonanthura serratuloides,Asteraceae,Vernonioideae,NA
Vernonanthura serratuloides,Asteraceae,Vernonioideae,NA
Pectis haenkeana,Asteraceae,Asteroideae,NA
Vernonanthura liatroides,Asteraceae,Vernonioideae,NA
Porophyllum macrocephalum,Asteraceae,Asteroideae,NA
Vernonia bealliae,Asteraceae,Vernonioideae,NA
Senecio mohavensis,Asteraceae,Asteroideae,NA
Pippenalia delphiniifolia,Asteraceae,Asteroideae,NA
Trixis hyposericea,Asteraceae,Mutisioideae,NA
Galeana pratensis,Asteraceae,Asteroideae,NA
Pittocaulon filare,Asteraceae,Asteroideae,NA
Chaetymenia peduncularis,Asteraceae,Asteroideae,NA
Dyssodia tagetiflora,Asteraceae,Asteroideae,NA
Perymenium ovalifolium,Asteraceae,Asteroideae,NA
Roldana pennellii pennellii,Asteraceae,Asteroideae,pennellii
Roldana heterogama,Asteraceae,Asteroideae,NA
Senecio flaccidus monoensis,Asteraceae,Asteroideae,monoensis
Senecio aphanactis,Asteraceae,Asteroideae,NA
Senecio callosus,Asteraceae,Asteroideae,NA
Pseudogynoxys chenopodioides cummingii,Asteraceae,Asteroideae,cummingii
Vernonia steetzii,Asteraceae,Vernonioideae,NA
Helenium mexicanum,Asteraceae,Asteroideae,NA
Dyssodia tagetiflora,Asteraceae,Asteroideae,NA
Adenophyllum porophyllum cancellatum,Asteraceae,Asteroideae,cancellatum
Senecio actinella,Asteraceae,Asteroideae,NA
Telanthophora uspantanensis,Asteraceae,Asteroideae,NA
Dyssodia tagetiflora,Asteraceae,Asteroideae,NA
Erechtites hieracifolia cacalioides,Asteraceae,NA,cacalioides
Senecio helodes,Asteraceae,Asteroideae,NA
Porophyllum viridiflorum,Asteraceae,Asteroideae,NA
Tagetes tenuifolia,Asteraceae,Asteroideae,NA
Senecio stoechadiformis,Asteraceae,Asteroideae,NA
Senecio prionopterus,Asteraceae,Asteroideae,NA
Senecio callosus,Asteraceae,Asteroideae,NA
Senecio toluccanus,Asteraceae,Asteroideae,NA
Psacalium pringlei,Asteraceae,Asteroideae,NA
Tagetes micrantha,Asteraceae,Asteroideae,NA
Porophyllum macrocephalum,Asteraceae,Asteroideae,NA
Roldana cristobalensis,Asteraceae,Asteroideae,NA
Erechtites valerianifolius,Asteraceae,Asteroideae,NA
Dyssodia tagetiflora,Asteraceae,Asteroideae,NA
Vernonia alamanii,Asteraceae,Vernonioideae,NA
Erechtites valerianifolius,Asteraceae,Asteroideae,NA
Senecio prionopterus,Asteraceae,Asteroideae,NA
Senecio prionopterus,Asteraceae,Asteroideae,NA
Barkleyanthus salicifolius,Asteraceae,Asteroideae,NA
Senecio prionopterus,Asteraceae,Asteroideae,NA
Senecio roseus,Asteraceae,Asteroideae,NA
Packera bellidifolia,Asteraceae,Asteroideae,NA
Roldana lineolata,Asteraceae,Asteroideae,NA
Roldana kerberi,Asteraceae,Asteroideae,NA
Barkleyanthus salicifolius,Asteraceae,Asteroideae,NA
Roldana eriophylla,Asteraceae,Asteroideae,NA
Roldana albonervia,Asteraceae,Asteroideae,NA
Senecio argutus,Asteraceae,Asteroideae,NA
Roldana suffulta,Asteraceae,Asteroideae,NA
Senecio flaccidus flaccidus,Asteraceae,Asteroideae,flaccidus
Psacalium pachyphyllum,Asteraceae,Asteroideae,NA
Pectis rusbyi,Asteraceae,Asteroideae,NA
Senecio stoechadiformis,Asteraceae,Asteroideae,NA
Packera bellidifolia,Asteraceae,Asteroideae,NA
Roldana barba-johannis,Asteraceae,Asteroideae,NA
Packera sanguisorbae,Asteraceae,Asteroideae,NA
Roldana angulifolia,Asteraceae,Asteroideae,NA
Gymnolaena oaxacana,Asteraceae,Asteroideae,NA
Porophyllum pringlei,Asteraceae,Asteroideae,NA
Porophyllum punctatum,Asteraceae,Asteroideae,NA
Porophyllum punctatum,Asteraceae,Asteroideae,NA
Pseudogynoxys chenopodioides chenopodioides,Asteraceae,Asteroideae,chenopodioides
Digitacalia jatrophoides pentaloba,Asteraceae,Asteroideae,pentaloba
Roldana sessilifolia,Asteraceae,Asteroideae,NA
Packera sanguisorbae,Asteraceae,Asteroideae,NA
Vernonanthura cordata,Asteraceae,Vernonioideae,NA
Pseudogynoxys chenopodioides chenopodioides,Asteraceae,Asteroideae,chenopodioides
Tagetes erecta,Asteraceae,Asteroideae,NA
Psacalium sinuatum,Asteraceae,Asteroideae,NA
Helenium mexicanum,Asteraceae,Asteroideae,NA
Dyssodia tagetiflora,Asteraceae,Asteroideae,NA
Psacalium decompositum,Asteraceae,Asteroideae,NA
Tagetes tenuifolia,Asteraceae,Asteroideae,NA
Tagetes tenuifolia,Asteraceae,Asteroideae,NA
Tagetes tenuifolia,Asteraceae,Asteroideae,NA
Adenophyllum porophyllum cancellatum,Asteraceae,Asteroideae,cancellatum
Roldana heracleifolia,Asteraceae,Asteroideae,NA
Critoniopsis tomentosa,Asteraceae,Vernonioideae,NA
Cyanthillium cinereum,Asteraceae,Vernonioideae,NA
Roldana mexicana,Asteraceae,Asteroideae,NA
Psacalium sinuatum,Asteraceae,Asteroideae,NA
Vernonia alamanii,Asteraceae,Vernonioideae,NA
Vernonanthura liatroides,Asteraceae,Vernonioideae,NA
Tagetes lunulata,Asteraceae,Asteroideae,NA
Senecio stoechadiformis,Asteraceae,Asteroideae,NA
Senecio toluccanus,Asteraceae,Asteroideae,NA
Senecio toluccanus,Asteraceae,Asteroideae,NA
Senecio stoechadiformis,Asteraceae,Asteroideae,NA
Roldana albonervia,Asteraceae,Asteroideae,NA
Senecio iodanthus,Asteraceae,Asteroideae,NA
Roldana cristobalensis,Asteraceae,Asteroideae,NA
Roldana pennellii pennellii,Asteraceae,Asteroideae,pennellii
Packera scalaris carmenensis,Asteraceae,Asteroideae,carmenensis
Critoniopsis heydeana,Asteraceae,Vernonioideae,NA
Gaillardia powellii,Asteraceae,Asteroideae,NA
Porophyllum macrocephalum,Asteraceae,Asteroideae,NA
Porophyllum punctatum,Asteraceae,Asteroideae,NA
Psacalium sinuatum,Asteraceae,Asteroideae,NA
Senecio parryi,Asteraceae,Asteroideae,NA
Psacalium decompositum,Asteraceae,Asteroideae,NA
Senecio spartioides,Asteraceae,Asteroideae,NA
Roldana lobata,Asteraceae,Asteroideae,NA
Barkleyanthus salicifolius,Asteraceae,Asteroideae,NA
Critoniopsis foliosa,Asteraceae,Vernonioideae,NA
Elephantopus mollis,Asteraceae,Vernonioideae,NA
Erechtites hieracifolia cacalioides,Asteraceae,NA,cacalioides
Erechtites hieracifolia cacalioides,Asteraceae,NA,cacalioides
Barkleyanthus salicifolius,Asteraceae,Asteroideae,NA
Roldana angulifolia,Asteraceae,Asteroideae,NA
Packera sanguisorbae,Asteraceae,Asteroideae,NA
Porophyllum lindenii,Asteraceae,Asteroideae,NA
Psacalium sinuatum,Asteraceae,Asteroideae,NA
Helenium mexicanum,Asteraceae,Asteroideae,NA
Adenophyllum porophyllum porophyllum,Asteraceae,Asteroideae,porophyllum
Perityle microglossa microglossa,Asteraceae,Asteroideae,microglossa
Dyssodia tagetiflora,Asteraceae,Asteroideae,NA
Dyssodia tagetiflora,Asteraceae,Asteroideae,NA
Tagetes micrantha,Asteraceae,Asteroideae,NA
Adenophyllum porophyllum cancellatum,Asteraceae,Asteroideae,cancellatum
Lepidaploa tortuosa,Asteraceae,Vernonioideae,NA
Tagetes coronopifolia,Asteraceae,Asteroideae,NA
Packera candidissima,Asteraceae,Asteroideae,NA
Tagetes filifolia,Asteraceae,Asteroideae,NA
Vernonanthura cordata,Asteraceae,Vernonioideae,NA
Roldana angulifolia,Asteraceae,Asteroideae,NA
Tagetes erecta,Asteraceae,Asteroideae,NA
Elephantopus mollis,Asteraceae,Vernonioideae,NA
Roldana lineolata,Asteraceae,Asteroideae,NA
Porophyllum punctatum,Asteraceae,Asteroideae,NA
Barkleyanthus salicifolius,Asteraceae,Asteroideae,NA
Psacalium peltatum peltatum,Asteraceae,Asteroideae,peltatum
Roldana albonervia,Asteraceae,Asteroideae,NA
Packera quebradensis,Asteraceae,Asteroideae,NA
Barkleyanthus salicifolius,Asteraceae,Asteroideae,NA
Pseudogynoxys chenopodioides chenopodioides,Asteraceae,Asteroideae,chenopodioides
Porophyllum macrocephalum,Asteraceae,Asteroideae,NA
Porophyllum macrocephalum,Asteraceae,Asteroideae,NA
Roldana hartwegii,Asteraceae,Asteroideae,NA
Telanthophora jaliscana,Asteraceae,Asteroideae,NA
Vernonanthura serratuloides,Asteraceae,Vernonioideae,NA
Roldana galiciana,Asteraceae,Asteroideae,NA
Roldana galiciana,Asteraceae,Asteroideae,NA
Vernonia bealliae,Asteraceae,Vernonioideae,NA
Senecio iodanthus,Asteraceae,Asteroideae,NA
Roldana albonervia,Asteraceae,Asteroideae,NA
Erechtites hieracifolia cacalioides,Asteraceae,NA,cacalioides
Acourtia hooveri,Asteraceae,Mutisioideae,NA
Roldana sessilifolia,Asteraceae,Asteroideae,NA
Psacalium pentaflorum,Asteraceae,Asteroideae,NA
Roldana guadalajarensis,Asteraceae,Asteroideae,NA
Roldana sessilifolia,Asteraceae,Asteroideae,NA
Barkleyanthus salicifolius,Asteraceae,Asteroideae,NA
Roldana hintonii,Asteraceae,Asteroideae,NA
Pectis multiflosculosa,Asteraceae,Asteroideae,NA
Bolanosa coulteri,Asteraceae,Vernonioideae,NA
Roldana aschenborniana,Asteraceae,Asteroideae,NA
Tagetes filifolia,Asteraceae,Asteroideae,NA
Chaptalia lyratifolia,Asteraceae,Mutisioideae,NA
Psacalium peltatum adenophorum,Asteraceae,Asteroideae,adenophorum
Psacalium peltatum adenophorum,Asteraceae,Asteroideae,adenophorum
Gaillardia pulchella pulchella,Asteraceae,Asteroideae,pulchella
Senecio flaccidus flaccidus,Asteraceae,Asteroideae,flaccidus
Roldana lobata,Asteraceae,Asteroideae,NA
Elephantopus mollis,Asteraceae,Vernonioideae,NA
Tagetes lunulata,Asteraceae,Asteroideae,NA
Tagetes foetidissima,Asteraceae,Asteroideae,NA
Adenophyllum porophyllum cancellatum,Asteraceae,Asteroideae,cancellatum
Pseudogynoxys chenopodioides chenopodioides,Asteraceae,Asteroideae,chenopodioides
Senecio bartlettii,Asteraceae,Asteroideae,NA
Gaillardia pulchella pulchella,Asteraceae,Asteroideae,pulchella
Psacalium palmeri,Asteraceae,Asteroideae,NA
Senecio stoechadiformis,Asteraceae,Asteroideae,NA
Roldana michoacana,Asteraceae,Asteroideae,NA
Psacalium palmeri,Asteraceae,Asteroideae,NA
Dyssodia tagetiflora,Asteraceae,Asteroideae,NA
Packera sanguisorbae,Asteraceae,Asteroideae,NA
Adenophyllum aurantium,Asteraceae,Asteroideae,NA
Adenophyllum aurantium,Asteraceae,Asteroideae,NA
Roldana angulifolia,Asteraceae,Asteroideae,NA
Senecio californicus,Asteraceae,Asteroideae,NA
Porophyllum viridiflorum,Asteraceae,Asteroideae,NA
Porophyllum lindenii,Asteraceae,Asteroideae,NA
Vernonanthura serratuloides,Asteraceae,Vernonioideae,NA
Psacalium sinuatum,Asteraceae,Asteroideae,NA
Lepidaploa polypleura,Asteraceae,Vernonioideae,NA
Adenophyllum porophyllum cancellatum,Asteraceae,Asteroideae,cancellatum
Roldana oaxacana,Asteraceae,Asteroideae,NA
Leucactinia bracteata,Asteraceae,Asteroideae,NA
Roldana subpeltata,Asteraceae,Asteroideae,NA
Senecio stoechadiformis,Asteraceae,Asteroideae,NA
Adenophyllum squamosum,Asteraceae,Asteroideae,NA
Critoniopsis salicifolia,Asteraceae,Vernonioideae,NA
Tagetes erecta,Asteraceae,Asteroideae,NA
Psacalium sinuatum,Asteraceae,Asteroideae,NA
Roldana gonzaleziae,Asteraceae,Asteroideae,NA
Pseudogynoxys chenopodioides chenopodioides,Asteraceae,Asteroideae,chenopodioides
Senecio flaccidus monoensis,Asteraceae,Asteroideae,monoensis
Packera coahuilensis,Asteraceae,Asteroideae,NA
Psacalium palmeri,Asteraceae,Asteroideae,NA
Roldana sessilifolia,Asteraceae,Asteroideae,NA
Critoniopsis foliosa,Asteraceae,Vernonioideae,NA
Pseudogynoxys chenopodioides chenopodioides,Asteraceae,Asteroideae,chenopodioides
Senecio flaccidus flaccidus,Asteraceae,Asteroideae,flaccidus
Tagetes lunulata,Asteraceae,Asteroideae,NA
Critoniopsis triflosculosa,Asteraceae,Vernonioideae,NA
Vernonia alamanii,Asteraceae,Vernonioideae,NA
Roldana heracleifolia,Asteraceae,Asteroideae,NA
Roldana heracleifolia,Asteraceae,Asteroideae,NA
Tagetes lucida,Asteraceae,Asteroideae,NA
Senecio deppeanus,Asteraceae,Asteroideae,NA
Roldana pennellii pennellii,Asteraceae,Asteroideae,pennellii
Pittocaulon bombycophole,Asteraceae,Asteroideae,NA
Senecio toluccanus,Asteraceae,Asteroideae,NA
Psacalium peltatum adenophorum,Asteraceae,Asteroideae,adenophorum
Psacalium radulifolium,Asteraceae,Asteroideae,NA
Roldana platanifolia,Asteraceae,Asteroideae,NA
Senecio toluccanus,Asteraceae,Asteroideae,NA
Dyssodia tagetiflora,Asteraceae,Asteroideae,NA
Senecio toluccanus,Asteraceae,Asteroideae,NA
Psacalium peltatum peltatum,Asteraceae,Asteroideae,peltatum
Pittocaulon praecox,Asteraceae,Asteroideae,NA
Packera sanguisorbae,Asteraceae,Asteroideae,NA
Packera millelobata,Asteraceae,Asteroideae,NA
Rosilla lutea,Asteraceae,Asteroideae,NA
Critoniopsis foliosa,Asteraceae,Vernonioideae,NA
Senecio stoechadiformis,Asteraceae,Asteroideae,NA
Roldana sessilifolia,Asteraceae,Asteroideae,NA
Senecio flaccidus flaccidus,Asteraceae,Asteroideae,flaccidus
Telanthophora andrieuxii,Asteraceae,Asteroideae,NA
Roldana albonervia,Asteraceae,Asteroideae,NA
Roldana angulifolia,Asteraceae,Asteroideae,NA
Adenophyllum porophyllum cancellatum,Asteraceae,Asteroideae,cancellatum
Senecio loratifolius,Asteraceae,Asteroideae,NA
Senecio multidentatus huachucanus,Asteraceae,Asteroideae,huachucanus
Senecio vulgaris,Asteraceae,Asteroideae,NA
Porophyllum viridiflorum,Asteraceae,Asteroideae,NA
Vernonia bolleana,Asteraceae,Vernonioideae,NA
Adenophyllum porophyllum cancellatum,Asteraceae,Asteroideae,cancellatum
Critoniopsis foliosa,Asteraceae,Vernonioideae,NA
Vernonia bealliae,Asteraceae,Vernonioideae,NA
Porophyllum linaria,Asteraceae,Asteroideae,NA
Senecio riddellii,Asteraceae,Asteroideae,NA
Packera tampicana,Asteraceae,Asteroideae,NA
Senecio lithophilus,Asteraceae,Asteroideae,NA
Digitacalia jatrophoides jatrophoides,Asteraceae,Asteroideae,jatrophoides
Senecio picridis,Asteraceae,Asteroideae,NA
Porophyllum viridiflorum,Asteraceae,Asteroideae,NA
Senecio actinella,Asteraceae,Asteroideae,NA
Adenophyllum aurantium,Asteraceae,Asteroideae,NA
Thymophylla pentachaeta hartwegii,Asteraceae,Asteroideae,hartwegii
Dyssodia tagetiflora,Asteraceae,Asteroideae,NA
Roldana lobata,Asteraceae,Asteroideae,NA
Senecio toluccanus,Asteraceae,Asteroideae,NA
Senecio stoechadiformis,Asteraceae,Asteroideae,NA
Roldana heracleifolia,Asteraceae,Asteroideae,NA
Roldana pennellii pennellii,Asteraceae,Asteroideae,pennellii
Roldana aschenborniana,Asteraceae,Asteroideae,NA
Psacalium cirsiifolium,Asteraceae,Asteroideae,NA
Thymophylla aurantiaca,Asteraceae,Asteroideae,NA
Vernonanthura cronquistii,Asteraceae,Vernonioideae,NA
Vernonia greggii,Asteraceae,Vernonioideae,NA
Tagetes filifolia,Asteraceae,Asteroideae,NA
Senecio picridis,Asteraceae,Asteroideae,NA
Roldana heterogama,Asteraceae,Asteroideae,NA
Digitacalia jatrophoides pentaloba,Asteraceae,Asteroideae,pentaloba
Psacalium cirsiifolium,Asteraceae,Asteroideae,NA
Psacalium peltatum adenophorum,Asteraceae,Asteroideae,adenophorum
Trixis michuacana longifolia,Asteraceae,Mutisioideae,longifolia
Dyssodia tagetiflora,Asteraceae,Asteroideae,NA
Barkleyanthus salicifolius,Asteraceae,Asteroideae,NA
Psacalium sinuatum,Asteraceae,Asteroideae,NA
Vernonia greggii,Asteraceae,Vernonioideae,NA
Psacalium megaphyllum,Asteraceae,Asteroideae,NA
Senecio toluccanus,Asteraceae,Asteroideae,NA
Dyssodia tagetiflora,Asteraceae,Asteroideae,NA
Porophyllum macrocephalum,Asteraceae,Asteroideae,NA
Roldana barba-johannis,Asteraceae,Asteroideae,NA
Tagetes foetidissima,Asteraceae,Asteroideae,NA
Roldana angulifolia,Asteraceae,Asteroideae,NA
Senecio toluccanus,Asteraceae,Asteroideae,NA
Senecio callosus,Asteraceae,Asteroideae,NA
Psacalium tussilaginoides,Asteraceae,Asteroideae,NA
Roldana angulifolia,Asteraceae,Asteroideae,NA
Psacalium brachycomum,Asteraceae,Asteroideae,NA
Psacalium sinuatum,Asteraceae,Asteroideae,NA
Tagetes pringlei,Asteraceae,Asteroideae,NA
Vernonanthura serratuloides,Asteraceae,Vernonioideae,NA
Packera quebradensis,Asteraceae,Asteroideae,NA
Dyssodia tagetiflora,Asteraceae,Asteroideae,NA
Lepidaploa tortuosa,Asteraceae,Vernonioideae,NA
Palafoxia lindenii,Asteraceae,Asteroideae,NA
Lepidaploa tortuosa,Asteraceae,Vernonioideae,NA
Vernonanthura cordata,Asteraceae,Vernonioideae,NA
Erechtites hieracifolia cacalioides,Asteraceae,NA,cacalioides
Roldana gentryi,Asteraceae,Asteroideae,NA
Telanthophora jaliscana,Asteraceae,Asteroideae,NA
Critoniopsis triflosculosa,Asteraceae,Vernonioideae,NA
Pseudogynoxys haenkei,Asteraceae,Asteroideae,NA
Erechtites valerianifolius,Asteraceae,Asteroideae,NA
Senecio polypodioides,Asteraceae,Asteroideae,NA
Psacalium peltatum peltatum,Asteraceae,Asteroideae,peltatum
Senecio cinerarioides,Asteraceae,Asteroideae,NA
Vernonanthura serratuloides,Asteraceae,Vernonioideae,NA
Roldana breedlovei,Asteraceae,Asteroideae,NA
Psacalium sinuatum,Asteraceae,Asteroideae,NA
Senecio stoechadiformis,Asteraceae,Asteroideae,NA
Barkleyanthus salicifolius,Asteraceae,Asteroideae,NA
Psacalium pachyphyllum,Asteraceae,Asteroideae,NA
Psacalium cronquistiorum,Asteraceae,Asteroideae,NA
Adenophyllum porophyllum cancellatum,Asteraceae,Asteroideae,cancellatum
Roldana schaffneri,Asteraceae,Asteroideae,NA
Senecio lemmonii,Asteraceae,Asteroideae,NA
Palafoxia arida arida,Asteraceae,Asteroideae,arida
Baileya pleniradiata,Asteraceae,Asteroideae,NA
Roldana chapalensis,Asteraceae,Asteroideae,NA
Acourtia cordata,Asteraceae,Mutisioideae,NA
Packera candidissima,Asteraceae,Asteroideae,NA
Roldana hartwegii,Asteraceae,Asteroideae,NA
Psacalium peltatum peltatum,Asteraceae,Asteroideae,peltatum
Psacalium silphiifolium,Asteraceae,Asteroideae,NA
Thymophylla pentachaeta pentachaeta,Asteraceae,Asteroideae,pentachaeta
Thymophylla pentachaeta pentachaeta,Asteraceae,Asteroideae,pentachaeta
Vernonanthura cordata,Asteraceae,Vernonioideae,NA
Palafoxia lindenii,Asteraceae,Asteroideae,NA
Porophyllum punctatum,Asteraceae,Asteroideae,NA
Senecio cinerarioides,Asteraceae,Asteroideae,NA
Roldana angulifolia,Asteraceae,Asteroideae,NA
Psacalium radulifolium,Asteraceae,Asteroideae,NA
Pentacalia venturae,Asteraceae,Asteroideae,NA
Vernonia bealliae,Asteraceae,Vernonioideae,NA
Acourtia nelsonii,Asteraceae,Mutisioideae,NA
Gynura aurantiaca,Asteraceae,Asteroideae,NA
Dyssodia tagetiflora,Asteraceae,Asteroideae,NA
Senecio argutus,Asteraceae,Asteroideae,NA
Senecio toluccanus,Asteraceae,Asteroideae,NA
Senecio callosus,Asteraceae,Asteroideae,NA
Packera sanguisorbae,Asteraceae,Asteroideae,NA
Adenophyllum porophyllum porophyllum,Asteraceae,Asteroideae,porophyllum
Psacalium cirsiifolium,Asteraceae,Asteroideae,NA
Adenophyllum porophyllum cancellatum,Asteraceae,Asteroideae,cancellatum
Pectis prostrata,Asteraceae,Asteroideae,NA
Psacalium pringlei,Asteraceae,Asteroideae,NA
Elephantopus mollis,Asteraceae,Vernonioideae,NA
Critoniopsis tomentosa,Asteraceae,Vernonioideae,NA
Psacalium cirsiifolium,Asteraceae,Asteroideae,NA
Barkleyanthus salicifolius,Asteraceae,Asteroideae,NA
Pectis exserta,Asteraceae,Asteroideae,NA
Telanthophora grandifolia grandifolia,Asteraceae,Asteroideae,grandifolia
Adenophyllum porophyllum porophyllum,Asteraceae,Asteroideae,porophyllum
Adenophyllum porophyllum porophyllum,Asteraceae,Asteroideae,porophyllum
Roldana sartorii,Asteraceae,Asteroideae,NA
Roldana sartorii,Asteraceae,Asteroideae,NA
Chrysactinia mexicana,Asteraceae,Asteroideae,NA
Psacalium palmeri,Asteraceae,Asteroideae,NA
Vernonanthura cordata,Asteraceae,Vernonioideae,NA
Roldana platanifolia,Asteraceae,Asteroideae,NA
Psacalium goldsmithii,Asteraceae,Asteroideae,NA
Psacalium brachycomum,Asteraceae,Asteroideae,NA
Vernonanthura cordata,Asteraceae,Vernonioideae,NA
Porophyllum viridiflorum,Asteraceae,Asteroideae,NA
Thymophylla pentachaeta pentachaeta,Asteraceae,Asteroideae,pentachaeta
Pectis multiflosculosa,Asteraceae,Asteroideae,NA
Tagetes pringlei,Asteraceae,Asteroideae,NA
Roldana lineolata,Asteraceae,Asteroideae,NA
Roldana pennellii pennellii,Asteraceae,Asteroideae,pennellii
Dyssodia tagetiflora,Asteraceae,Asteroideae,NA
Vernonia alamanii,Asteraceae,Vernonioideae,NA
Melampodium montanum viridulum,Asteraceae,Asteroideae,viridulum
Vernonia greggii,Asteraceae,Vernonioideae,NA
Adenophyllum porophyllum porophyllum,Asteraceae,Asteroideae,porophyllum
Adenophyllum porophyllum porophyllum,Asteraceae,Asteroideae,porophyllum
Vernonanthura liatroides,Asteraceae,Vernonioideae,NA
Roldana sessilifolia,Asteraceae,Asteroideae,NA
Vernonanthura liatroides,Asteraceae,Vernonioideae,NA
Roldana sessilifolia,Asteraceae,Asteroideae,NA
Thymophylla pentachaeta hartwegii,Asteraceae,Asteroideae,hartwegii
Thymophylla pentachaeta hartwegii,Asteraceae,Asteroideae,hartwegii
Dyssodia papposa,Asteraceae,Asteroideae,NA
Tagetes filifolia,Asteraceae,Asteroideae,NA
Barkleyanthus salicifolius,Asteraceae,Asteroideae,NA
Roldana gonzaleziae,Asteraceae,Asteroideae,NA
Adenophyllum porophyllum cancellatum,Asteraceae,Asteroideae,cancellatum
Pseudelephantopus spicatus,Asteraceae,Vernonioideae,NA
Psacalium decompositum,Asteraceae,Asteroideae,NA
Tagetes lunulata,Asteraceae,Asteroideae,NA
Tagetes lucida,Asteraceae,Asteroideae,NA
Tagetes lucida,Asteraceae,Asteroideae,NA
Psacalium purpusii,Asteraceae,Asteroideae,NA
Roldana cordovensis,Asteraceae,Asteroideae,NA
Roldana platanifolia,Asteraceae,Asteroideae,NA
Roldana barba-johannis,Asteraceae,Asteroideae,NA
Roldana barba-johannis,Asteraceae,Asteroideae,NA
Tagetes foetidissima,Asteraceae,Asteroideae,NA
Roldana barba-johannis,Asteraceae,Asteroideae,NA
Roldana angulifolia,Asteraceae,Asteroideae,NA
Senecio cinerarioides,Asteraceae,Asteroideae,NA
Erechtites hieracifolia cacalioides,Asteraceae,NA,cacalioides
Barkleyanthus salicifolius,Asteraceae,Asteroideae,NA
Senecio flaccidus flaccidus,Asteraceae,Asteroideae,flaccidus
Acourtia reticulata maculata,Asteraceae,Mutisioideae,maculata
Vernonanthura serratuloides,Asteraceae,Vernonioideae,NA
Vernonanthura serratuloides,Asteraceae,Vernonioideae,NA
Psacalium decompositum,Asteraceae,Asteroideae,NA
Senecio pattersonii,Asteraceae,Asteroideae,NA
Packera bellidifolia,Asteraceae,Asteroideae,NA
Thymophylla setifolia,Asteraceae,Asteroideae,NA
Erechtites hieracifolia cacalioides,Asteraceae,NA,cacalioides
Vernonanthura serratuloides,Asteraceae,Vernonioideae,NA
Pectis prostrata,Asteraceae,Asteroideae,NA
Pseudogynoxys haenkei,Asteraceae,Asteroideae,NA
Erechtites valerianifolius,Asteraceae,Asteroideae,NA
Dyssodia tagetiflora,Asteraceae,Asteroideae,NA
Thymophylla acerosa,Asteraceae,Asteroideae,NA
Thymophylla acerosa,Asteraceae,Asteroideae,NA
Erechtites valerianifolius,Asteraceae,Asteroideae,NA
Senecio chihuahuensis,Asteraceae,Asteroideae,NA
Senecio mairetianus,Asteraceae,Asteroideae,NA
Senecio procumbens,Asteraceae,Asteroideae,NA
Senecio mairetianus,Asteraceae,Asteroideae,NA
Tagetes erecta,Asteraceae,Asteroideae,NA
Packera coahuilensis,Asteraceae,Asteroideae,NA
Roldana schaffneri,Asteraceae,Asteroideae,NA
Telanthophora cobanensis cobanensis,Asteraceae,Asteroideae,cobanensis
Telanthophora cobanensis cobanensis,Asteraceae,Asteroideae,cobanensis
Critoniopsis uniflora,Asteraceae,Vernonioideae,NA
Adenophyllum porophyllum cancellatum,Asteraceae,Asteroideae,cancellatum
Psacalium decompositum,Asteraceae,Asteroideae,NA
Vernonanthura cordata,Asteraceae,Vernonioideae,NA
Vernonanthura cordata,Asteraceae,Vernonioideae,NA
Porophyllum lindenii,Asteraceae,Asteroideae,NA
Vernonia bealliae,Asteraceae,Vernonioideae,NA
Senecio umbraculifera,Asteraceae,Asteroideae,NA
Dyssodia pinnata pinnata,Asteraceae,Asteroideae,pinnata
Senecio mohavensis,Asteraceae,Asteroideae,NA
Senecio flaccidus monoensis,Asteraceae,Asteroideae,monoensis
Roldana michoacana,Asteraceae,Asteroideae,NA
Roldana aschenborniana,Asteraceae,Asteroideae,NA
Tagetes erecta,Asteraceae,Asteroideae,NA
Roldana barba-johannis,Asteraceae,Asteroideae,NA
Critoniopsis leiocarpa,Asteraceae,Vernonioideae,NA
Critoniopsis leiocarpa,Asteraceae,Vernonioideae,NA
Senecio deppeanus,Asteraceae,Asteroideae,NA
Roldana aschenborniana,Asteraceae,Asteroideae,NA
Roldana angulifolia,Asteraceae,Asteroideae,NA
Psacalium pachyphyllum,Asteraceae,Asteroideae,NA
Tagetes lucida,Asteraceae,Asteroideae,NA
Tagetes foetidissima,Asteraceae,Asteroideae,NA
Pectis multiflosculosa,Asteraceae,Asteroideae,NA
Elephantopus mollis,Asteraceae,Vernonioideae,NA
Pittocaulon praecox,Asteraceae,Asteroideae,NA
Psacalium peltatum peltatum,Asteraceae,Asteroideae,peltatum
Vernonia bealliae,Asteraceae,Vernonioideae,NA
Digitacalia jatrophoides jatrophoides,Asteraceae,Asteroideae,jatrophoides
Dyssodia tagetiflora,Asteraceae,Asteroideae,NA
Vernonanthura serratuloides,Asteraceae,Vernonioideae,NA
Barkleyanthus salicifolius,Asteraceae,Asteroideae,NA
Senecio callosus,Asteraceae,Asteroideae,NA
Senecio procumbens,Asteraceae,Asteroideae,NA
Senecio mairetianus,Asteraceae,Asteroideae,NA
Packera rosei,Asteraceae,Asteroideae,NA
Porophyllum punctatum,Asteraceae,Asteroideae,NA
Packera obovata,Asteraceae,Asteroideae,NA
Roldana pennellii pennellii,Asteraceae,Asteroideae,pennellii
Vernonanthura patens,Asteraceae,Vernonioideae,NA
Dyssodia tagetiflora,Asteraceae,Asteroideae,NA
Pseudelephantopus spicatus,Asteraceae,Vernonioideae,NA
Psacalium sinuatum,Asteraceae,Asteroideae,NA
Baltimora recta,Asteraceae,Asteroideae,NA
Baltimora recta,Asteraceae,Asteroideae,NA
Baltimora recta,Asteraceae,Asteroideae,NA
Tagetes erecta,Asteraceae,Asteroideae,NA
Cyanthillium cinereum,Asteraceae,Vernonioideae,NA
Psacalium peltigerum peltigerum,Asteraceae,Asteroideae,peltigerum
Roldana pennellii pennellii,Asteraceae,Asteroideae,pennellii
Tagetes micrantha,Asteraceae,Asteroideae,NA
Roldana subcymosa,Asteraceae,Asteroideae,NA
Barkleyanthus salicifolius,Asteraceae,Asteroideae,NA
Dyssodia tagetiflora,Asteraceae,Asteroideae,NA
Packera tampicana,Asteraceae,Asteroideae,NA
Psacalium radulifolium,Asteraceae,Asteroideae,NA
Roldana platanifolia,Asteraceae,Asteroideae,NA
Pectis prostrata,Asteraceae,Asteroideae,NA
Perityle rosei,Asteraceae,Asteroideae,NA
Roldana barba-johannis,Asteraceae,Asteroideae,NA
Packera hintoniorum,Asteraceae,Asteroideae,NA
Pittocaulon velatum velatum,Asteraceae,Asteroideae,velatum
Vernonia alamanii,Asteraceae,Vernonioideae,NA
Psacalium poculiferum,Asteraceae,Asteroideae,NA
Roldana marquesii,Asteraceae,Asteroideae,NA
Telanthophora grandifolia grandifolia,Asteraceae,Asteroideae,grandifolia
Tetradymia comosa,Asteraceae,Asteroideae,NA
Psacalium amplifolium,Asteraceae,Asteroideae,NA
Tagetes tenuifolia,Asteraceae,Asteroideae,NA
Tagetes foetidissima,Asteraceae,Asteroideae,NA
Roldana mexicana,Asteraceae,Asteroideae,NA
Senecio conzattii,Asteraceae,Asteroideae,NA
Tagetes lucida,Asteraceae,Asteroideae,NA
Packera quebradensis,Asteraceae,Asteroideae,NA
Senecio flaccidus flaccidus,Asteraceae,Asteroideae,flaccidus
Psacalium amplum,Asteraceae,Asteroideae,NA
Nicolletia edwardsii,Asteraceae,Asteroideae,NA
Nicolletia edwardsii,Asteraceae,Asteroideae,NA
Roldana pennellii durangensis,Asteraceae,Asteroideae,durangensis
Barkleyanthus salicifolius,Asteraceae,Asteroideae,NA
Tagetes lunulata,Asteraceae,Asteroideae,NA
Porophyllum punctatum,Asteraceae,Asteroideae,NA
Dyssodia tagetiflora,Asteraceae,Asteroideae,NA
Elephantopus mollis,Asteraceae,Vernonioideae,NA
Dyssodia tagetiflora,Asteraceae,Asteroideae,NA
Porophyllum macrocephalum,Asteraceae,Asteroideae,NA
Vernonanthura serratuloides,Asteraceae,Vernonioideae,NA
Psacaliopsis paneroi juxtlahuacensis,Asteraceae,Asteroideae,juxtlahuacensis
Senecio deformis,Asteraceae,Asteroideae,NA
Barkleyanthus salicifolius,Asteraceae,Asteroideae,NA
Senecio lemmonii,Asteraceae,Asteroideae,NA
Porophyllum punctatum,Asteraceae,Asteroideae,NA
Packera quebradensis,Asteraceae,Asteroideae,NA
Tagetes erecta,Asteraceae,Asteroideae,NA
Porophyllum linaria,Asteraceae,Asteroideae,NA
Senecio flaccidus flaccidus,Asteraceae,Asteroideae,flaccidus
Critoniopsis salicifolia,Asteraceae,Vernonioideae,NA
Adenophyllum porophyllum cancellatum,Asteraceae,Asteroideae,cancellatum
Lepidaploa canescens,Asteraceae,Vernonioideae,NA
Roldana gesneriifolia,Asteraceae,Asteroideae,NA
Senecio gerberifolius,Asteraceae,Asteroideae,NA
Barkleyanthus salicifolius,Asteraceae,Asteroideae,NA
Tagetes filifolia,Asteraceae,Asteroideae,NA
Roldana lobata,Asteraceae,Asteroideae,NA
Adenophyllum porophyllum porophyllum,Asteraceae,Asteroideae,porophyllum
Senecio toluccanus,Asteraceae,Asteroideae,NA
Senecio toluccanus,Asteraceae,Asteroideae,NA
Senecio deppeanus,Asteraceae,Asteroideae,NA
Packera sanguisorbae,Asteraceae,Asteroideae,NA
Adenophyllum porophyllum cancellatum,Asteraceae,Asteroideae,cancellatum
Pectis prostrata,Asteraceae,Asteroideae,NA
Vernonia greggii,Asteraceae,Vernonioideae,NA
Packera tampicana,Asteraceae,Asteroideae,NA
Dyssodia papposa,Asteraceae,Asteroideae,NA
Senecio callosus,Asteraceae,Asteroideae,NA
Pittocaulon velatum velatum,Asteraceae,Asteroideae,velatum
Critoniopsis triflosculosa,Asteraceae,Vernonioideae,NA
Lepidaploa canescens,Asteraceae,Vernonioideae,NA
Packera coahuilensis,Asteraceae,Asteroideae,NA
Jaliscoa pringlei,Asteraceae,Asteroideae,NA
Roldana sessilifolia,Asteraceae,Asteroideae,NA
Lepidaploa canescens,Asteraceae,Vernonioideae,NA
Dyssodia papposa,Asteraceae,Asteroideae,NA
Dyssodia tagetiflora,Asteraceae,Asteroideae,NA
Psacalium amplum,Asteraceae,Asteroideae,NA
Psacalium sinuatum,Asteraceae,Asteroideae,NA
Roldana barba-johannis,Asteraceae,Asteroideae,NA
Packera tampicana,Asteraceae,Asteroideae,NA
Senecio billieturneri,Asteraceae,Asteroideae,NA
Pectis multiflosculosa,Asteraceae,Asteroideae,NA
Roldana acutangula,Asteraceae,Asteroideae,NA
Vernonia greggii,Asteraceae,Vernonioideae,NA
Roldana hartwegii,Asteraceae,Asteroideae,NA
Tagetes filifolia,Asteraceae,Asteroideae,NA
Erechtites hieracifolia cacalioides,Asteraceae,NA,cacalioides
Roldana sartorii,Asteraceae,Asteroideae,NA
Senecio loratifolius,Asteraceae,Asteroideae,NA
Psacalium peltatum adenophorum,Asteraceae,Asteroideae,adenophorum
Senecio mulgediifolius,Asteraceae,Asteroideae,NA
Packera coahuilensis,Asteraceae,Asteroideae,NA
Barkleyanthus salicifolius,Asteraceae,Asteroideae,NA
Psacalium holwayanum,Asteraceae,Asteroideae,NA
Thymophylla pentachaeta pentachaeta,Asteraceae,Asteroideae,pentachaeta
Barkleyanthus salicifolius,Asteraceae,Asteroideae,NA
Packera tampicana,Asteraceae,Asteroideae,NA
Packera neomexicana neomexicana,Asteraceae,Asteroideae,neomexicana
Senecio prionopterus,Asteraceae,Asteroideae,NA
Roldana chapalensis,Asteraceae,Asteroideae,NA
Roldana barba-johannis,Asteraceae,Asteroideae,NA
Tagetes foetidissima,Asteraceae,Asteroideae,NA
Adenophyllum wrightii pulcherrimum,Asteraceae,Asteroideae,pulcherrimum
Pectis exserta,Asteraceae,Asteroideae,NA
Roldana cronquistii,Asteraceae,Asteroideae,NA
Psacalium pentaflorum,Asteraceae,Asteroideae,NA
Roldana michoacana,Asteraceae,Asteroideae,NA
Pippenalia delphiniifolia,Asteraceae,Asteroideae,NA
Pseudelephantopus spicatus,Asteraceae,Vernonioideae,NA
Roldana aschenborniana,Asteraceae,Asteroideae,NA
Senecio mulgediifolius,Asteraceae,Asteroideae,NA
Senecio mulgediifolius,Asteraceae,Asteroideae,NA
Pseudelephantopus spicatus,Asteraceae,Vernonioideae,NA
Tagetes erecta,Asteraceae,Asteroideae,NA
Dyssodia tagetiflora,Asteraceae,Asteroideae,NA
Dyssodia tagetiflora,Asteraceae,Asteroideae,NA
Psacalium megaphyllum,Asteraceae,Asteroideae,NA
Roldana cronquistii,Asteraceae,Asteroideae,NA
Telanthophora cobanensis cobanensis,Asteraceae,Asteroideae,cobanensis
Senecio deppeanus,Asteraceae,Asteroideae,NA
Porophyllum linaria,Asteraceae,Asteroideae,NA
Senecio mohavensis,Asteraceae,Asteroideae,NA
Tagetes lunulata,Asteraceae,Asteroideae,NA
Roldana heracleifolia,Asteraceae,Asteroideae,NA
Roldana cristobalensis,Asteraceae,Asteroideae,NA
Senecio lemmonii,Asteraceae,Asteroideae,NA
Critoniopsis foliosa,Asteraceae,Vernonioideae,NA
Critoniopsis foliosa,Asteraceae,Vernonioideae,NA
Roldana aschenborniana,Asteraceae,Asteroideae,NA
Roldana michoacana,Asteraceae,Asteroideae,NA
Barkleyanthus salicifolius,Asteraceae,Asteroideae,NA
Vernonia bealliae,Asteraceae,Vernonioideae,NA
Roldana aschenborniana,Asteraceae,Asteroideae,NA
Roldana angulifolia,Asteraceae,Asteroideae,NA
Roldana albonervia,Asteraceae,Asteroideae,NA
Psacalium sinuatum,Asteraceae,Asteroideae,NA
Psacalium sinuatum,Asteraceae,Asteroideae,NA
Roldana chapalensis,Asteraceae,Asteroideae,NA
Pectis multiflosculosa,Asteraceae,Asteroideae,NA
Senecio jacalensis,Asteraceae,Asteroideae,NA
Roldana aschenborniana,Asteraceae,Asteroideae,NA
Chrysactinia mexicana,Asteraceae,Asteroideae,NA
Senecio stoechadiformis,Asteraceae,Asteroideae,NA
Pittocaulon velatum velatum,Asteraceae,Asteroideae,velatum
Barkleyanthus salicifolius,Asteraceae,Asteroideae,NA
Dyssodia tagetiflora,Asteraceae,Asteroideae,NA
Dyssodia papposa,Asteraceae,Asteroideae,NA
Psacalium palmeri,Asteraceae,Asteroideae,NA
Psacalium pringlei,Asteraceae,Asteroideae,NA
Psacalium brachycomum,Asteraceae,Asteroideae,NA
Packera sanguisorbae,Asteraceae,Asteroideae,NA
Dyssodia decipiens,Asteraceae,Asteroideae,NA
Roldana lineolata,Asteraceae,Asteroideae,NA
Psacalium peltatum peltatum,Asteraceae,Asteroideae,peltatum
Tagetes filifolia,Asteraceae,Asteroideae,NA
Vernonia karvinskiana karwinskiana,Asteraceae,Vernonioideae,karwinskiana
Dyssodia decipiens,Asteraceae,Asteroideae,NA
Adenophyllum glandulosum,Asteraceae,Asteroideae,NA
Tagetes filifolia,Asteraceae,Asteroideae,NA
Vernonia karvinskiana inuloides,Asteraceae,Vernonioideae,inuloides
Roldana barba-johannis,Asteraceae,Asteroideae,NA
Roldana platanifolia,Asteraceae,Asteroideae,NA
Dyssodia tagetiflora,Asteraceae,Asteroideae,NA
Roldana sessilifolia,Asteraceae,Asteroideae,NA
Psacalium radulifolium,Asteraceae,Asteroideae,NA
Psacalium sinuatum,Asteraceae,Asteroideae,NA
Barkleyanthus salicifolius,Asteraceae,Asteroideae,NA
Roldana mexicana,Asteraceae,Asteroideae,NA
Pittocaulon velatum velatum,Asteraceae,Asteroideae,velatum
Packera tampicana,Asteraceae,Asteroideae,NA
Pectis multiflosculosa,Asteraceae,Asteroideae,NA
Roldana acutangula,Asteraceae,Asteroideae,NA
Pittocaulon praecox,Asteraceae,Asteroideae,NA
Adenophyllum porophyllum cancellatum,Asteraceae,Asteroideae,cancellatum
Senecio cinerarioides,Asteraceae,Asteroideae,NA
Psacalium amplum,Asteraceae,Asteroideae,NA
Adenophyllum porophyllum porophyllum,Asteraceae,Asteroideae,porophyllum
Psacalium peltatum peltatum,Asteraceae,Asteroideae,peltatum
Packera sanguisorbae,Asteraceae,Asteroideae,NA
Psacalium eriocarpum,Asteraceae,Asteroideae,NA
Adenophyllum porophyllum cancellatum,Asteraceae,Asteroideae,cancellatum
Adenophyllum porophyllum cancellatum,Asteraceae,Asteroideae,cancellatum
Senecio stoechadiformis,Asteraceae,Asteroideae,NA
Tagetes foetidissima,Asteraceae,Asteroideae,NA
Dyssodia decipiens,Asteraceae,Asteroideae,NA
Pseudelephantopus spicatus,Asteraceae,Vernonioideae,NA
Packera coahuilensis,Asteraceae,Asteroideae,NA
Tagetes pringlei,Asteraceae,Asteroideae,NA
Tagetes erecta,Asteraceae,Asteroideae,NA
Pittocaulon praecox,Asteraceae,Asteroideae,NA
Senecio toluccanus,Asteraceae,Asteroideae,NA
Senecio toluccanus,Asteraceae,Asteroideae,NA
Senecio aphanactis,Asteraceae,Asteroideae,NA
Senecio stoechadiformis,Asteraceae,Asteroideae,NA
Telanthophora andrieuxii,Asteraceae,Asteroideae,NA
Roldana lineolata,Asteraceae,Asteroideae,NA
Senecio procumbens,Asteraceae,Asteroideae,NA
Packera bellidifolia,Asteraceae,Asteroideae,NA
Critoniopsis triflosculosa,Asteraceae,Vernonioideae,NA
Dyssodia tagetiflora,Asteraceae,Asteroideae,NA
Barkleyanthus salicifolius,Asteraceae,Asteroideae,NA
Pseudogynoxys chenopodioides chenopodioides,Asteraceae,Asteroideae,chenopodioides
Pseudogynoxys chenopodioides chenopodioides,Asteraceae,Asteroideae,chenopodioides
Roldana heracleifolia,Asteraceae,Asteroideae,NA
Senecio stoechadiformis,Asteraceae,Asteroideae,NA
Senecio californicus,Asteraceae,Asteroideae,NA
Senecio flaccidus monoensis,Asteraceae,Asteroideae,monoensis
Tagetes erecta,Asteraceae,Asteroideae,NA
Pectis multiflosculosa,Asteraceae,Asteroideae,NA
Porophyllum punctatum,Asteraceae,Asteroideae,NA
Pseudelephantopus spicatus,Asteraceae,Vernonioideae,NA
Roldana lineolata,Asteraceae,Asteroideae,NA
Bolanosa coulteri,Asteraceae,Vernonioideae,NA
Dyssodia tagetiflora,Asteraceae,Asteroideae,NA
Senecio stoechadiformis,Asteraceae,Asteroideae,NA
Tagetes filifolia,Asteraceae,Asteroideae,NA
Dyssodia tagetiflora,Asteraceae,Asteroideae,NA
Senecio multidentatus multidentatus,Asteraceae,Asteroideae,multidentatus
Nicolletia edwardsii,Asteraceae,Asteroideae,NA
Lepidonia jonesii,Asteraceae,Vernonioideae,NA
Senecio toluccanus,Asteraceae,Asteroideae,NA
Vernonia alamanii,Asteraceae,Vernonioideae,NA
Senecio lemmonii,Asteraceae,Asteroideae,NA
Senecio callosus,Asteraceae,Asteroideae,NA
Pseudogynoxys chenopodioides chenopodioides,Asteraceae,Asteroideae,chenopodioides
Pseudogynoxys chenopodioides chenopodioides,Asteraceae,Asteroideae,chenopodioides
Roldana hartwegii,Asteraceae,Asteroideae,NA
Critoniopsis macphersonii,Asteraceae,Vernonioideae,NA
Dyssodia papposa,Asteraceae,Asteroideae,NA
Vernonia karvinskiana inuloides,Asteraceae,Vernonioideae,inuloides
Psacalium cervinum,Asteraceae,Asteroideae,NA
Telanthophora uspantanensis,Asteraceae,Asteroideae,NA
Telanthophora uspantanensis,Asteraceae,Asteroideae,NA
Roldana cristobalensis,Asteraceae,Asteroideae,NA
Roldana breedlovei,Asteraceae,Asteroideae,NA
Roldana acutangula,Asteraceae,Asteroideae,NA
Senecio procumbens,Asteraceae,Asteroideae,NA
Tagetes tenuifolia,Asteraceae,Asteroideae,NA
Tagetes erecta,Asteraceae,Asteroideae,NA
Pectis saturejoides,Asteraceae,Asteroideae,NA
Telanthophora grandifolia grandifolia,Asteraceae,Asteroideae,grandifolia
Roldana schaffneri,Asteraceae,Asteroideae,NA
Leiboldia serrata,Asteraceae,Vernonioideae,NA
Vernonia alamanii,Asteraceae,Vernonioideae,NA
Vernonia alamanii,Asteraceae,Vernonioideae,NA
Packera scalaris scalaris,Asteraceae,Asteroideae,scalaris
Senecio vulgaris,Asteraceae,Asteroideae,NA
Roldana lobata,Asteraceae,Asteroideae,NA
Pseudogynoxys haenkei,Asteraceae,Asteroideae,NA
Porophyllum punctatum,Asteraceae,Asteroideae,NA
Vernonanthura patens,Asteraceae,Vernonioideae,NA
Psacalium poculiferum,Asteraceae,Asteroideae,NA
Pippenalia delphiniifolia,Asteraceae,Asteroideae,NA
Pittocaulon praecox,Asteraceae,Asteroideae,NA
Dyssodia tagetiflora,Asteraceae,Asteroideae,NA
Roldana grimesii,Asteraceae,Asteroideae,NA
Roldana hartwegii,Asteraceae,Asteroideae,NA
Psacalium decompositum,Asteraceae,Asteroideae,NA
Senecio mulgediifolius,Asteraceae,Asteroideae,NA
Senecio mulgediifolius,Asteraceae,Asteroideae,NA
Porophyllum macrocephalum,Asteraceae,Asteroideae,NA
Senecio lithophilus,Asteraceae,Asteroideae,NA
Galeana pratensis,Asteraceae,Asteroideae,NA
Pectis prostrata,Asteraceae,Asteroideae,NA
Senecio stoechadiformis,Asteraceae,Asteroideae,NA
Dyssodia tagetiflora,Asteraceae,Asteroideae,NA
Senecio callosus,Asteraceae,Asteroideae,NA
Senecio lemmonii,Asteraceae,Asteroideae,NA
Tagetes filifolia,Asteraceae,Asteroideae,NA
Roldana galiciana,Asteraceae,Asteroideae,NA
Dyssodia tagetiflora,Asteraceae,Asteroideae,NA
Dyssodia tagetiflora,Asteraceae,Asteroideae,NA
Pectis exserta,Asteraceae,Asteroideae,NA
Vernonia greggii,Asteraceae,Vernonioideae,NA
Psacalium peltigerum peltigerum,Asteraceae,Asteroideae,peltigerum
Barkleyanthus salicifolius,Asteraceae,Asteroideae,NA
Pectis prostrata,Asteraceae,Asteroideae,NA
Roldana heracleifolia,Asteraceae,Asteroideae,NA
Roldana michoacana,Asteraceae,Asteroideae,NA
Dyssodia papposa,Asteraceae,Asteroideae,NA
Barkleyanthus salicifolius,Asteraceae,Asteroideae,NA
Vernonanthura cordata,Asteraceae,Vernonioideae,NA
Vernonanthura liatroides,Asteraceae,Vernonioideae,NA
Digitacalia napeifolia,Asteraceae,Asteroideae,NA
Thymophylla setifolia,Asteraceae,Asteroideae,NA
Porophyllum linaria,Asteraceae,Asteroideae,NA
Porophyllum linaria,Asteraceae,Asteroideae,NA
Senecio callosus,Asteraceae,Asteroideae,NA
Porophyllum filiforme,Asteraceae,Asteroideae,NA
Psacalium peltatum peltatum,Asteraceae,Asteroideae,peltatum
Dyssodia tagetiflora,Asteraceae,Asteroideae,NA
Senecio claryae,Asteraceae,Asteroideae,NA
Porophyllum viridiflorum,Asteraceae,Asteroideae,NA
Dyssodia tagetiflora,Asteraceae,Asteroideae,NA
Senecio flaccidus flaccidus,Asteraceae,Asteroideae,flaccidus
Helenium quadridentatum,Asteraceae,Asteroideae,NA
Senecio vulgaris,Asteraceae,Asteroideae,NA
Gaillardia pulchella pulchella,Asteraceae,Asteroideae,pulchella
Roldana chapalensis,Asteraceae,Asteroideae,NA
Porophyllum punctatum,Asteraceae,Asteroideae,NA
Senecio powellii,Asteraceae,Asteroideae,NA
Roldana aschenborniana,Asteraceae,Asteroideae,NA
Tagetes erecta,Asteraceae,Asteroideae,NA
Bolanosa coulteri,Asteraceae,Vernonioideae,NA
Bolanosa coulteri,Asteraceae,Vernonioideae,NA
Vernonanthura serratuloides,Asteraceae,Vernonioideae,NA
Acourtia fruticosa,Asteraceae,Mutisioideae,NA
Critoniopsis foliosa,Asteraceae,Vernonioideae,NA
Senecio vulgaris,Asteraceae,Asteroideae,NA
Senecio callosus,Asteraceae,Asteroideae,NA
Roldana angulifolia,Asteraceae,Asteroideae,NA
Pittocaulon filare,Asteraceae,Asteroideae,NA
Senecio durangensis atrapiculatus,Asteraceae,Asteroideae,atrapiculatus
Critoniopsis obtusa,Asteraceae,Vernonioideae,NA
Packera bellidifolia,Asteraceae,Asteroideae,NA
Senecio bracteatus,Asteraceae,Asteroideae,NA
Roldana heracleifolia,Asteraceae,Asteroideae,NA
Schkuhria pinnata wislizeni,Asteraceae,Asteroideae,wislizeni
Barkleyanthus salicifolius,Asteraceae,Asteroideae,NA
Vernonanthura cordata,Asteraceae,Vernonioideae,NA
Adenophyllum porophyllum porophyllum,Asteraceae,Asteroideae,porophyllum
Psacaliopsis purpusii,Asteraceae,Asteroideae,NA
Senecio iodanthus,Asteraceae,Asteroideae,NA
Erechtites valerianifolius,Asteraceae,Asteroideae,NA
Senecio ritoveganus,Asteraceae,Asteroideae,NA
Packera obovata,Asteraceae,Asteroideae,NA
Porophyllum punctatum,Asteraceae,Asteroideae,NA
Lepidaploa salzmannii,Asteraceae,Vernonioideae,NA
Barkleyanthus salicifolius,Asteraceae,Asteroideae,NA
Senecio callosus,Asteraceae,Asteroideae,NA
Roldana barba-johannis,Asteraceae,Asteroideae,NA
Senecio toluccanus,Asteraceae,Asteroideae,NA
Senecio callosus,Asteraceae,Asteroideae,NA
Senecio toluccanus,Asteraceae,Asteroideae,NA
Senecio cinerarioides,Asteraceae,Asteroideae,NA
Pseudelephantopus spicatus,Asteraceae,Vernonioideae,NA
Roldana lineolata,Asteraceae,Asteroideae,NA
Roldana hartwegii,Asteraceae,Asteroideae,NA
Pectis elongata fasciculiflora,Asteraceae,Asteroideae,fasciculiflora
Porophyllum gracile,Asteraceae,Asteroideae,NA
Packera coahuilensis,Asteraceae,Asteroideae,NA
Pseudelephantopus spicatus,Asteraceae,Vernonioideae,NA
Senecio deppeanus,Asteraceae,Asteroideae,NA
Senecio deppeanus,Asteraceae,Asteroideae,NA
Vernonia bealliae,Asteraceae,Vernonioideae,NA
Vernonia bealliae,Asteraceae,Vernonioideae,NA
Senecio riskindii,Asteraceae,Asteroideae,NA
Packera millelobata,Asteraceae,Asteroideae,NA
Packera obovata,Asteraceae,Asteroideae,NA
Vernonia alamanii,Asteraceae,Vernonioideae,NA
Senecio runcinatus,Asteraceae,Asteroideae,NA
Senecio callosus,Asteraceae,Asteroideae,NA
Psacalium mollifolium,Asteraceae,Asteroideae,NA
Barkleyanthus salicifolius,Asteraceae,Asteroideae,NA
Roldana chapalensis,Asteraceae,Asteroideae,NA
Senecio iodanthus,Asteraceae,Asteroideae,NA
Critoniopsis foliosa,Asteraceae,Vernonioideae,NA
Psacalium sinuatum,Asteraceae,Asteroideae,NA
Roldana sessilifolia,Asteraceae,Asteroideae,NA
Psacalium sinuatum,Asteraceae,Asteroideae,NA
Packera tampicana,Asteraceae,Asteroideae,NA
Dyssodia pinnata pinnata,Asteraceae,Asteroideae,pinnata
Florestina pedata,Asteraceae,Asteroideae,NA
Barkleyanthus salicifolius,Asteraceae,Asteroideae,NA
Psacalium palmeri,Asteraceae,Asteroideae,NA
Vernonia alamanii,Asteraceae,Vernonioideae,NA
Vernonia greggii,Asteraceae,Vernonioideae,NA
Pseudelephantopus spicatus,Asteraceae,Vernonioideae,NA
Leiboldia serrata,Asteraceae,Vernonioideae,NA
Vernonia alamanii,Asteraceae,Vernonioideae,NA
Roldana oaxacana,Asteraceae,Asteroideae,NA
Roldana hartwegii,Asteraceae,Asteroideae,NA
Roldana heracleifolia,Asteraceae,Asteroideae,NA
Roldana aschenborniana,Asteraceae,Asteroideae,NA
Dyssodia tagetiflora,Asteraceae,Asteroideae,NA
Dyssodia tagetiflora,Asteraceae,Asteroideae,NA
Psacalium globosum,Asteraceae,Asteroideae,NA
Digitacalia jatrophoides jatrophoides,Asteraceae,Asteroideae,jatrophoides
Vernonanthura cordata,Asteraceae,Vernonioideae,NA
Senecio runcinatus,Asteraceae,Asteroideae,NA
Roldana michoacana,Asteraceae,Asteroideae,NA
Tagetes filifolia,Asteraceae,Asteroideae,NA
Senecio californicus,Asteraceae,Asteroideae,NA
Roldana cristobalensis,Asteraceae,Asteroideae,NA
Vernonanthura serratuloides,Asteraceae,Vernonioideae,NA
Vernonanthura serratuloides,Asteraceae,Vernonioideae,NA
Senecio cinerarioides,Asteraceae,Asteroideae,NA
Senecio deppeanus,Asteraceae,Asteroideae,NA
Senecio deppeanus,Asteraceae,Asteroideae,NA
Pseudelephantopus spicatus,Asteraceae,Vernonioideae,NA
Trixis hyposericea,Asteraceae,Mutisioideae,NA
Psacalium radulifolium,Asteraceae,Asteroideae,NA
Pectis rusbyi,Asteraceae,Asteroideae,NA
Porophyllum macrocephalum,Asteraceae,Asteroideae,NA
Nelsonianthus epiphyticus,Asteraceae,Asteroideae,NA
Psacalium radulifolium,Asteraceae,Asteroideae,NA
Pittocaulon velatum velatum,Asteraceae,Asteroideae,velatum
Comaclinium montanum,Asteraceae,Asteroideae,NA
Comaclinium montanum,Asteraceae,Asteroideae,NA
Dyssodia tagetiflora,Asteraceae,Asteroideae,NA
Tagetes erecta,Asteraceae,Asteroideae,NA
Roldana guadalajarensis,Asteraceae,Asteroideae,NA
Critoniopsis tomentosa,Asteraceae,Vernonioideae,NA
Critoniopsis tomentosa,Asteraceae,Vernonioideae,NA
Digitacalia jatrophoides pentaloba,Asteraceae,Asteroideae,pentaloba
Packera scalaris parrasiana,Asteraceae,Asteroideae,parrasiana
Erechtites valerianifolius,Asteraceae,Asteroideae,NA
Barkleyanthus salicifolius,Asteraceae,Asteroideae,NA
Elephantopus mollis,Asteraceae,Vernonioideae,NA
Vernonia steetzii,Asteraceae,Vernonioideae,NA
Pittocaulon velatum velatum,Asteraceae,Asteroideae,velatum
Psacalium pringlei,Asteraceae,Asteroideae,NA
Sonchus oleraceus,Asteraceae,Cichorioideae,NA
Adenophyllum porophyllum cancellatum,Asteraceae,Asteroideae,cancellatum
Dyssodia tagetiflora,Asteraceae,Asteroideae,NA
Psacalium quercifolium,Asteraceae,Asteroideae,NA
Packera sanguisorbae,Asteraceae,Asteroideae,NA
Tagetes lucida,Asteraceae,Asteroideae,NA
Pittocaulon filare,Asteraceae,Asteroideae,NA
Tagetes foetidissima,Asteraceae,Asteroideae,NA
Senecio roseus,Asteraceae,Asteroideae,NA
Roldana reticulata,Asteraceae,Asteroideae,NA
Hydropectis stevensii,Asteraceae,Asteroideae,NA
Roldana albonervia,Asteraceae,Asteroideae,NA
Barkleyanthus salicifolius,Asteraceae,Asteroideae,NA
Roldana michoacana,Asteraceae,Asteroideae,NA
Roldana michoacana,Asteraceae,Asteroideae,NA
Pseudogynoxys chenopodioides chenopodioides,Asteraceae,Asteroideae,chenopodioides
Senecio flaccidus flaccidus,Asteraceae,Asteroideae,flaccidus
Erechtites hieracifolia cacalioides,Asteraceae,NA,cacalioides
Vernonia bealliae,Asteraceae,Vernonioideae,NA
Pseudogynoxys chenopodioides chenopodioides,Asteraceae,Asteroideae,chenopodioides
Pseudogynoxys chenopodioides chenopodioides,Asteraceae,Asteroideae,chenopodioides
Pseudogynoxys chenopodioides chenopodioides,Asteraceae,Asteroideae,chenopodioides
Elephantopus mollis,Asteraceae,Vernonioideae,NA
Porophyllum pringlei,Asteraceae,Asteroideae,NA
Pseudelephantopus spicatus,Asteraceae,Vernonioideae,NA
Roldana sessilifolia,Asteraceae,Asteroideae,NA
Pseudelephantopus spicatus,Asteraceae,Vernonioideae,NA
Pseudelephantopus spicatus,Asteraceae,Vernonioideae,NA
Porophyllum macrocephalum,Asteraceae,Asteroideae,NA
Roldana heracleifolia,Asteraceae,Asteroideae,NA
Roldana heracleifolia,Asteraceae,Asteroideae,NA
Tagetes lunulata,Asteraceae,Asteroideae,NA
Vernonanthura serratuloides,Asteraceae,Vernonioideae,NA
Roldana heracleifolia,Asteraceae,Asteroideae,NA
Roldana lineolata,Asteraceae,Asteroideae,NA
Roldana lineolata,Asteraceae,Asteroideae,NA
Senecio vulgaris,Asteraceae,Asteroideae,NA
Pseudelephantopus spicatus,Asteraceae,Vernonioideae,NA
Packera bellidifolia,Asteraceae,Asteroideae,NA
Senecio iodanthus,Asteraceae,Asteroideae,NA
Psacalium cirsiifolium,Asteraceae,Asteroideae,NA
Dyssodia tagetiflora,Asteraceae,Asteroideae,NA
Senecio toluccanus,Asteraceae,Asteroideae,NA
Adenophyllum squamosum,Asteraceae,Asteroideae,NA
Galeana pratensis,Asteraceae,Asteroideae,NA
Psacalium laxiflorum,Asteraceae,Asteroideae,NA
Dyssodia tagetiflora,Asteraceae,Asteroideae,NA
Critoniopsis solorzanoana,Asteraceae,Vernonioideae,NA
Senecio bracteatus,Asteraceae,Asteroideae,NA
Senecio flaccidus flaccidus,Asteraceae,Asteroideae,flaccidus
Tagetes filifolia,Asteraceae,Asteroideae,NA
Roldana gilgii,Asteraceae,Asteroideae,NA
Melampodium microcephalum,Asteraceae,Asteroideae,NA
Tagetes erecta,Asteraceae,Asteroideae,NA
Chrysactinia mexicana,Asteraceae,Asteroideae,NA
Stramentopappus pooleae,Asteraceae,Vernonioideae,NA
Senecio callosus,Asteraceae,Asteroideae,NA
Senecio iodanthus,Asteraceae,Asteroideae,NA
Dyssodia tagetiflora,Asteraceae,Asteroideae,NA
Erechtites hieracifolia cacalioides,Asteraceae,NA,cacalioides
Packera obovata,Asteraceae,Asteroideae,NA
Pectis filipes,Asteraceae,Asteroideae,NA
Dyssodia decipiens,Asteraceae,Asteroideae,NA
Psacalium radulifolium,Asteraceae,Asteroideae,NA
Senecio aphanactis,Asteraceae,Asteroideae,NA
Porophyllum pringlei,Asteraceae,Asteroideae,NA
Senecio roseus,Asteraceae,Asteroideae,NA
Senecio cinerarioides,Asteraceae,Asteroideae,NA
Roldana hartwegii,Asteraceae,Asteroideae,NA
Roldana mexicana,Asteraceae,Asteroideae,NA
Psacalium sinuatum,Asteraceae,Asteroideae,NA
Senecio roseus,Asteraceae,Asteroideae,NA
Senecio mairetianus,Asteraceae,Asteroideae,NA
Roldana lineolata,Asteraceae,Asteroideae,NA
Psacalium peltigerum peltigerum,Asteraceae,Asteroideae,peltigerum
Critoniopsis autumnalis,Asteraceae,Vernonioideae,NA
Pseudogynoxys chenopodioides chenopodioides,Asteraceae,Asteroideae,chenopodioides
Vernonanthura liatroides,Asteraceae,Vernonioideae,NA
Vernonia bealliae,Asteraceae,Vernonioideae,NA
Dyssodia papposa,Asteraceae,Asteroideae,NA
Psacalium decompositum,Asteraceae,Asteroideae,NA
Roldana pennellii pennellii,Asteraceae,Asteroideae,pennellii
Psacalium radulifolium,Asteraceae,Asteroideae,NA
Roldana hartwegii,Asteraceae,Asteroideae,NA
Senecio madrensis,Asteraceae,Asteroideae,NA
Dyssodia tagetiflora,Asteraceae,Asteroideae,NA
Senecio flaccidus flaccidus,Asteraceae,Asteroideae,flaccidus
Pittocaulon velatum velatum,Asteraceae,Asteroideae,velatum
Tagetes filifolia,Asteraceae,Asteroideae,NA
Critoniopsis uniflora,Asteraceae,Vernonioideae,NA
Porophyllum punctatum,Asteraceae,Asteroideae,NA
Dyssodia tagetiflora,Asteraceae,Asteroideae,NA
Dyssodia papposa,Asteraceae,Asteroideae,NA
Tagetes micrantha,Asteraceae,Asteroideae,NA
Barkleyanthus salicifolius,Asteraceae,Asteroideae,NA
Roldana suffulta,Asteraceae,Asteroideae,NA
Erechtites valerianifolius,Asteraceae,Asteroideae,NA
Packera candidissima,Asteraceae,Asteroideae,NA
Critoniopsis foliosa,Asteraceae,Vernonioideae,NA
Dyssodia tagetiflora,Asteraceae,Asteroideae,NA
Dyssodia tagetiflora,Asteraceae,Asteroideae,NA
Barkleyanthus salicifolius,Asteraceae,Asteroideae,NA
Roldana barba-johannis,Asteraceae,Asteroideae,NA
Dyssodia tagetiflora,Asteraceae,Asteroideae,NA
Senecio callosus,Asteraceae,Asteroideae,NA
Roldana lobata,Asteraceae,Asteroideae,NA
Pittocaulon velatum velatum,Asteraceae,Asteroideae,velatum
Psacalium peltigerum peltigerum,Asteraceae,Asteroideae,peltigerum
Acourtia hooveri,Asteraceae,Mutisioideae,NA
Vernonia bealliae,Asteraceae,Vernonioideae,NA
Psacalium decompositum,Asteraceae,Asteroideae,NA
Psacalium platylepis,Asteraceae,Asteroideae,NA
Dyssodia pinnata glabrescens,Asteraceae,Asteroideae,glabrescens
Dyssodia papposa,Asteraceae,Asteroideae,NA
Dyssodia pinnata glabrescens,Asteraceae,Asteroideae,glabrescens
Dyssodia papposa,Asteraceae,Asteroideae,NA
Dyssodia papposa,Asteraceae,Asteroideae,NA
Dyssodia papposa,Asteraceae,Asteroideae,NA
Senecio deformis,Asteraceae,Asteroideae,NA
Senecio flaccidus flaccidus,Asteraceae,Asteroideae,flaccidus
Senecio flaccidus flaccidus,Asteraceae,Asteroideae,flaccidus
Porophyllum macrocephalum,Asteraceae,Asteroideae,NA
Psacalium palmeri,Asteraceae,Asteroideae,NA
Packera bellidifolia,Asteraceae,Asteroideae,NA
Vernonanthura patens,Asteraceae,Vernonioideae,NA
Roldana platanifolia,Asteraceae,Asteroideae,NA
Psacalium globosum,Asteraceae,Asteroideae,NA
Packera candidissima,Asteraceae,Asteroideae,NA
Tagetes nelsonii,Asteraceae,Asteroideae,NA
Psacalium amplifolium,Asteraceae,Asteroideae,NA
Adenophyllum porophyllum porophyllum,Asteraceae,Asteroideae,porophyllum
Thymophylla acerosa,Asteraceae,Asteroideae,NA
Thymophylla acerosa,Asteraceae,Asteroideae,NA
Pseudelephantopus spicatus,Asteraceae,Vernonioideae,NA
Pseudelephantopus spicatus,Asteraceae,Vernonioideae,NA
Dyssodia tagetiflora,Asteraceae,Asteroideae,NA
Psacalium goldsmithii,Asteraceae,Asteroideae,NA
Psacalium brachycomum,Asteraceae,Asteroideae,NA
Senecio roseus,Asteraceae,Asteroideae,NA
Tagetes micrantha,Asteraceae,Asteroideae,NA
Tagetes erecta,Asteraceae,Asteroideae,NA
Telanthophora grandifolia grandifolia,Asteraceae,Asteroideae,grandifolia
Roldana chapalensis,Asteraceae,Asteroideae,NA
Senecio callosus,Asteraceae,Asteroideae,NA
Tagetes lucida,Asteraceae,Asteroideae,NA
Roldana cristobalensis,Asteraceae,Asteroideae,NA
Adenophyllum porophyllum cancellatum,Asteraceae,Asteroideae,cancellatum
Senecio actinella,Asteraceae,Asteroideae,NA
Roldana oaxacana,Asteraceae,Asteroideae,NA
Pseudelephantopus spicatus,Asteraceae,Vernonioideae,NA
Erechtites hieracifolia cacalioides,Asteraceae,NA,cacalioides
Vernonanthura cordata,Asteraceae,Vernonioideae,NA
Tagetes micrantha,Asteraceae,Asteroideae,NA
Tagetes erecta,Asteraceae,Asteroideae,NA
Vernonanthura serratuloides,Asteraceae,Vernonioideae,NA
Digitacalia jatrophoides pentaloba,Asteraceae,Asteroideae,pentaloba
Senecio californicus,Asteraceae,Asteroideae,NA
Psacalium palmeri,Asteraceae,Asteroideae,NA
Roldana suffulta,Asteraceae,Asteroideae,NA
Psacalium poculiferum,Asteraceae,Asteroideae,NA
Roldana angulifolia,Asteraceae,Asteroideae,NA
Roldana angulifolia,Asteraceae,Asteroideae,NA
Senecio toluccanus,Asteraceae,Asteroideae,NA
Roldana lineolata,Asteraceae,Asteroideae,NA
Senecio toluccanus,Asteraceae,Asteroideae,NA
Packera sanguisorbae,Asteraceae,Asteroideae,NA
Psacalium matudae,Asteraceae,Asteroideae,NA
Vernonanthura cordata,Asteraceae,Vernonioideae,NA
Barkleyanthus salicifolius,Asteraceae,Asteroideae,NA
Lepidonia salvinae,Asteraceae,Vernonioideae,NA
Roldana hartwegii,Asteraceae,Asteroideae,NA
Pittocaulon velatum velatum,Asteraceae,Asteroideae,velatum
Psacalium amplifolium,Asteraceae,Asteroideae,NA
Boeberastrum anthemidifolium,Asteraceae,Asteroideae,NA
Roldana heracleifolia,Asteraceae,Asteroideae,NA
Pectis prostrata,Asteraceae,Asteroideae,NA
Pectis prostrata,Asteraceae,Asteroideae,NA
Psacalium cirsiifolium,Asteraceae,Asteroideae,NA
Porophyllum punctatum,Asteraceae,Asteroideae,NA
Dyssodia tagetiflora,Asteraceae,Asteroideae,NA
Adenophyllum porophyllum cancellatum,Asteraceae,Asteroideae,cancellatum
Roldana mexicana,Asteraceae,Asteroideae,NA
Critoniopsis tomentosa,Asteraceae,Vernonioideae,NA
Chrysactinia mexicana,Asteraceae,Asteroideae,NA
Telanthophora grandifolia grandifolia,Asteraceae,Asteroideae,grandifolia
Pectis multiflosculosa,Asteraceae,Asteroideae,NA
Senecio flaccidus flaccidus,Asteraceae,Asteroideae,flaccidus
Senecio flaccidus flaccidus,Asteraceae,Asteroideae,flaccidus
Packera tampicana,Asteraceae,Asteroideae,NA
Senecio stoechadiformis,Asteraceae,Asteroideae,NA
Senecio stoechadiformis,Asteraceae,Asteroideae,NA
Psacalium sinuatum,Asteraceae,Asteroideae,NA
Melampodium microcephalum,Asteraceae,Asteroideae,NA
Tagetes erecta,Asteraceae,Asteroideae,NA
Melampodium perfoliatum,Asteraceae,Asteroideae,NA
Elephantopus mollis,Asteraceae,Vernonioideae,NA
Tagetes nelsonii,Asteraceae,Asteroideae,NA
Pseudelephantopus spicatus,Asteraceae,Vernonioideae,NA
Vernonia alamanii,Asteraceae,Vernonioideae,NA
Roldana aschenborniana,Asteraceae,Asteroideae,NA
Pittocaulon bombycophole,Asteraceae,Asteroideae,NA
Adenophyllum porophyllum porophyllum,Asteraceae,Asteroideae,porophyllum
Senecio vulgaris,Asteraceae,Asteroideae,NA
Barkleyanthus salicifolius,Asteraceae,Asteroideae,NA
Roldana michoacana,Asteraceae,Asteroideae,NA
Senecio lasiocaulon,Asteraceae,Asteroideae,NA
Psacalium sinuatum,Asteraceae,Asteroideae,NA
Senecio toluccanus,Asteraceae,Asteroideae,NA
Psacalium peltatum peltatum,Asteraceae,Asteroideae,peltatum
Senecio callosus,Asteraceae,Asteroideae,NA
Senecio toluccanus,Asteraceae,Asteroideae,NA
Adenophyllum porophyllum cancellatum,Asteraceae,Asteroideae,cancellatum
Perityle microglossa microglossa,Asteraceae,Asteroideae,microglossa
Senecio toluccanus,Asteraceae,Asteroideae,NA
Roldana lineolata,Asteraceae,Asteroideae,NA
Roldana lineolata,Asteraceae,Asteroideae,NA
Tagetes lucida,Asteraceae,Asteroideae,NA
Pseudogynoxys chenopodioides chenopodioides,Asteraceae,Asteroideae,chenopodioides
Roldana aschenborniana,Asteraceae,Asteroideae,NA
Roldana aschenborniana,Asteraceae,Asteroideae,NA
Roldana sundbergii,Asteraceae,Asteroideae,NA
Packera coahuilensis,Asteraceae,Asteroideae,NA
Pectis multiflosculosa,Asteraceae,Asteroideae,NA
Roldana barba-johannis,Asteraceae,Asteroideae,NA
Senecio callosus,Asteraceae,Asteroideae,NA
Psacalium radulifolium,Asteraceae,Asteroideae,NA
Psacalium peltigerum peltigerum,Asteraceae,Asteroideae,peltigerum
Vernonanthura patens,Asteraceae,Vernonioideae,NA
Erechtites valerianifolius,Asteraceae,Asteroideae,NA
Vernonanthura cordata,Asteraceae,Vernonioideae,NA
Vernonanthura cordata,Asteraceae,Vernonioideae,NA
Dyssodia tagetiflora,Asteraceae,Asteroideae,NA
Roldana sessilifolia,Asteraceae,Asteroideae,NA
Porophyllum punctatum,Asteraceae,Asteroideae,NA
Psacalium decompositum,Asteraceae,Asteroideae,NA
Psacalium decompositum,Asteraceae,Asteroideae,NA
Telanthophora grandifolia grandifolia,Asteraceae,Asteroideae,grandifolia
Packera tampicana,Asteraceae,Asteroideae,NA
Tagetes filifolia,Asteraceae,Asteroideae,NA
Packera bellidifolia,Asteraceae,Asteroideae,NA
Senecio deppeanus,Asteraceae,Asteroideae,NA
Porophyllum punctatum,Asteraceae,Asteroideae,NA
Psacalium palmeri,Asteraceae,Asteroideae,NA
Roldana sessilifolia,Asteraceae,Asteroideae,NA
Psacalium palmeri,Asteraceae,Asteroideae,NA
Senecio callosus,Asteraceae,Asteroideae,NA
Porophyllum gracile,Asteraceae,Asteroideae,NA
Senecio cedrosensis,Asteraceae,Asteroideae,NA
Tagetes lucida,Asteraceae,Asteroideae,NA
Roldana barba-johannis,Asteraceae,Asteroideae,NA
Psacalium pringlei,Asteraceae,Asteroideae,NA
Erechtites hieracifolia cacalioides,Asteraceae,NA,cacalioides
Roldana mexicana,Asteraceae,Asteroideae,NA
Roldana barba-johannis,Asteraceae,Asteroideae,NA
Psacalium sinuatum,Asteraceae,Asteroideae,NA
Senecio vulgaris,Asteraceae,Asteroideae,NA
Thymophylla setifolia,Asteraceae,Asteroideae,NA
Packera tampicana,Asteraceae,Asteroideae,NA
Dyssodia papposa,Asteraceae,Asteroideae,NA
Senecio aphanactis,Asteraceae,Asteroideae,NA
Psacalium peltatum peltatum,Asteraceae,Asteroideae,peltatum
Roldana pennellii pennellii,Asteraceae,Asteroideae,pennellii
Telanthophora grandifolia grandifolia,Asteraceae,Asteroideae,grandifolia
Psacalium palmeri,Asteraceae,Asteroideae,NA
Roldana sessilifolia,Asteraceae,Asteroideae,NA
Barkleyanthus salicifolius,Asteraceae,Asteroideae,NA
Roldana barba-johannis,Asteraceae,Asteroideae,NA
Psacalium sinuatum,Asteraceae,Asteroideae,NA
Psacalium sinuatum,Asteraceae,Asteroideae,NA
Senecio roseus,Asteraceae,Asteroideae,NA
Senecio mairetianus,Asteraceae,Asteroideae,NA
Senecio helodes,Asteraceae,Asteroideae,NA
Tagetes filifolia,Asteraceae,Asteroideae,NA
Tagetes tenuifolia,Asteraceae,Asteroideae,NA
Roldana albonervia,Asteraceae,Asteroideae,NA
Roldana albonervia,Asteraceae,Asteroideae,NA
Dyssodia papposa,Asteraceae,Asteroideae,NA
Dyssodia tagetiflora,Asteraceae,Asteroideae,NA
Porophyllum coloratum obtusifolium,Asteraceae,Asteroideae,obtusifolium
Acourtia purpusii,Asteraceae,Mutisioideae,NA
Tagetes erecta,Asteraceae,Asteroideae,NA
Roldana hartwegii,Asteraceae,Asteroideae,NA
Roldana sessilifolia,Asteraceae,Asteroideae,NA
Elephantopus mollis,Asteraceae,Vernonioideae,NA
Bolanosa coulteri,Asteraceae,Vernonioideae,NA
Psacalium radulifolium,Asteraceae,Asteroideae,NA
Roldana pennellii pennellii,Asteraceae,Asteroideae,pennellii
Pippenalia delphiniifolia,Asteraceae,Asteroideae,NA
Roldana pennellii pennellii,Asteraceae,Asteroideae,pennellii
Cyanthillium cinereum,Asteraceae,Vernonioideae,NA
Senecio bracteatus,Asteraceae,Asteroideae,NA
Senecio stoechadiformis,Asteraceae,Asteroideae,NA
Senecio toluccanus,Asteraceae,Asteroideae,NA
Senecio stoechadiformis,Asteraceae,Asteroideae,NA
Vernonia bealliae,Asteraceae,Vernonioideae,NA
Senecio flaccidus monoensis,Asteraceae,Asteroideae,monoensis
Vernonia bealliae,Asteraceae,Vernonioideae,NA
Porophyllum macrocephalum,Asteraceae,Asteroideae,NA
Pittocaulon velatum velatum,Asteraceae,Asteroideae,velatum
Senecio flaccidus douglasii,Asteraceae,Asteroideae,douglasii
Psacalium radulifolium,Asteraceae,Asteroideae,NA
Packera scalaris carmenensis,Asteraceae,Asteroideae,carmenensis
Lepidaploa canescens,Asteraceae,Vernonioideae,NA
Barkleyanthus salicifolius,Asteraceae,Asteroideae,NA
Senecio iodanthus,Asteraceae,Asteroideae,NA
Senecio runcinatus,Asteraceae,Asteroideae,NA
Telanthophora andrieuxii,Asteraceae,Asteroideae,NA
Telanthophora andrieuxii,Asteraceae,Asteroideae,NA
Telanthophora andrieuxii,Asteraceae,Asteroideae,NA
Senecio loratifolius,Asteraceae,Asteroideae,NA
Porophyllum macrocephalum,Asteraceae,Asteroideae,NA
Pseudogynoxys haenkei,Asteraceae,Asteroideae,NA
Dyssodia tagetiflora,Asteraceae,Asteroideae,NA
Helenium scorzonerifolium,Asteraceae,Asteroideae,NA
Roldana suffulta,Asteraceae,Asteroideae,NA
Psacalium goldsmithii,Asteraceae,Asteroideae,NA
Dyssodia tagetiflora,Asteraceae,Asteroideae,NA
Emilia sonchifolia,Asteraceae,Asteroideae,NA
Psacalium peltatum peltatum,Asteraceae,Asteroideae,peltatum
Porophyllum viridiflorum,Asteraceae,Asteroideae,NA
Senecio actinella,Asteraceae,Asteroideae,NA
Bolanosa coulteri,Asteraceae,Vernonioideae,NA
Vernonanthura cordata,Asteraceae,Vernonioideae,NA
Porophyllum coloratum obtusifolium,Asteraceae,Asteroideae,obtusifolium
Roldana heracleifolia,Asteraceae,Asteroideae,NA
Erechtites hieracifolia cacalioides,Asteraceae,NA,cacalioides
Dyssodia papposa,Asteraceae,Asteroideae,NA
Tagetes micrantha,Asteraceae,Asteroideae,NA
Pectis prostrata,Asteraceae,Asteroideae,NA
Dyssodia papposa,Asteraceae,Asteroideae,NA
Adenophyllum porophyllum cancellatum,Asteraceae,Asteroideae,cancellatum
Dyssodia decipiens,Asteraceae,Asteroideae,NA
Adenophyllum porophyllum cancellatum,Asteraceae,Asteroideae,cancellatum
Dyssodia papposa,Asteraceae,Asteroideae,NA
Roldana sessilifolia,Asteraceae,Asteroideae,NA
Psacalium platylepis,Asteraceae,Asteroideae,NA
Trixis michuacana longifolia,Asteraceae,Mutisioideae,longifolia
Dyssodia tagetiflora,Asteraceae,Asteroideae,NA
Packera quebradensis,Asteraceae,Asteroideae,NA
Gymnolaena oaxacana,Asteraceae,Asteroideae,NA
Dyssodia tagetiflora,Asteraceae,Asteroideae,NA
Psacalium amplum,Asteraceae,Asteroideae,NA
Pectis rusbyi,Asteraceae,Asteroideae,NA
Roldana angulifolia,Asteraceae,Asteroideae,NA
Barkleyanthus salicifolius,Asteraceae,Asteroideae,NA
Dyssodia tagetiflora,Asteraceae,Asteroideae,NA
Pectis prostrata,Asteraceae,Asteroideae,NA
Senecio flaccidus flaccidus,Asteraceae,Asteroideae,flaccidus
Vernonanthura serratuloides,Asteraceae,Vernonioideae,NA
Psacalium megaphyllum,Asteraceae,Asteroideae,NA
Barkleyanthus salicifolius,Asteraceae,Asteroideae,NA
Dyssodia tagetiflora,Asteraceae,Asteroideae,NA
Senecio loratifolius,Asteraceae,Asteroideae,NA
Senecio aphanactis,Asteraceae,Asteroideae,NA
Packera bellidifolia,Asteraceae,Asteroideae,NA
Vernonia alamanii,Asteraceae,Vernonioideae,NA
Senecio orizabensis,Asteraceae,Asteroideae,NA
Telanthophora grandifolia grandifolia,Asteraceae,Asteroideae,grandifolia
Porophyllum linaria,Asteraceae,Asteroideae,NA
Roldana hartwegii,Asteraceae,Asteroideae,NA
Roldana grimesii,Asteraceae,Asteroideae,NA
Pittocaulon filare,Asteraceae,Asteroideae,NA
Dyssodia tagetiflora,Asteraceae,Asteroideae,NA
Senecio cinerarioides,Asteraceae,Asteroideae,NA
Thymophylla pentachaeta hartwegii,Asteraceae,Asteroideae,hartwegii
Adenophyllum porophyllum cancellatum,Asteraceae,Asteroideae,cancellatum
Dyssodia papposa,Asteraceae,Asteroideae,NA
Adenophyllum porophyllum cancellatum,Asteraceae,Asteroideae,cancellatum
Adenophyllum porophyllum cancellatum,Asteraceae,Asteroideae,cancellatum
Senecio flaccidus flaccidus,Asteraceae,Asteroideae,flaccidus
Thymophylla pentachaeta pentachaeta,Asteraceae,Asteroideae,pentachaeta
Adenophyllum porophyllum cancellatum,Asteraceae,Asteroideae,cancellatum
Adenophyllum porophyllum cancellatum,Asteraceae,Asteroideae,cancellatum
Adenophyllum porophyllum cancellatum,Asteraceae,Asteroideae,cancellatum
Tagetes lunulata,Asteraceae,Asteroideae,NA
Adenophyllum porophyllum cancellatum,Asteraceae,Asteroideae,cancellatum
Vernonia bealliae,Asteraceae,Vernonioideae,NA
Psacalium platylepis,Asteraceae,Asteroideae,NA
Pectis propetes,Asteraceae,Asteroideae,NA
Tagetes micrantha,Asteraceae,Asteroideae,NA
Psacalium palmeri,Asteraceae,Asteroideae,NA
Pippenalia delphiniifolia,Asteraceae,Asteroideae,NA
Senecio argutus,Asteraceae,Asteroideae,NA
Packera bellidifolia,Asteraceae,Asteroideae,NA
Senecio roseus,Asteraceae,Asteroideae,NA
Trixis californica californica,Asteraceae,Mutisioideae,californica
Porophyllum gracile,Asteraceae,Asteroideae,NA
Porophyllum gracile,Asteraceae,Asteroideae,NA
Roldana albonervia,Asteraceae,Asteroideae,NA
Tagetes filifolia,Asteraceae,Asteroideae,NA
Porophyllum viridiflorum,Asteraceae,Asteroideae,NA
Tagetes erecta,Asteraceae,Asteroideae,NA
Porophyllum macrocephalum,Asteraceae,Asteroideae,NA
Roldana cristobalensis,Asteraceae,Asteroideae,NA
Roldana pennellii pennellii,Asteraceae,Asteroideae,pennellii
Dyssodia tagetiflora,Asteraceae,Asteroideae,NA
Senecio toluccanus,Asteraceae,Asteroideae,NA
Tagetes erecta,Asteraceae,Asteroideae,NA
Acourtia glomeriflora,Asteraceae,Mutisioideae,NA
Acourtia wislizeni megacephala,Asteraceae,Mutisioideae,megacephala
Dyssodia tagetiflora,Asteraceae,Asteroideae,NA
Pentacalia venturae,Asteraceae,Asteroideae,NA
Telanthophora grandifolia grandifolia,Asteraceae,Asteroideae,grandifolia
Senecio flaccidus flaccidus,Asteraceae,Asteroideae,flaccidus
Erechtites hieracifolia cacalioides,Asteraceae,NA,cacalioides
Erechtites hieracifolia cacalioides,Asteraceae,NA,cacalioides
Vernonanthura cordata,Asteraceae,Vernonioideae,NA
Barkleyanthus salicifolius,Asteraceae,Asteroideae,NA
Pseudelephantopus spicatus,Asteraceae,Vernonioideae,NA
Tagetes lunulata,Asteraceae,Asteroideae,NA
Psacalium peltatum peltatum,Asteraceae,Asteroideae,peltatum
Psacalium peltatum peltatum,Asteraceae,Asteroideae,peltatum
Roldana heracleifolia,Asteraceae,Asteroideae,NA
Psacalium goldsmithii,Asteraceae,Asteroideae,NA
Senecio richardsonii,Asteraceae,Asteroideae,NA
Roldana galiciana,Asteraceae,Asteroideae,NA
Vernonia bealliae,Asteraceae,Vernonioideae,NA
Vernonanthura cordata,Asteraceae,Vernonioideae,NA
Vernonia alamanii,Asteraceae,Vernonioideae,NA
Adenophyllum porophyllum cancellatum,Asteraceae,Asteroideae,cancellatum
Dyssodia papposa,Asteraceae,Asteroideae,NA
Porophyllum macrocephalum,Asteraceae,Asteroideae,NA
Adenophyllum porophyllum cancellatum,Asteraceae,Asteroideae,cancellatum
Senecio riskindii,Asteraceae,Asteroideae,NA
Tagetes coronopifolia,Asteraceae,Asteroideae,NA
Psacalium peltigerum peltigerum,Asteraceae,Asteroideae,peltigerum
Psacalium peltigerum peltigerum,Asteraceae,Asteroideae,peltigerum
Porophyllum pringlei,Asteraceae,Asteroideae,NA
Roldana lanicaulis,Asteraceae,Asteroideae,NA
Adenophyllum porophyllum cancellatum,Asteraceae,Asteroideae,cancellatum
Thymophylla pentachaeta pentachaeta,Asteraceae,Asteroideae,pentachaeta
Psacalium peltatum adenophorum,Asteraceae,Asteroideae,adenophorum
Pectis multiflosculosa,Asteraceae,Asteroideae,NA
Roldana aschenborniana,Asteraceae,Asteroideae,NA
Psacalium decompositum,Asteraceae,Asteroideae,NA
Telanthophora grandifolia grandifolia,Asteraceae,Asteroideae,grandifolia
Packera scalaris parrasiana,Asteraceae,Asteroideae,parrasiana
Senecio callosus,Asteraceae,Asteroideae,NA
Porophyllum macrocephalum,Asteraceae,Asteroideae,NA
Piptocarpha poeppigiana,Asteraceae,Vernonioideae,NA
Lepidaploa tortuosa,Asteraceae,Vernonioideae,NA
Dyssodia papposa,Asteraceae,Asteroideae,NA
Telanthophora grandifolia grandifolia,Asteraceae,Asteroideae,grandifolia
Dyssodia tagetiflora,Asteraceae,Asteroideae,NA
Psacalium filicifolium,Asteraceae,Asteroideae,NA
Pseudogynoxys chenopodioides chenopodioides,Asteraceae,Asteroideae,chenopodioides
Adenophyllum porophyllum cancellatum,Asteraceae,Asteroideae,cancellatum
Barkleyanthus salicifolius,Asteraceae,Asteroideae,NA
Adenophyllum porophyllum porophyllum,Asteraceae,Asteroideae,porophyllum
Porophyllum coloratum obtusifolium,Asteraceae,Asteroideae,obtusifolium
Porophyllum macrocephalum,Asteraceae,Asteroideae,NA
Porophyllum macrocephalum,Asteraceae,Asteroideae,NA
Roldana platanifolia,Asteraceae,Asteroideae,NA
Thymophylla tenuifolia,Asteraceae,Asteroideae,NA
Tagetes subulata,Asteraceae,Asteroideae,NA
Psacalium cirsiifolium,Asteraceae,Asteroideae,NA
Senecio callosus,Asteraceae,Asteroideae,NA
Roldana sessilifolia,Asteraceae,Asteroideae,NA
Pittocaulon velatum velatum,Asteraceae,Asteroideae,velatum
Psacalium platylepis,Asteraceae,Asteroideae,NA
Senecio polypodioides,Asteraceae,Asteroideae,NA
Pentacalia parasitica,Asteraceae,Asteroideae,NA
Roldana acutangula,Asteraceae,Asteroideae,NA
Dyssodia papposa,Asteraceae,Asteroideae,NA
Psacalium globosum,Asteraceae,Asteroideae,NA
Roldana pennellii durangensis,Asteraceae,Asteroideae,durangensis
Roldana barba-johannis,Asteraceae,Asteroideae,NA
Digitacalia crypta,Asteraceae,Asteroideae,NA
Barkleyanthus salicifolius,Asteraceae,Asteroideae,NA
Vernonanthura serratuloides,Asteraceae,Vernonioideae,NA
Vernonanthura serratuloides,Asteraceae,Vernonioideae,NA
Pectis prostrata,Asteraceae,Asteroideae,NA
Senecio roseus,Asteraceae,Asteroideae,NA
Barkleyanthus salicifolius,Asteraceae,Asteroideae,NA
Psacalium amplifolium,Asteraceae,Asteroideae,NA
Senecio mairetianus,Asteraceae,Asteroideae,NA
Villasenoria orcuttii,Asteraceae,Asteroideae,NA
Roldana barba-johannis,Asteraceae,Asteroideae,NA
Pectis prostrata,Asteraceae,Asteroideae,NA
Dyssodia tagetiflora,Asteraceae,Asteroideae,NA
Roldana oaxacana,Asteraceae,Asteroideae,NA
Bolanosa coulteri,Asteraceae,Vernonioideae,NA
Packera bellidifolia,Asteraceae,Asteroideae,NA
Senecio toluccanus,Asteraceae,Asteroideae,NA
Vernonanthura serratuloides,Asteraceae,Vernonioideae,NA
Dyssodia tagetiflora,Asteraceae,Asteroideae,NA
Senecio californicus,Asteraceae,Asteroideae,NA
Senecio toluccanus,Asteraceae,Asteroideae,NA
Barkleyanthus salicifolius,Asteraceae,Asteroideae,NA
Critoniopsis autumnalis,Asteraceae,Vernonioideae,NA
Porophyllum coloratum obtusifolium,Asteraceae,Asteroideae,obtusifolium
Packera bellidifolia,Asteraceae,Asteroideae,NA
Melampodium microcephalum,Asteraceae,Asteroideae,NA
Tagetes erecta,Asteraceae,Asteroideae,NA
Roldana oaxacana,Asteraceae,Asteroideae,NA
Senecio flaccidus flaccidus,Asteraceae,Asteroideae,flaccidus
Pectis prostrata,Asteraceae,Asteroideae,NA
Pectis prostrata,Asteraceae,Asteroideae,NA
Senecio barkleyi,Asteraceae,Asteroideae,NA
Roldana sessilifolia,Asteraceae,Asteroideae,NA
Roldana lineolata,Asteraceae,Asteroideae,NA
Dyssodia tagetiflora,Asteraceae,Asteroideae,NA
Barkleyanthus salicifolius,Asteraceae,Asteroideae,NA
Perityle microglossa microglossa,Asteraceae,Asteroideae,microglossa
Perityle microglossa microglossa,Asteraceae,Asteroideae,microglossa
Perityle microglossa microglossa,Asteraceae,Asteroideae,microglossa
Barkleyanthus salicifolius,Asteraceae,Asteroideae,NA
Senecio stoechadiformis,Asteraceae,Asteroideae,NA
Pectis prostrata,Asteraceae,Asteroideae,NA
Tetradymia comosa,Asteraceae,Asteroideae,NA
Roldana barba-johannis,Asteraceae,Asteroideae,NA
Psacalium cronquistiorum,Asteraceae,Asteroideae,NA
Senecio richardsonii,Asteraceae,Asteroideae,NA
Roldana aschenborniana,Asteraceae,Asteroideae,NA
Senecio mairetianus,Asteraceae,Asteroideae,NA
Roldana aschenborniana,Asteraceae,Asteroideae,NA
Roldana barba-johannis,Asteraceae,Asteroideae,NA
Roldana barba-johannis,Asteraceae,Asteroideae,NA
Pseudogynoxys haenkei,Asteraceae,Asteroideae,NA
Senecio actinella,Asteraceae,Asteroideae,NA
Roldana cordovensis,Asteraceae,Asteroideae,NA
Vernonia bealliae,Asteraceae,Vernonioideae,NA
Tagetes erecta,Asteraceae,Asteroideae,NA
Senecio californicus californicus,Asteraceae,Asteroideae,californicus
Senecio californicus,Asteraceae,Asteroideae,NA
Senecio aphanactis,Asteraceae,Asteroideae,NA
Vernonanthura cordata,Asteraceae,Vernonioideae,NA
Critoniopsis foliosa,Asteraceae,Vernonioideae,NA
Tagetes filifolia,Asteraceae,Asteroideae,NA
Porophyllum viridiflorum,Asteraceae,Asteroideae,NA
Psacalium pachyphyllum,Asteraceae,Asteroideae,NA
Porophyllum viridiflorum,Asteraceae,Asteroideae,NA
Lepidaploa tortuosa,Asteraceae,Vernonioideae,NA
Barkleyanthus salicifolius,Asteraceae,Asteroideae,NA
Telanthophora grandifolia grandifolia,Asteraceae,Asteroideae,grandifolia
Senecio flaccidus monoensis,Asteraceae,Asteroideae,monoensis
Senecio stoechadiformis,Asteraceae,Asteroideae,NA
Roldana michoacana,Asteraceae,Asteroideae,NA
Pseudelephantopus spicatus,Asteraceae,Vernonioideae,NA
Barkleyanthus salicifolius,Asteraceae,Asteroideae,NA
Critoniopsis uniflora,Asteraceae,Vernonioideae,NA
Packera sanguisorbae,Asteraceae,Asteroideae,NA
Vernonia alamanii,Asteraceae,Vernonioideae,NA
Adenophyllum porophyllum cancellatum,Asteraceae,Asteroideae,cancellatum
Barkleyanthus salicifolius,Asteraceae,Asteroideae,NA
Vernonanthura cordata,Asteraceae,Vernonioideae,NA
Critoniopsis macvaughii,Asteraceae,Vernonioideae,NA
Roldana angulifolia,Asteraceae,Asteroideae,NA
Senecio loratifolius,Asteraceae,Asteroideae,NA
Pittocaulon praecox,Asteraceae,Asteroideae,NA
Pseudogynoxys haenkei,Asteraceae,Asteroideae,NA
Senecio deppeanus,Asteraceae,Asteroideae,NA
Vernonanthura cordata,Asteraceae,Vernonioideae,NA
Tagetes lucida,Asteraceae,Asteroideae,NA
Telanthophora grandifolia grandifolia,Asteraceae,Asteroideae,grandifolia
Roldana aschenborniana,Asteraceae,Asteroideae,NA
Dyssodia tagetiflora,Asteraceae,Asteroideae,NA
Porophyllum punctatum,Asteraceae,Asteroideae,NA
Roldana aschenborniana,Asteraceae,Asteroideae,NA
Senecio toluccanus,Asteraceae,Asteroideae,NA
Senecio cinerarioides,Asteraceae,Asteroideae,NA
Elephantopus mollis,Asteraceae,Vernonioideae,NA
Porophyllum punctatum,Asteraceae,Asteroideae,NA
Psacalium poculiferum,Asteraceae,Asteroideae,NA
Psacalium eriocarpum,Asteraceae,Asteroideae,NA
Dyssodia tagetiflora,Asteraceae,Asteroideae,NA
Tagetes erecta,Asteraceae,Asteroideae,NA
Critoniopsis uniflora,Asteraceae,Vernonioideae,NA
Senecio lasiocaulon,Asteraceae,Asteroideae,NA
Roldana hartwegii,Asteraceae,Asteroideae,NA
Dyssodia pinnata glabrescens,Asteraceae,Asteroideae,glabrescens
Barkleyanthus salicifolius,Asteraceae,Asteroideae,NA
Dyssodia pinnata glabrescens,Asteraceae,Asteroideae,glabrescens
Barkleyanthus salicifolius,Asteraceae,Asteroideae,NA
Senecio mairetianus,Asteraceae,Asteroideae,NA
Digitacalia jatrophoides jatrophoides,Asteraceae,Asteroideae,jatrophoides
Senecio flaccidus monoensis,Asteraceae,Asteroideae,monoensis
Tagetes erecta,Asteraceae,Asteroideae,NA
Barkleyanthus salicifolius,Asteraceae,Asteroideae,NA
Helenium quadridentatum,Asteraceae,Asteroideae,NA
Thymophylla pentachaeta pentachaeta,Asteraceae,Asteroideae,pentachaeta
Dyssodia tagetiflora,Asteraceae,Asteroideae,NA
Psacalium goldsmithii,Asteraceae,Asteroideae,NA
Senecio mulgediifolius,Asteraceae,Asteroideae,NA
Dyssodia tagetiflora,Asteraceae,Asteroideae,NA
Senecio oerstedianus,Asteraceae,Asteroideae,NA
Vernonia alamanii,Asteraceae,Vernonioideae,NA
Telanthophora grandifolia grandifolia,Asteraceae,Asteroideae,grandifolia
Dyssodia tagetiflora,Asteraceae,Asteroideae,NA
Senecio vulgaris,Asteraceae,Asteroideae,NA
Pseudogynoxys chenopodioides chenopodioides,Asteraceae,Asteroideae,chenopodioides
Packera tampicana,Asteraceae,Asteroideae,NA
Pseudelephantopus spicatus,Asteraceae,Vernonioideae,NA
Leiboldia serrata,Asteraceae,Vernonioideae,NA
Psacalium platylepis,Asteraceae,Asteroideae,NA
Dyssodia papposa,Asteraceae,Asteroideae,NA
Barkleyanthus salicifolius,Asteraceae,Asteroideae,NA
Vernonanthura cordata,Asteraceae,Vernonioideae,NA
Pectis prostrata,Asteraceae,Asteroideae,NA
Dyssodia tagetiflora,Asteraceae,Asteroideae,NA
Roldana michoacana,Asteraceae,Asteroideae,NA
Erechtites hieracifolia cacalioides,Asteraceae,NA,cacalioides
Erechtites hieracifolia cacalioides,Asteraceae,NA,cacalioides
Senecio lyonii,Asteraceae,Asteroideae,NA
Senecio lyonii,Asteraceae,Asteroideae,NA
Senecio lyonii,Asteraceae,Asteroideae,NA
Melampodium tenellum,Asteraceae,Asteroideae,NA
Vernonanthura patens,Asteraceae,Vernonioideae,NA
Roldana sartorii,Asteraceae,Asteroideae,NA
Tagetes lucida,Asteraceae,Asteroideae,NA
Senecio flaccidus flaccidus,Asteraceae,Asteroideae,flaccidus
Barkleyanthus salicifolius,Asteraceae,Asteroideae,NA
Roldana pennellii pennellii,Asteraceae,Asteroideae,pennellii
Psacalium sinuatum,Asteraceae,Asteroideae,NA
Adenophyllum porophyllum cancellatum,Asteraceae,Asteroideae,cancellatum
Roldana reticulata,Asteraceae,Asteroideae,NA
Pippenalia delphiniifolia,Asteraceae,Asteroideae,NA
Critoniopsis obtusa,Asteraceae,Vernonioideae,NA
Pseudogynoxys haenkei,Asteraceae,Asteroideae,NA
Packera scalaris scalaris,Asteraceae,Asteroideae,scalaris
Psacalium globosum,Asteraceae,Asteroideae,NA
Senecio pinacatensis,Asteraceae,Asteroideae,NA
Pseudogynoxys chenopodioides chenopodioides,Asteraceae,Asteroideae,chenopodioides
Senecio roseus,Asteraceae,Asteroideae,NA
Tagetes lucida,Asteraceae,Asteroideae,NA
Vernonanthura cordata,Asteraceae,Vernonioideae,NA
Barkleyanthus salicifolius,Asteraceae,Asteroideae,NA
Tagetes erecta,Asteraceae,Asteroideae,NA
Tagetes filifolia,Asteraceae,Asteroideae,NA
Barkleyanthus salicifolius,Asteraceae,Asteroideae,NA
Telanthophora grandifolia grandifolia,Asteraceae,Asteroideae,grandifolia
Dyssodia papposa,Asteraceae,Asteroideae,NA
Lepidaploa canescens,Asteraceae,Vernonioideae,NA
Lepidaploa tortuosa,Asteraceae,Vernonioideae,NA
Tagetes erecta,Asteraceae,Asteroideae,NA
Roldana sessilifolia,Asteraceae,Asteroideae,NA
Dyssodia tagetiflora,Asteraceae,Asteroideae,NA
Erechtites valerianifolius,Asteraceae,Asteroideae,NA
Senecio vulgaris,Asteraceae,Asteroideae,NA
Tagetes micrantha,Asteraceae,Asteroideae,NA
Vernonanthura patens,Asteraceae,Vernonioideae,NA
Vernonia greggii,Asteraceae,Vernonioideae,NA
Pseudelephantopus spicatus,Asteraceae,Vernonioideae,NA
Roldana lanicaulis,Asteraceae,Asteroideae,NA
Psacalium brachycomum,Asteraceae,Asteroideae,NA
Porophyllum viridiflorum,Asteraceae,Asteroideae,NA
Bidens ostruthioides,Asteraceae,Asteroideae,NA
Bidens ostruthioides,Asteraceae,Asteroideae,NA
Tagetes foetidissima,Asteraceae,Asteroideae,NA
Pseudelephantopus spicatus,Asteraceae,Vernonioideae,NA
Senecio flaccidus flaccidus,Asteraceae,Asteroideae,flaccidus
Roldana aschenborniana,Asteraceae,Asteroideae,NA
Roldana sessilifolia,Asteraceae,Asteroideae,NA
Senecio callosus,Asteraceae,Asteroideae,NA
Senecio californicus,Asteraceae,Asteroideae,NA
Psacalium brachycomum,Asteraceae,Asteroideae,NA
Packera tampicana,Asteraceae,Asteroideae,NA
Vernonanthura patens,Asteraceae,Vernonioideae,NA
Thymophylla aurea,Asteraceae,Asteroideae,NA
Acourtia nana,Asteraceae,Mutisioideae,NA
Roldana platanifolia,Asteraceae,Asteroideae,NA
Dyssodia tagetiflora,Asteraceae,Asteroideae,NA
Senecio callosus,Asteraceae,Asteroideae,NA
Senecio callosus,Asteraceae,Asteroideae,NA
Tagetes subulata,Asteraceae,Asteroideae,NA
Roldana sundbergii,Asteraceae,Asteroideae,NA
Psacalium peltatum peltatum,Asteraceae,Asteroideae,peltatum
Roldana aschenborniana,Asteraceae,Asteroideae,NA
Senecio flaccidus flaccidus,Asteraceae,Asteroideae,flaccidus
Psacalium amplifolium,Asteraceae,Asteroideae,NA
Adenophyllum porophyllum porophyllum,Asteraceae,Asteroideae,porophyllum
Brickellia magnifica,Asteraceae,Asteroideae,NA
Elephantopus mollis,Asteraceae,Vernonioideae,NA
Roldana sessilifolia,Asteraceae,Asteroideae,NA
Senecio mulgediifolius,Asteraceae,Asteroideae,NA
Senecio argutus,Asteraceae,Asteroideae,NA
Tagetes lucida,Asteraceae,Asteroideae,NA
Roldana albonervia,Asteraceae,Asteroideae,NA
Porophyllum viridiflorum,Asteraceae,Asteroideae,NA
Porophyllum viridiflorum,Asteraceae,Asteroideae,NA
Lepidaploa tortuosa,Asteraceae,Vernonioideae,NA
Tagetes subulata,Asteraceae,Asteroideae,NA
Telanthophora grandifolia grandifolia,Asteraceae,Asteroideae,grandifolia
Digitacalia crypta,Asteraceae,Asteroideae,NA
Senecio helodes,Asteraceae,Asteroideae,NA
Perityle microglossa microglossa,Asteraceae,Asteroideae,microglossa
Critoniopsis triflosculosa,Asteraceae,Vernonioideae,NA
Tagetes lucida,Asteraceae,Asteroideae,NA
Pseudogynoxys haenkei,Asteraceae,Asteroideae,NA
Senecio flaccidus flaccidus,Asteraceae,Asteroideae,flaccidus
Dyssodia papposa,Asteraceae,Asteroideae,NA
Pittocaulon hintonii,Asteraceae,Asteroideae,NA
Tagetes lunulata,Asteraceae,Asteroideae,NA
Senecio flaccidus douglasii,Asteraceae,Asteroideae,douglasii
Critoniopsis foliosa,Asteraceae,Vernonioideae,NA
Tagetes linifolia,Asteraceae,Asteroideae,NA
Roldana chapalensis,Asteraceae,Asteroideae,NA
Roldana sessilifolia,Asteraceae,Asteroideae,NA
Psacalium megaphyllum,Asteraceae,Asteroideae,NA
Roldana michoacana,Asteraceae,Asteroideae,NA
Barkleyanthus salicifolius,Asteraceae,Asteroideae,NA
Roldana michoacana,Asteraceae,Asteroideae,NA
Senecio iodanthus,Asteraceae,Asteroideae,NA
Tagetes foetidissima,Asteraceae,Asteroideae,NA
Psacalium decompositum,Asteraceae,Asteroideae,NA
Psacalium brachycomum,Asteraceae,Asteroideae,NA
Robinsonecio porphyresthes,Asteraceae,Asteroideae,NA
Senecio procumbens,Asteraceae,Asteroideae,NA
Senecio mairetianus,Asteraceae,Asteroideae,NA
Senecio deformis,Asteraceae,Asteroideae,NA
Critoniopsis foliosa,Asteraceae,Vernonioideae,NA
Senecio flaccidus flaccidus,Asteraceae,Asteroideae,flaccidus
Psacalium poculiferum,Asteraceae,Asteroideae,NA
Pectis multiflosculosa,Asteraceae,Asteroideae,NA
Tagetes erecta,Asteraceae,Asteroideae,NA
Psacalium sinuatum,Asteraceae,Asteroideae,NA
Roldana sessilifolia,Asteraceae,Asteroideae,NA
Senecio toluccanus,Asteraceae,Asteroideae,NA
Chrysactinia pinnata,Asteraceae,Asteroideae,NA
Tagetes linifolia,Asteraceae,Asteroideae,NA
Psacalium tussilaginoides,Asteraceae,Asteroideae,NA
Villanova achilleoides,Asteraceae,Asteroideae,NA
Tagetes linifolia,Asteraceae,Asteroideae,NA
Roldana lanicaulis,Asteraceae,Asteroideae,NA
Vernonia bealliae,Asteraceae,Vernonioideae,NA
Senecio callosus,Asteraceae,Asteroideae,NA
Vernonanthura cordata,Asteraceae,Vernonioideae,NA
Pectis multiflosculosa,Asteraceae,Asteroideae,NA
Telanthophora grandifolia grandifolia,Asteraceae,Asteroideae,grandifolia
Dyssodia decipiens,Asteraceae,Asteroideae,NA
Barkleyanthus salicifolius,Asteraceae,Asteroideae,NA
Senecio mairetianus,Asteraceae,Asteroideae,NA
Senecio mairetianus,Asteraceae,Asteroideae,NA
Critoniopsis triflosculosa,Asteraceae,Vernonioideae,NA
Barkleyanthus salicifolius,Asteraceae,Asteroideae,NA
Vernonanthura serratuloides,Asteraceae,Vernonioideae,NA
Critoniopsis salicifolia,Asteraceae,Vernonioideae,NA
Dyssodia papposa,Asteraceae,Asteroideae,NA
Critoniopsis tomentosa,Asteraceae,Vernonioideae,NA
Pittocaulon velatum velatum,Asteraceae,Asteroideae,velatum
Senecio picridis,Asteraceae,Asteroideae,NA
Vernonanthura serratuloides,Asteraceae,Vernonioideae,NA
Critoniopsis foliosa,Asteraceae,Vernonioideae,NA
Psacalium peltatum peltatum,Asteraceae,Asteroideae,peltatum
Roldana suffulta,Asteraceae,Asteroideae,NA
Vernonanthura patens,Asteraceae,Vernonioideae,NA
Roldana albonervia,Asteraceae,Asteroideae,NA
Barkleyanthus salicifolius,Asteraceae,Asteroideae,NA
Vernonia alamanii,Asteraceae,Vernonioideae,NA
Thymophylla setifolia,Asteraceae,Asteroideae,NA
Thymophylla acerosa,Asteraceae,Asteroideae,NA
Thymophylla acerosa,Asteraceae,Asteroideae,NA
Ageratina espinosarum espinosarum,Asteraceae,Asteroideae,espinosarum
Galinsoga parviflora,Asteraceae,Asteroideae,NA
Bahia pringlei,Asteraceae,Asteroideae,NA
Tagetes coronopifolia,Asteraceae,Asteroideae,NA
Barkleyanthus salicifolius,Asteraceae,Asteroideae,NA
Packera sanguisorbae,Asteraceae,Asteroideae,NA
Psacalium poculiferum,Asteraceae,Asteroideae,NA
Psacalium palmeri,Asteraceae,Asteroideae,NA
Roldana lineolata,Asteraceae,Asteroideae,NA
Telanthophora standleyi,Asteraceae,Asteroideae,NA
Vernonanthura serratuloides,Asteraceae,Vernonioideae,NA
Roldana heracleifolia,Asteraceae,Asteroideae,NA
Roldana barba-johannis,Asteraceae,Asteroideae,NA
Pectis exserta,Asteraceae,Asteroideae,NA
Tagetes lunulata,Asteraceae,Asteroideae,NA
Elephantopus mollis,Asteraceae,Vernonioideae,NA
Adenophyllum porophyllum cancellatum,Asteraceae,Asteroideae,cancellatum
Emilia sonchifolia,Asteraceae,Asteroideae,NA
Packera hintoniorum,Asteraceae,Asteroideae,NA
Psacalium palmeri,Asteraceae,Asteroideae,NA
Critoniopsis leiocarpa,Asteraceae,Vernonioideae,NA
Pectis elongata fasciculiflora,Asteraceae,Asteroideae,fasciculiflora
Roldana suffulta,Asteraceae,Asteroideae,NA
Roldana platanifolia,Asteraceae,Asteroideae,NA
Psacalium tussilaginoides,Asteraceae,Asteroideae,NA
Vernonanthura cordata,Asteraceae,Vernonioideae,NA
Barkleyanthus salicifolius,Asteraceae,Asteroideae,NA
Thymophylla micropoides,Asteraceae,Asteroideae,NA
Dyssodia tagetiflora,Asteraceae,Asteroideae,NA
Senecio aphanactis,Asteraceae,Asteroideae,NA
Vernonia steetzii,Asteraceae,Vernonioideae,NA
Adenophyllum porophyllum cancellatum,Asteraceae,Asteroideae,cancellatum
Pseudelephantopus spicatus,Asteraceae,Vernonioideae,NA
Vernonanthura serratuloides,Asteraceae,Vernonioideae,NA
Psacalium decompositum,Asteraceae,Asteroideae,NA
Elephantopus mollis,Asteraceae,Vernonioideae,NA
Psacalium amplifolium,Asteraceae,Asteroideae,NA
Packera coahuilensis,Asteraceae,Asteroideae,NA
Senecio runcinatus,Asteraceae,Asteroideae,NA
Senecio parryi,Asteraceae,Asteroideae,NA
Roldana lobata,Asteraceae,Asteroideae,NA
Vernonia greggii,Asteraceae,Vernonioideae,NA
Tagetes coronopifolia,Asteraceae,Asteroideae,NA
Barkleyanthus salicifolius,Asteraceae,Asteroideae,NA
Lepidaploa canescens,Asteraceae,Vernonioideae,NA
Roldana sundbergii,Asteraceae,Asteroideae,NA
Vernonia greggii,Asteraceae,Vernonioideae,NA
Packera coahuilensis,Asteraceae,Asteroideae,NA
Porophyllum macrocephalum,Asteraceae,Asteroideae,NA
Porophyllum lindenii,Asteraceae,Asteroideae,NA
Roldana angulifolia,Asteraceae,Asteroideae,NA
Roldana hartwegii,Asteraceae,Asteroideae,NA
Psacalium radulifolium,Asteraceae,Asteroideae,NA
Roldana pennellii pennellii,Asteraceae,Asteroideae,pennellii
Acacia pennatula,Fabaceae,Caesalpinioideae,NA
Conocarpus erectus,Combretaceae,NA,NA
Mimosa bahamensis,Fabaceae,Caesalpinioideae,NA
Anisocereus gaumeri,Cactaceae,Cactoideae,NA
Pithecellobium lanceolatum,Fabaceae,Caesalpinioideae,NA
Mimosa bahamensis,Fabaceae,Caesalpinioideae,NA
Mimosa bahamensis,Fabaceae,Caesalpinioideae,NA
Mimosa bahamensis,Fabaceae,Caesalpinioideae,NA
Lysiloma latisiliquum,Fabaceae,Caesalpinioideae,NA
Mimosa bahamensis,Fabaceae,Caesalpinioideae,NA
Mimosa bahamensis,Fabaceae,Caesalpinioideae,NA
Mimosa bahamensis,Fabaceae,Caesalpinioideae,NA
Pithecellobium keyense,Fabaceae,Caesalpinioideae,NA
Mimosa bahamensis,Fabaceae,Caesalpinioideae,NA
Mimosa bahamensis,Fabaceae,Caesalpinioideae,NA
Mimosa bahamensis,Fabaceae,Caesalpinioideae,NA
Albizia niopoides,Fabaceae,Caesalpinioideae,NA
Koanophyllon albicaule,Asteraceae,Asteroideae,NA
Piscidia piscipula,Fabaceae,Papilionoideae,NA
Astrocasia tremula,Phyllanthaceae,NA,NA
Enterolobium cyclocarpum,Fabaceae,Caesalpinioideae,NA
Mimosa bahamensis,Fabaceae,Caesalpinioideae,NA
Psidium sartorianum,Myrtaceae,Myrtoideae,NA
Eugenia buxifolia,Myrtaceae,Myrtoideae,NA
Melanthera nivea,Asteraceae,Asteroideae,NA
Apoplanesia paniculata,Fabaceae,Papilionoideae,NA
Mimosa bahamensis,Fabaceae,Caesalpinioideae,NA
Mimosa bahamensis,Fabaceae,Caesalpinioideae,NA
Mimosa bahamensis,Fabaceae,Caesalpinioideae,NA
Croton reflexifolius,Euphorbiaceae,Crotonoideae,NA
Mimosa bahamensis,Fabaceae,Caesalpinioideae,NA
Randia obcordata,Rubiaceae,Ixoroideae,NA
Sideroxylon salicifolium,Sapotaceae,Sapotoideae,NA
Diphysa carthagenensis,Fabaceae,Papilionoideae,NA
Sideroxylon obtusifolium,Sapotaceae,Sapotoideae,NA
Acacia pennatula,Fabaceae,Caesalpinioideae,NA
Mimosa bahamensis,Fabaceae,Caesalpinioideae,NA
Nopalea gaumeri,Cactaceae,Opuntioideae,NA
Mimosa bahamensis,Fabaceae,Caesalpinioideae,NA
Sideroxylon salicifolium,Sapotaceae,Sapotoideae,NA
Asemnantha pubescens,Rubiaceae,Cinchonoideae,NA
Mimosa bahamensis,Fabaceae,Caesalpinioideae,NA
Hintonia octomera,Rubiaceae,Cinchonoideae,NA
Pithecellobium dulce,Fabaceae,Caesalpinioideae,NA
Pithecellobium keyense,Fabaceae,Caesalpinioideae,NA
Lysiloma latisiliquum,Fabaceae,Caesalpinioideae,NA
Mimosa bahamensis,Fabaceae,Caesalpinioideae,NA
Mimosa bahamensis,Fabaceae,Caesalpinioideae,NA
Pithecellobium dulce,Fabaceae,Caesalpinioideae,NA
Pithecellobium pachypus,Fabaceae,Caesalpinioideae,NA
Stenocereus laevigatus,Cactaceae,Cactoideae,NA
Mimosa bahamensis,Fabaceae,Caesalpinioideae,NA
Pithecellobium lanceolatum,Fabaceae,Caesalpinioideae,NA
Colubrina arborescens,Rhamnaceae,NA,NA
Pithecellobium keyense,Fabaceae,Caesalpinioideae,NA
Mimosa bahamensis,Fabaceae,Caesalpinioideae,NA
Nopalea gaumeri,Cactaceae,Opuntioideae,NA
Mimosa bahamensis,Fabaceae,Caesalpinioideae,NA
Pilosocereus gaumeri,Cactaceae,Cactoideae,NA
Diphysa carthagenensis,Fabaceae,Papilionoideae,NA
Mimosa bahamensis,Fabaceae,Caesalpinioideae,NA
Mimosa bahamensis,Fabaceae,Caesalpinioideae,NA
Stenocereus eichlamii,Cactaceae,Cactoideae,NA
Pithecellobium keyense,Fabaceae,Caesalpinioideae,NA
Pithecellobium dulce,Fabaceae,Caesalpinioideae,NA
Pithecellobium keyense,Fabaceae,Caesalpinioideae,NA
Mimosa bahamensis,Fabaceae,Caesalpinioideae,NA
Diphysa paucifoliolata,Fabaceae,Papilionoideae,NA
Pithecellobium keyense,Fabaceae,Caesalpinioideae,NA
Bakeridesia yucatana,Malvaceae,Malvoideae,NA
Albizia niopoides,Fabaceae,Caesalpinioideae,NA
Pithecellobium keyense,Fabaceae,Caesalpinioideae,NA
Sideroxylon salicifolium,Sapotaceae,Sapotoideae,NA
Mimosa bahamensis,Fabaceae,Caesalpinioideae,NA
Mimosa bahamensis,Fabaceae,Caesalpinioideae,NA
Diphysa carthagenensis,Fabaceae,Papilionoideae,NA
Mimosa bahamensis,Fabaceae,Caesalpinioideae,NA
Mimosa bahamensis,Fabaceae,Caesalpinioideae,NA
Mimosa bahamensis,Fabaceae,Caesalpinioideae,NA
Mimosa bahamensis,Fabaceae,Caesalpinioideae,NA
Mimosa bahamensis,Fabaceae,Caesalpinioideae,NA
Pithecellobium keyense,Fabaceae,Caesalpinioideae,NA
Diospyros campechiana,Ebenaceae,Ebenoideae,NA
Sideroxylon salicifolium,Sapotaceae,Sapotoideae,NA
Alseis yucatanensis,Rubiaceae,Cinchonoideae,NA
Thouinia paucidentata,Sapindaceae,Sapindoideae,NA
Mimosa bahamensis,Fabaceae,Caesalpinioideae,NA
Cordia gerascanthus,Cordiaceae,NA,NA
Acacia pennatula,Fabaceae,Caesalpinioideae,NA
Mimosa bahamensis,Fabaceae,Caesalpinioideae,NA
Pithecellobium unguis-cati,Fabaceae,Caesalpinioideae,NA
Laetia thamnia,Salicaceae,Samydoideae,NA
Amyris sylvatica,Rutaceae,Amyridoideae,NA
Acacia dolichostachya,Fabaceae,Caesalpinioideae,NA
Cupania glabra,Sapindaceae,Sapindoideae,NA
Mimosa bahamensis,Fabaceae,Caesalpinioideae,NA
Mimosa bahamensis,Fabaceae,Caesalpinioideae,NA
Mimosa bahamensis,Fabaceae,Caesalpinioideae,NA
Eugenia yucatanensis,Myrtaceae,Myrtoideae,NA
Leucaena leucocephala leucocephala,Fabaceae,Caesalpinioideae,leucocephala
Mimosa bahamensis,Fabaceae,Caesalpinioideae,NA
Pithecellobium pachypus,Fabaceae,Caesalpinioideae,NA
Sideroxylon salicifolium,Sapotaceae,Sapotoideae,NA
Pithecellobium lanceolatum,Fabaceae,Caesalpinioideae,NA
Pithecellobium lanceolatum,Fabaceae,Caesalpinioideae,NA
Mimosa bahamensis,Fabaceae,Caesalpinioideae,NA
Mimosa bahamensis,Fabaceae,Caesalpinioideae,NA
Mimosa bahamensis,Fabaceae,Caesalpinioideae,NA
Hintonia octomera,Rubiaceae,Cinchonoideae,NA
Mimosa bahamensis,Fabaceae,Caesalpinioideae,NA
Mimosa bahamensis,Fabaceae,Caesalpinioideae,NA
Mimosa bahamensis,Fabaceae,Caesalpinioideae,NA
Mimosa bahamensis,Fabaceae,Caesalpinioideae,NA
Mimosa bahamensis,Fabaceae,Caesalpinioideae,NA
Caesalpinia mollis,Fabaceae,Caesalpinioideae,NA
Nopalea gaumeri,Cactaceae,Opuntioideae,NA
Furcraea cahum,Asparagaceae,Agavoideae,NA
Leucaena leucocephala leucocephala,Fabaceae,Caesalpinioideae,leucocephala
Nopalea gaumeri,Cactaceae,Opuntioideae,NA
Pithecellobium unguis-cati,Fabaceae,Caesalpinioideae,NA
Mimosa bahamensis,Fabaceae,Caesalpinioideae,NA
Hintonia octomera,Rubiaceae,Cinchonoideae,NA
Rhizophora mangle,Rhizophoraceae,NA,NA
Randia albonervia,Rubiaceae,Ixoroideae,NA
Sideroxylon salicifolium,Sapotaceae,Sapotoideae,NA
Albizia niopoides,Fabaceae,Caesalpinioideae,NA
Talisia oliviformis,Sapindaceae,Sapindoideae,NA
Lysiloma latisiliquum,Fabaceae,Caesalpinioideae,NA
Pithecellobium dulce,Fabaceae,Caesalpinioideae,NA
Anisocereus gaumeri,Cactaceae,Cactoideae,NA
Pilosocereus gaumeri,Cactaceae,Cactoideae,NA
Mimosa bahamensis,Fabaceae,Caesalpinioideae,NA
Pithecellobium keyense,Fabaceae,Caesalpinioideae,NA
Havardia albicans,Fabaceae,Caesalpinioideae,NA
Mimosa bahamensis,Fabaceae,Caesalpinioideae,NA
Pilosocereus gaumeri,Cactaceae,Cactoideae,NA
Pithecellobium keyense,Fabaceae,Caesalpinioideae,NA
Pilosocereus gaumeri,Cactaceae,Cactoideae,NA
Mimosa bahamensis,Fabaceae,Caesalpinioideae,NA
Caesalpinia vesicaria,Fabaceae,Caesalpinioideae,NA
Hintonia octomera,Rubiaceae,Cinchonoideae,NA
Mimosa bahamensis,Fabaceae,Caesalpinioideae,NA
Mimosa bahamensis,Fabaceae,Caesalpinioideae,NA
Mimosa bahamensis,Fabaceae,Caesalpinioideae,NA
Mimosa bahamensis,Fabaceae,Caesalpinioideae,NA
Diphysa carthagenensis,Fabaceae,Papilionoideae,NA
Mimosa bahamensis,Fabaceae,Caesalpinioideae,NA
Mimosa bahamensis,Fabaceae,Caesalpinioideae,NA
Mimosa bahamensis,Fabaceae,Caesalpinioideae,NA
Mimosa bahamensis,Fabaceae,Caesalpinioideae,NA
Zygia recordii,Fabaceae,Caesalpinioideae,NA
Mimosa bahamensis,Fabaceae,Caesalpinioideae,NA
Pithecellobium keyense,Fabaceae,Caesalpinioideae,NA
Cornutia pyramidata,Lamiaceae,Premnoideae,NA
Pithecellobium lanceolatum,Fabaceae,Caesalpinioideae,NA
Podopterus mexicanus,Polygonaceae,NA,NA
Pithecellobium unguis-cati,Fabaceae,Caesalpinioideae,NA
Caesalpinia gaumeri,Fabaceae,Caesalpinioideae,NA
Mimosa bahamensis,Fabaceae,Caesalpinioideae,NA
Pithecellobium keyense,Fabaceae,Caesalpinioideae,NA
Mimosa bahamensis,Fabaceae,Caesalpinioideae,NA
Chloroleucon ebano,Fabaceae,Caesalpinioideae,NA
Metopium brownei,Anacardiaceae,Anacardioideae,NA
Stenocereus laevigatus,Cactaceae,Cactoideae,NA
Capparis incana,Capparaceae,NA,NA
Pithecellobium keyense,Fabaceae,Caesalpinioideae,NA
Mimosa bahamensis,Fabaceae,Caesalpinioideae,NA
Croton reflexifolius,Euphorbiaceae,Crotonoideae,NA
Neomillspaughiana emarginata,Polygonaceae,NA,NA
Hintonia octomera,Rubiaceae,Cinchonoideae,NA
Sideroxylon salicifolium,Sapotaceae,Sapotoideae,NA
Mimosa bahamensis,Fabaceae,Caesalpinioideae,NA
Pithecellobium lanceolatum,Fabaceae,Caesalpinioideae,NA
Mimosa bahamensis,Fabaceae,Caesalpinioideae,NA
Conocarpus erectus,Combretaceae,NA,NA
Pithecellobium dulce,Fabaceae,Caesalpinioideae,NA
Pithecellobium keyense,Fabaceae,Caesalpinioideae,NA
Havardia albicans,Fabaceae,Caesalpinioideae,NA
Mimosa bahamensis,Fabaceae,Caesalpinioideae,NA
Anisocereus gaumeri,Cactaceae,Cactoideae,NA
Stenocereus laevigatus,Cactaceae,Cactoideae,NA
Mimosa bahamensis,Fabaceae,Caesalpinioideae,NA
Hintonia octomera,Rubiaceae,Cinchonoideae,NA
Pithecellobium lanceolatum,Fabaceae,Caesalpinioideae,NA
Forchhammeria trifoliata,Resedaceae,NA,NA
Pithecellobium keyense,Fabaceae,Caesalpinioideae,NA
Talisia oliviformis,Sapindaceae,Sapindoideae,NA
Sideroxylon salicifolium,Sapotaceae,Sapotoideae,NA
Mimosa bahamensis,Fabaceae,Caesalpinioideae,NA
Lysiloma latisiliquum,Fabaceae,Caesalpinioideae,NA
Hintonia octomera,Rubiaceae,Cinchonoideae,NA
Mimosa bahamensis,Fabaceae,Caesalpinioideae,NA
Randia longiloba,Rubiaceae,Ixoroideae,NA
Mimosa bahamensis,Fabaceae,Caesalpinioideae,NA
Mimosa bahamensis,Fabaceae,Caesalpinioideae,NA
Bourreria oxyphylla,Ehretiaceae,NA,NA
Pithecellobium lanceolatum,Fabaceae,Caesalpinioideae,NA
Adelia barbinervis,Euphorbiaceae,Acalyphoideae,NA
Cordia gerascanthus,Cordiaceae,NA,NA
Mimosa bahamensis,Fabaceae,Caesalpinioideae,NA
Karwinskia humboldtiana,Rhamnaceae,NA,NA
Mimosa bahamensis,Fabaceae,Caesalpinioideae,NA
Randia truncata,Rubiaceae,Ixoroideae,NA
Mimosa bahamensis,Fabaceae,Caesalpinioideae,NA
Mimosa bahamensis,Fabaceae,Caesalpinioideae,NA
Chloroleucon ebano,Fabaceae,Caesalpinioideae,NA
Acacia cedilloi,Fabaceae,Caesalpinioideae,NA
Mimosa bahamensis,Fabaceae,Caesalpinioideae,NA
Achatocarpus nigricans,Achatocarpaceae,NA,NA
Mimosa bahamensis,Fabaceae,Caesalpinioideae,NA
Caesalpinia mollis,Fabaceae,Caesalpinioideae,NA
Acacia gaumeri,Fabaceae,Caesalpinioideae,NA
Guettarda elliptica,Rubiaceae,Cinchonoideae,NA
Pithecellobium lanceolatum,Fabaceae,Caesalpinioideae,NA
Mimosa bahamensis,Fabaceae,Caesalpinioideae,NA
Lonchocarpus rugosus rugosus,Fabaceae,Papilionoideae,rugosus
Acacia gaumeri,Fabaceae,Caesalpinioideae,NA
Pithecellobium keyense,Fabaceae,Caesalpinioideae,NA
Mimosa bahamensis,Fabaceae,Caesalpinioideae,NA
Pithecellobium keyense,Fabaceae,Caesalpinioideae,NA
Albizia niopoides,Fabaceae,Caesalpinioideae,NA
Hintonia octomera,Rubiaceae,Cinchonoideae,NA
Mimosa bahamensis,Fabaceae,Caesalpinioideae,NA
Pithecellobium unguis-cati,Fabaceae,Caesalpinioideae,NA
Pithecellobium unguis-cati,Fabaceae,Caesalpinioideae,NA
Pithecellobium keyense,Fabaceae,Caesalpinioideae,NA
Jacquinia longifolia,Primulaceae,Theophrastoideae,NA
Croton reflexifolius,Euphorbiaceae,Crotonoideae,NA
Mimosa bahamensis,Fabaceae,Caesalpinioideae,NA
Dalbergia glabra,Fabaceae,Papilionoideae,NA
Albizia niopoides,Fabaceae,Caesalpinioideae,NA
Sideroxylon salicifolium,Sapotaceae,Sapotoideae,NA
Pithecellobium lanceolatum,Fabaceae,Caesalpinioideae,NA
Cedrela odorata,Meliaceae,Cedreloideae,NA
Dalbergia glabra,Fabaceae,Papilionoideae,NA
Adelia oaxacana,Euphorbiaceae,Acalyphoideae,NA
Nopalea gaumeri,Cactaceae,Opuntioideae,NA
Mimosa bahamensis,Fabaceae,Caesalpinioideae,NA
Mimosa bahamensis,Fabaceae,Caesalpinioideae,NA
Byrsonima bucidifolia,Malpighiaceae,Byrsonimoideae,NA
Stenocereus eichlamii,Cactaceae,Cactoideae,NA
Caesalpinia mollis,Fabaceae,Caesalpinioideae,NA
Mimosa bahamensis,Fabaceae,Caesalpinioideae,NA
Eugenia capuli,Myrtaceae,Myrtoideae,NA
Sideroxylon salicifolium,Sapotaceae,Sapotoideae,NA
Albizia niopoides,Fabaceae,Caesalpinioideae,NA
Manilkara zapota,Sapotaceae,Sapotoideae,NA
Acacia gaumeri,Fabaceae,Caesalpinioideae,NA
Pithecellobium keyense,Fabaceae,Caesalpinioideae,NA
Guettarda combsii,Rubiaceae,Cinchonoideae,NA
Mimosa bahamensis,Fabaceae,Caesalpinioideae,NA
Mimosa bahamensis,Fabaceae,Caesalpinioideae,NA
Mimosa bahamensis,Fabaceae,Caesalpinioideae,NA
Mimosa bahamensis,Fabaceae,Caesalpinioideae,NA
Albizia niopoides,Fabaceae,Caesalpinioideae,NA
Metopium brownei,Anacardiaceae,Anacardioideae,NA
Critoniopsis tomentosa,Asteraceae,Vernonioideae,NA
Gaillardia suavis,Asteraceae,Asteroideae,NA
Hymenoxys scaposa,Asteraceae,Asteroideae,NA
Sclerocarpus uniserialis,Asteraceae,Asteroideae,NA
Perityle microglossa microglossa,Asteraceae,Asteroideae,microglossa
Melampodium repens,Asteraceae,Asteroideae,NA
Packera sanguisorbae,Asteraceae,Asteroideae,NA
Melampodium repens,Asteraceae,Asteroideae,NA
Roldana lineolata,Asteraceae,Asteroideae,NA
Packera sanguisorbae,Asteraceae,Asteroideae,NA
Flaveria pringlei,Asteraceae,Asteroideae,NA
Porophyllum punctatum,Asteraceae,Asteroideae,NA
Baltimora recta,Asteraceae,Asteroideae,NA
Cyanthillium cinereum,Asteraceae,Vernonioideae,NA
Adenophyllum aurantium,Asteraceae,Asteroideae,NA
Helenium mexicanum,Asteraceae,Asteroideae,NA
Melampodium microcephalum,Asteraceae,Asteroideae,NA
Pluchea odorata,Asteraceae,Asteroideae,NA
Lagascea decipiens glandulosa,Asteraceae,Asteroideae,glandulosa
Roldana sessilifolia,Asteraceae,Asteroideae,NA
Iostephane heterophylla,Asteraceae,Asteroideae,NA
Chionolaena salicifolia,Asteraceae,Asteroideae,NA
Senecio runcinatus,Asteraceae,Asteroideae,NA
Gaillardia gypsophila,Asteraceae,Asteroideae,NA
Acourtia nana,Asteraceae,Mutisioideae,NA
Melampodium gracile,Asteraceae,Asteroideae,NA
Zexmenia serrata,Asteraceae,Asteroideae,NA
Senecio loratifolius,Asteraceae,Asteroideae,NA
Aldama dentata dentata,Asteraceae,Asteroideae,dentata
Acmella oppositifolia oppositifolia,Asteraceae,Asteroideae,oppositifolia
Carphochaete grahamii,Asteraceae,Asteroideae,NA
Gaillardia suavis,Asteraceae,Asteroideae,NA
Guardiola rosei,Asteraceae,Asteroideae,NA
Sclerocarpus divaricatus,Asteraceae,Asteroideae,NA
Zaluzania montagnaeifolia,Asteraceae,Asteroideae,NA
Stevia ovata ovata,Asteraceae,Asteroideae,ovata
Trixis californica californica,Asteraceae,Mutisioideae,californica
Chaetymenia peduncularis,Asteraceae,Asteroideae,NA
Eclipta prostrata,Asteraceae,Asteroideae,NA
Pluchea salicifolia,Asteraceae,Asteroideae,NA
Pittocaulon bombycophole,Asteraceae,Asteroideae,NA
Senecio callosus,Asteraceae,Asteroideae,NA
Senecio callosus,Asteraceae,Asteroideae,NA
Tagetes lucida,Asteraceae,Asteroideae,NA
Barkleyanthus salicifolius,Asteraceae,Asteroideae,NA
Trixis pterocaulis,Asteraceae,Mutisioideae,NA
Melampodium gracile,Asteraceae,Asteroideae,NA
Melampodium divaricatum,Asteraceae,Asteroideae,NA
Melampodium montanum viridulum,Asteraceae,Asteroideae,viridulum
Bahia absinthifolia absinthifolia,Asteraceae,Asteroideae,absinthifolia
Jefea lantanifolia,Asteraceae,Asteroideae,NA
Jefea lantanifolia,Asteraceae,Asteroideae,NA
Bahia schaffneri schaffneri,Asteraceae,Asteroideae,schaffneri
Iostephane heterophylla,Asteraceae,Asteroideae,NA
Jaliscoa pringlei,Asteraceae,Asteroideae,NA
Wedelia acapulcensis ramosissima,Asteraceae,Asteroideae,ramosissima
Packera coahuilensis,Asteraceae,Asteroideae,NA
Palafoxia texana ambigua,Asteraceae,Asteroideae,ambigua
Gaillardia pinnatifida,Asteraceae,Asteroideae,NA
Acourtia nana,Asteraceae,Mutisioideae,NA
Acourtia nana,Asteraceae,Mutisioideae,NA
Tagetes tenuifolia,Asteraceae,Asteroideae,NA
Eutetras pringlei,Asteraceae,Asteroideae,NA
Tetrachyron manicatum,Asteraceae,Asteroideae,NA
Vernonanthura patens,Asteraceae,Vernonioideae,NA
Chaetymenia peduncularis,Asteraceae,Asteroideae,NA
Roldana gonzaleziae,Asteraceae,Asteroideae,NA
Centaurea americana,Asteraceae,Carduoideae,NA
Tagetes filifolia,Asteraceae,Asteroideae,NA
Tagetes lucida,Asteraceae,Asteroideae,NA
Tagetes erecta,Asteraceae,Asteroideae,NA
Aldama dentata dentata,Asteraceae,Asteroideae,dentata
Roldana oaxacana,Asteraceae,Asteroideae,NA
Tagetes erecta,Asteraceae,Asteroideae,NA
Tagetes filifolia,Asteraceae,Asteroideae,NA
Tagetes erecta,Asteraceae,Asteroideae,NA
Barkleyanthus salicifolius,Asteraceae,Asteroideae,NA
Tagetes lucida,Asteraceae,Asteroideae,NA
Tagetes lucida,Asteraceae,Asteroideae,NA
Tagetes filifolia,Asteraceae,Asteroideae,NA
Acourtia michoacana,Asteraceae,Mutisioideae,NA
Gaillardia powellii,Asteraceae,Asteroideae,NA
Gaillardia powellii,Asteraceae,Asteroideae,NA
Acourtia wrightii,Asteraceae,Mutisioideae,NA
Sclerocarpus uniserialis,Asteraceae,Asteroideae,NA
Melanthera nivea,Asteraceae,Asteroideae,NA
Heterosperma pinnatum,Asteraceae,Asteroideae,NA
Schkuhria pinnata wislizeni,Asteraceae,Asteroideae,wislizeni
Tagetes lucida,Asteraceae,Asteroideae,NA
Melampodium gracile,Asteraceae,Asteroideae,NA
Vernonanthura cordata,Asteraceae,Vernonioideae,NA
Critoniopsis salicifolia,Asteraceae,Vernonioideae,NA
Tagetes lucida,Asteraceae,Asteroideae,NA
Dyssodia tagetiflora,Asteraceae,Asteroideae,NA
Coreopsis rhyacophila,Asteraceae,Asteroideae,NA
Chionolaena salicifolia,Asteraceae,Asteroideae,NA
Brickellia veronicifolia,Asteraceae,Asteroideae,NA
Helenium quadridentatum,Asteraceae,Asteroideae,NA
Senecio helodes,Asteraceae,Asteroideae,NA
Helenium scorzonerifolium,Asteraceae,Asteroideae,NA
Calea ternifolia ternifolia,Asteraceae,Asteroideae,ternifolia
Acourtia oxylepis,Asteraceae,Mutisioideae,NA
Eclipta prostrata,Asteraceae,Asteroideae,NA
Pluchea salicifolia,Asteraceae,Asteroideae,NA
Perityle microglossa microglossa,Asteraceae,Asteroideae,microglossa
Melampodium divaricatum,Asteraceae,Asteroideae,NA
Acmella oppositifolia oppositifolia,Asteraceae,Asteroideae,oppositifolia
Flaveria angustifolia,Asteraceae,Asteroideae,NA
Roldana sessilifolia,Asteraceae,Asteroideae,NA
Porophyllum viridiflorum,Asteraceae,Asteroideae,NA
Tagetes tenuifolia,Asteraceae,Asteroideae,NA
Tagetes lucida,Asteraceae,Asteroideae,NA
Adenophyllum cancellatum,Asteraceae,Asteroideae,NA
Hemizonia paniculata,Asteraceae,Asteroideae,NA
Dahlia coccinea,Asteraceae,Asteroideae,NA
Critoniopsis foliosa,Asteraceae,Vernonioideae,NA
Acourtia fruticosa,Asteraceae,Mutisioideae,NA
Bolanosa coulteri,Asteraceae,Vernonioideae,NA
Psacalium platylepis,Asteraceae,Asteroideae,NA
Chromolaena odorata,Asteraceae,Asteroideae,NA
Senecio stoechadiformis,Asteraceae,Asteroideae,NA
Psacalium radulifolium,Asteraceae,Asteroideae,NA
Flaveria pringlei,Asteraceae,Asteroideae,NA
Acourtia turbinata,Asteraceae,Mutisioideae,NA
Acourtia nana,Asteraceae,Mutisioideae,NA
Gaillardia comosa,Asteraceae,Asteroideae,NA
Schkuhria pinnata wislizeni,Asteraceae,Asteroideae,wislizeni
Packera candidissima,Asteraceae,Asteroideae,NA
Melampodium americanum,Asteraceae,Asteroideae,NA
Acourtia nana,Asteraceae,Mutisioideae,NA
Roldana michoacana,Asteraceae,Asteroideae,NA
Tagetes subulata,Asteraceae,Asteroideae,NA
Tagetes micrantha,Asteraceae,Asteroideae,NA
Tagetes subulata,Asteraceae,Asteroideae,NA
Tagetes filifolia,Asteraceae,Asteroideae,NA
Tagetes jaliscensis,Asteraceae,Asteroideae,NA
Carphochaete grahamii,Asteraceae,Asteroideae,NA
Psacalium eriocarpum,Asteraceae,Asteroideae,NA
Roldana sessilifolia,Asteraceae,Asteroideae,NA
Oxypappus scaber,Asteraceae,Asteroideae,NA
Iostephane heterophylla,Asteraceae,Asteroideae,NA
Tridax palmeri,Asteraceae,Asteroideae,NA
Melampodium gracile,Asteraceae,Asteroideae,NA
Heterosperma pinnatum,Asteraceae,Asteroideae,NA
Dicranocarpus parviflorus,Asteraceae,Asteroideae,NA
Flaveria anomala,Asteraceae,Asteroideae,NA
Flaveria anomala,Asteraceae,Asteroideae,NA
Pluchea carolinensis,Asteraceae,Asteroideae,NA
Florestina pedata,Asteraceae,Asteroideae,NA
Tagetes tenuifolia,Asteraceae,Asteroideae,NA
Tagetes tenuifolia,Asteraceae,Asteroideae,NA
Acourtia michoacana,Asteraceae,Mutisioideae,NA
Bahia pringlei,Asteraceae,Asteroideae,NA
Tagetes tenuifolia,Asteraceae,Asteroideae,NA
Perityle microglossa microglossa,Asteraceae,Asteroideae,microglossa
Perityle microglossa microglossa,Asteraceae,Asteroideae,microglossa
Perityle microglossa microglossa,Asteraceae,Asteroideae,microglossa
Flaveria ramosissima,Asteraceae,Asteroideae,NA
Florestina simplicifolia,Asteraceae,Asteroideae,NA
Melampodium divaricatum,Asteraceae,Asteroideae,NA
Schkuhria schkuhrioides,Asteraceae,Asteroideae,NA
Senecio callosus,Asteraceae,Asteroideae,NA
Palafoxia lindenii,Asteraceae,Asteroideae,NA
Melampodium divaricatum,Asteraceae,Asteroideae,NA
Eclipta prostrata,Asteraceae,Asteroideae,NA
Adenophyllum glandulosum,Asteraceae,Asteroideae,NA
Melampodium perfoliatum,Asteraceae,Asteroideae,NA
Chaetymenia peduncularis,Asteraceae,Asteroideae,NA
Melanthera nivea,Asteraceae,Asteroideae,NA
Melanthera nivea,Asteraceae,Asteroideae,NA
Oxypappus scaber,Asteraceae,Asteroideae,NA
Trixis angustifolia,Asteraceae,Mutisioideae,NA
Sclerocarpus uniserialis,Asteraceae,Asteroideae,NA
Palafoxia linearis linearis,Asteraceae,Asteroideae,linearis
Florestina pedata,Asteraceae,Asteroideae,NA
Flaveria ramosissima,Asteraceae,Asteroideae,NA
Flaveria cronquistii,Asteraceae,Asteroideae,NA
Gaillardia comosa,Asteraceae,Asteroideae,NA
Schkuhria pinnata wislizeni,Asteraceae,Asteroideae,wislizeni
Roldana lanicaulis,Asteraceae,Asteroideae,NA
Flaveria oppositifolia,Asteraceae,Asteroideae,NA
Podachaenium eminens,Asteraceae,Asteroideae,NA
Critoniopsis foliosa,Asteraceae,Vernonioideae,NA
Gaillardia mexicana,Asteraceae,Asteroideae,NA
Calea jamaicensis,Asteraceae,Asteroideae,NA
Haploesthes greggii,Asteraceae,Asteroideae,NA
Viguiera gentryi,Asteraceae,Asteroideae,NA
Helenium quadridentatum,Asteraceae,Asteroideae,NA
Lagascea rigida,Asteraceae,Asteroideae,NA
Melampodium montanum viridulum,Asteraceae,Asteroideae,viridulum
Achyropappus anthemoides,Asteraceae,Asteroideae,NA
Acourtia cordata,Asteraceae,Mutisioideae,NA
Senecio argutus,Asteraceae,Asteroideae,NA
Schkuhria pinnata wislizeni,Asteraceae,Asteroideae,wislizeni
Ageratina paupercula,Asteraceae,Asteroideae,NA
Chromolaena odorata,Asteraceae,Asteroideae,NA
Dahlia sorensenii,Asteraceae,Asteroideae,NA
Trixis hyposericea,Asteraceae,Mutisioideae,NA
Senecio toluccanus,Asteraceae,Asteroideae,NA
Senecio toluccanus,Asteraceae,Asteroideae,NA
Senecio toluccanus,Asteraceae,Asteroideae,NA
Bahia schaffneri schaffneri,Asteraceae,Asteroideae,schaffneri
Sinclairia glabra hypoleuca,Asteraceae,Vernonioideae,hypoleuca
Gaillardia coahuilensis,Asteraceae,Asteroideae,NA
Trixis pterocaulis,Asteraceae,Mutisioideae,NA
Perityle rosei,Asteraceae,Asteroideae,NA
Roldana sessilifolia,Asteraceae,Asteroideae,NA
Tagetes tenuifolia,Asteraceae,Asteroideae,NA
Heterosperma pinnatum,Asteraceae,Asteroideae,NA
Perityle microglossa microglossa,Asteraceae,Asteroideae,microglossa
Melampodium gracile,Asteraceae,Asteroideae,NA
Melampodium microcephalum,Asteraceae,Asteroideae,NA
Gymnocoronis latifolia,Asteraceae,Asteroideae,NA
Melampodium montanum viridulum,Asteraceae,Asteroideae,viridulum
Adenophyllum porophyllum cancellatum,Asteraceae,Asteroideae,cancellatum
Schkuhria pinnata wislizeni,Asteraceae,Asteroideae,wislizeni
Tagetes micrantha,Asteraceae,Asteroideae,NA
Dyssodia papposa,Asteraceae,Asteroideae,NA
Perityle microglossa microglossa,Asteraceae,Asteroideae,microglossa
Loxothysanus pedunculatus,Asteraceae,Asteroideae,NA
Helenium quadridentatum,Asteraceae,Asteroideae,NA
Senecio flaccidus flaccidus,Asteraceae,Asteroideae,flaccidus
Packera millelobata,Asteraceae,Asteroideae,NA
Acourtia nana,Asteraceae,Mutisioideae,NA
Acourtia wrightii,Asteraceae,Mutisioideae,NA
Roldana albonervia,Asteraceae,Asteroideae,NA
Barkleyanthus salicifolius,Asteraceae,Asteroideae,NA
Roldana albonervia,Asteraceae,Asteroideae,NA
Barkleyanthus salicifolius,Asteraceae,Asteroideae,NA
Flaveria pringlei,Asteraceae,Asteroideae,NA
Acourtia nana,Asteraceae,Mutisioideae,NA
Bahia schaffneri schaffneri,Asteraceae,Asteroideae,schaffneri
Trixis californica californica,Asteraceae,Mutisioideae,californica
Acourtia cordata,Asteraceae,Mutisioideae,NA
Palafoxia lindenii,Asteraceae,Asteroideae,NA
Perityle jaliscana,Asteraceae,Asteroideae,NA
Trixis michuacana longifolia,Asteraceae,Mutisioideae,longifolia
Perityle microglossa microglossa,Asteraceae,Asteroideae,microglossa
Trixis hyposericea,Asteraceae,Mutisioideae,NA
Gaillardia powellii,Asteraceae,Asteroideae,NA
Perityle trichodonta,Asteraceae,Asteroideae,NA
Chaptalia runcinata,Asteraceae,Mutisioideae,NA
Calea ternifolia ternifolia,Asteraceae,Asteroideae,ternifolia
Leibnitzia lyrata,Asteraceae,Mutisioideae,NA
Piqueria laxiflora,Asteraceae,Asteroideae,NA
Acourtia humboldtii,Asteraceae,Mutisioideae,NA
Baltimora recta,Asteraceae,Asteroideae,NA
Baileya multiradiata,Asteraceae,Asteroideae,NA
Chaptalia transiliens,Asteraceae,Mutisioideae,NA
Roldana pennellii pennellii,Asteraceae,Asteroideae,pennellii
Roldana angulifolia,Asteraceae,Asteroideae,NA
Chaetymenia peduncularis,Asteraceae,Asteroideae,NA
Jaegeria glabra,Asteraceae,Asteroideae,NA
Tagetes lucida,Asteraceae,Asteroideae,NA
Senecio flaccidus flaccidus,Asteraceae,Asteroideae,flaccidus
Tagetes foetidissima,Asteraceae,Asteroideae,NA
Roldana angulifolia,Asteraceae,Asteroideae,NA
Trixis californica,Asteraceae,Mutisioideae,NA
Porophyllum linaria,Asteraceae,Asteroideae,NA
Eclipta prostrata,Asteraceae,Asteroideae,NA
Flaveria cronquistii,Asteraceae,Asteroideae,NA
Tithonia rotundifolia,Asteraceae,Asteroideae,NA
Wedelia acapulcensis ramosissima,Asteraceae,Asteroideae,ramosissima
Helenium mexicanum,Asteraceae,Asteroideae,NA
Otopappus epaleaceus,Asteraceae,Asteroideae,NA
Packera coahuilensis,Asteraceae,Asteroideae,NA
Florestina pedata,Asteraceae,Asteroideae,NA
Gaillardia mexicana,Asteraceae,Asteroideae,NA
Dicranocarpus parviflorus,Asteraceae,Asteroideae,NA
Flaveria chlorifolia,Asteraceae,Asteroideae,NA
Iostephane papposa,Asteraceae,Asteroideae,NA
Acourtia parryi,Asteraceae,Mutisioideae,NA
Flaveria ramosissima,Asteraceae,Asteroideae,NA
Sclerocarpus uniserialis,Asteraceae,Asteroideae,NA
Flaveria ramosissima,Asteraceae,Asteroideae,NA
Milleria quinqueflora,Asteraceae,Asteroideae,NA
Dyssodia tagetiflora,Asteraceae,Asteroideae,NA
Bidens ostruthioides,Asteraceae,Asteroideae,NA
Bidens ostruthioides,Asteraceae,Asteroideae,NA
Perityle microglossa microglossa,Asteraceae,Asteroideae,microglossa
Chaetymenia peduncularis,Asteraceae,Asteroideae,NA
Chaetymenia peduncularis,Asteraceae,Asteroideae,NA
Melampodium perfoliatum,Asteraceae,Asteroideae,NA
Perityle californica,Asteraceae,Asteroideae,NA
Nicolletia trifida,Asteraceae,Asteroideae,NA
Melampodium divaricatum,Asteraceae,Asteroideae,NA
Bahia pringlei,Asteraceae,Asteroideae,NA
Roldana pennellii pennellii,Asteraceae,Asteroideae,pennellii
Gochnatia hypoleuca hypoleuca,Asteraceae,Gochnatioideae,hypoleuca
Varilla texana,Asteraceae,Asteroideae,NA
Tagetes tenuifolia,Asteraceae,Asteroideae,NA
Helenium mexicanum,Asteraceae,Asteroideae,NA
Baileya multiradiata,Asteraceae,Asteroideae,NA
Psacalium eriocarpum,Asteraceae,Asteroideae,NA
Acourtia turbinata,Asteraceae,Mutisioideae,NA
Carphochaete grahamii,Asteraceae,Asteroideae,NA
Flaveria trinervia,Asteraceae,Asteroideae,NA
Critoniopsis foliosa,Asteraceae,Vernonioideae,NA
Podachaenium eminens,Asteraceae,Asteroideae,NA
Galinsoga triradiata,Asteraceae,Asteroideae,NA
Bahia absinthifolia absinthifolia,Asteraceae,Asteroideae,absinthifolia
Sigesbeckia pringlei,Asteraceae,Asteroideae,NA
Acourtia fruticosa,Asteraceae,Mutisioideae,NA
Palafoxia lindenii,Asteraceae,Asteroideae,NA
Calea urticifolia urticifolia,Asteraceae,Asteroideae,urticifolia
Helenium mexicanum,Asteraceae,Asteroideae,NA
Sabazia multiradiata,Asteraceae,Asteroideae,NA
Senecio roseus,Asteraceae,Asteroideae,NA
Senecio orizabensis,Asteraceae,Asteroideae,NA
Perityle microglossa microglossa,Asteraceae,Asteroideae,microglossa
Chaptalia nutans texana,Asteraceae,Mutisioideae,texana
Aldama dentata dentata,Asteraceae,Asteroideae,dentata
Melampodium linearilobum,Asteraceae,Asteroideae,NA
Roldana gentryi,Asteraceae,Asteroideae,NA
Roldana platanifolia,Asteraceae,Asteroideae,NA
Florestina pedata,Asteraceae,Asteroideae,NA
Flaveria robusta,Asteraceae,Asteroideae,NA
Calea urticifolia urticifolia,Asteraceae,Asteroideae,urticifolia
Melampodium perfoliatum,Asteraceae,Asteroideae,NA
Trichoptilium incisum,Asteraceae,Asteroideae,NA
Flaveria trinervia,Asteraceae,Asteroideae,NA
Senecio loratifolius,Asteraceae,Asteroideae,NA
Packera zimapanica,Asteraceae,Asteroideae,NA
Senecio richardsonii,Asteraceae,Asteroideae,NA
Trixis hyposericea,Asteraceae,Mutisioideae,NA
Pluchea salicifolia,Asteraceae,Asteroideae,NA
Gaillardia mexicana,Asteraceae,Asteroideae,NA
Gaillardia mexicana,Asteraceae,Asteroideae,NA
Lepidaploa canescens,Asteraceae,Vernonioideae,NA
Senecio stoechadiformis,Asteraceae,Asteroideae,NA
Psacalium pringlei,Asteraceae,Asteroideae,NA
Vernonanthura serratuloides,Asteraceae,Vernonioideae,NA
Acourtia nelsonii,Asteraceae,Mutisioideae,NA
Melampodium longipilum,Asteraceae,Asteroideae,NA
Tagetes lucida,Asteraceae,Asteroideae,NA
Schkuhria pinnata wislizeni,Asteraceae,Asteroideae,wislizeni
Perityle trichodonta,Asteraceae,Asteroideae,NA
Psacalium tabulare,Asteraceae,Asteroideae,NA
Wedelia acapulcensis acapulcensis,Asteraceae,Asteroideae,acapulcensis
Melampodium perfoliatum,Asteraceae,Asteroideae,NA
Galeana pratensis,Asteraceae,Asteroideae,NA
Trixis megalophylla,Asteraceae,Mutisioideae,NA
Heterosperma pinnatum,Asteraceae,Asteroideae,NA
Galinsoga parviflora,Asteraceae,Asteroideae,NA
Heterosperma pinnatum,Asteraceae,Asteroideae,NA
Acourtia cordata,Asteraceae,Mutisioideae,NA
Packera scalaris scalaris,Asteraceae,Asteroideae,scalaris
Perityle leptoglossa,Asteraceae,Asteroideae,NA
Vernonia faustiana,Asteraceae,Vernonioideae,NA
Vernonia faustiana,Asteraceae,Vernonioideae,NA
Vernonia lindheimeri,Asteraceae,Vernonioideae,NA
Melampodium divaricatum,Asteraceae,Asteroideae,NA
Jefea lantanifolia,Asteraceae,Asteroideae,NA
Palafoxia texana ambigua,Asteraceae,Asteroideae,ambigua
Chromolaena odorata,Asteraceae,Asteroideae,NA
Dyssodia tagetiflora,Asteraceae,Asteroideae,NA
Tagetes filifolia,Asteraceae,Asteroideae,NA
Pseudelephantopus spicatus,Asteraceae,Vernonioideae,NA
Melampodium glabrum,Asteraceae,Asteroideae,NA
Achyropappus anthemoides,Asteraceae,Asteroideae,NA
Baltimora recta,Asteraceae,Asteroideae,NA
Acourtia cordata,Asteraceae,Mutisioideae,NA
Perityle microglossa microglossa,Asteraceae,Asteroideae,microglossa
Trixis pterocaulis,Asteraceae,Mutisioideae,NA
Melampodium sericeum,Asteraceae,Asteroideae,NA
Eclipta prostrata,Asteraceae,Asteroideae,NA
Baltimora geminata,Asteraceae,Asteroideae,NA
Baileya multiradiata,Asteraceae,Asteroideae,NA
Psilostrophe tagetina,Asteraceae,Asteroideae,NA
Roldana michoacana,Asteraceae,Asteroideae,NA
Perityle microglossa microglossa,Asteraceae,Asteroideae,microglossa
Melampodium divaricatum,Asteraceae,Asteroideae,NA
Lepidaploa canescens,Asteraceae,Vernonioideae,NA
Flaveria oppositifolia,Asteraceae,Asteroideae,NA
Gochnatia hypoleuca hypoleuca,Asteraceae,Gochnatioideae,hypoleuca
Bahia schaffneri schaffneri,Asteraceae,Asteroideae,schaffneri
Thymophylla pentachaeta pentachaeta,Asteraceae,Asteroideae,pentachaeta
Dicranocarpus parviflorus,Asteraceae,Asteroideae,NA
Sinclairia angustissima,Asteraceae,Vernonioideae,NA
Bahia absinthifolia absinthifolia,Asteraceae,Asteroideae,absinthifolia
Packera scalaris scalaris,Asteraceae,Asteroideae,scalaris
Chaptalia nutans texana,Asteraceae,Mutisioideae,texana
Packera scalaris scalaris,Asteraceae,Asteroideae,scalaris
Critoniopsis salicifolia,Asteraceae,Vernonioideae,NA
Piqueria laxiflora,Asteraceae,Asteroideae,NA
Trixis californica californica,Asteraceae,Mutisioideae,californica
Bahia absinthifolia absinthifolia,Asteraceae,Asteroideae,absinthifolia
Acourtia wrightii,Asteraceae,Mutisioideae,NA
Bahia absinthifolia dealbata,Asteraceae,Asteroideae,dealbata
Baileya multiradiata,Asteraceae,Asteroideae,NA
Trixis californica californica,Asteraceae,Mutisioideae,californica
Jefea lantanifolia,Asteraceae,Asteroideae,NA
Gaillardia pulchella pulchella,Asteraceae,Asteroideae,pulchella
Schkuhria pinnata wislizeni,Asteraceae,Asteroideae,wislizeni
Melampodium divaricatum,Asteraceae,Asteroideae,NA
Melampodium divaricatum,Asteraceae,Asteroideae,NA
Packera millelobata,Asteraceae,Asteroideae,NA
Acourtia nana,Asteraceae,Mutisioideae,NA
Melampodium divaricatum,Asteraceae,Asteroideae,NA
Bahia schaffneri aristata,Asteraceae,NA,aristata
Trixis mexicana mexicana,Asteraceae,Mutisioideae,mexicana
Flaveria pringlei,Asteraceae,Asteroideae,NA
Borrichia frutescens,Asteraceae,Asteroideae,NA
Pectis liebmannii,Asteraceae,Asteroideae,NA
Pectis multiflosculosa,Asteraceae,Asteroideae,NA
Senecio flaccidus flaccidus,Asteraceae,Asteroideae,flaccidus
Schkuhria pinnata wislizeni,Asteraceae,Asteroideae,wislizeni
Galeana pratensis,Asteraceae,Asteroideae,NA
Trixis michuacana longifolia,Asteraceae,Mutisioideae,longifolia
Porophyllum punctatum,Asteraceae,Asteroideae,NA
Roldana pennellii pennellii,Asteraceae,Asteroideae,pennellii
Bahia absinthifolia absinthifolia,Asteraceae,Asteroideae,absinthifolia
Melampodium divaricatum,Asteraceae,Asteroideae,NA
Desmanthodium perfoliatum,Asteraceae,Asteroideae,NA
Perityle microglossa microglossa,Asteraceae,Asteroideae,microglossa
Acourtia nana,Asteraceae,Mutisioideae,NA
Acourtia nelsonii,Asteraceae,Mutisioideae,NA
Perityle microglossa microglossa,Asteraceae,Asteroideae,microglossa
Senecio callosus,Asteraceae,Asteroideae,NA
Melampodium tenellum,Asteraceae,Asteroideae,NA
Roldana sessilifolia,Asteraceae,Asteroideae,NA
Hymenoxys integrifolia,Asteraceae,Asteroideae,NA
Calea urticifolia urticifolia,Asteraceae,Asteroideae,urticifolia
Chaptalia transiliens,Asteraceae,Mutisioideae,NA
Jefea lantanifolia,Asteraceae,Asteroideae,NA
Sinclairia sericolepis,Asteraceae,Vernonioideae,NA
Leiboldia serrata,Asteraceae,Vernonioideae,NA
Melampodium microcephalum,Asteraceae,Asteroideae,NA
Melampodium microcephalum,Asteraceae,Asteroideae,NA
Perityle californica,Asteraceae,Asteroideae,NA
Jefea lantanifolia,Asteraceae,Asteroideae,NA
Artemisia ludoviciana,Asteraceae,Asteroideae,NA
Wedelia acapulcensis ramosissima,Asteraceae,Asteroideae,ramosissima
Perityle microglossa microglossa,Asteraceae,Asteroideae,microglossa
Perityle microglossa microglossa,Asteraceae,Asteroideae,microglossa
Palafoxia texana texana,Asteraceae,Asteroideae,texana
Flaveria pringlei,Asteraceae,Asteroideae,NA
Flaveria pringlei,Asteraceae,Asteroideae,NA
Schkuhria schkuhrioides,Asteraceae,Asteroideae,NA
Sclerocarpus divaricatus,Asteraceae,Asteroideae,NA
Palafoxia lindenii,Asteraceae,Asteroideae,NA
Acourtia nelsonii,Asteraceae,Mutisioideae,NA
Melanthera nivea,Asteraceae,Asteroideae,NA
Melampodium montanum viridulum,Asteraceae,Asteroideae,viridulum
Bahia absinthifolia absinthifolia,Asteraceae,Asteroideae,absinthifolia
Egletes liebmannii,Asteraceae,Asteroideae,NA
Bahia absinthifolia absinthifolia,Asteraceae,Asteroideae,absinthifolia
Bahia absinthifolia absinthifolia,Asteraceae,Asteroideae,absinthifolia
Bahia schaffneri aristata,Asteraceae,NA,aristata
Bahia absinthifolia absinthifolia,Asteraceae,Asteroideae,absinthifolia
Trixis hyposericea,Asteraceae,Mutisioideae,NA
Trixis angustifolia,Asteraceae,Mutisioideae,NA
Fleischmannia arguta,Asteraceae,Asteroideae,NA
Ageratina collodes,Asteraceae,Asteroideae,NA
Chaetymenia peduncularis,Asteraceae,Asteroideae,NA
Iostephane heterophylla,Asteraceae,Asteroideae,NA
Sclerocarpus uniserialis,Asteraceae,Asteroideae,NA
Flaveria pringlei,Asteraceae,Asteroideae,NA
Senecio parryi,Asteraceae,Asteroideae,NA
Melampodium americanum,Asteraceae,Asteroideae,NA
Sclerocarpus uniserialis,Asteraceae,Asteroideae,NA
Pluchea salicifolia,Asteraceae,Asteroideae,NA
Dyssodia tagetiflora,Asteraceae,Asteroideae,NA
Sinclairia deamii,Asteraceae,Vernonioideae,NA
Palafoxia lindenii,Asteraceae,Asteroideae,NA
Jaliscoa pringlei,Asteraceae,Asteroideae,NA
Acmella radicans radicans,Asteraceae,Asteroideae,radicans
Gaillardia suavis,Asteraceae,Asteroideae,NA
Pittocaulon velatum velatum,Asteraceae,Asteroideae,velatum
Pittocaulon velatum velatum,Asteraceae,Asteroideae,velatum
Trixis angustifolia,Asteraceae,Mutisioideae,NA
Tagetes erecta,Asteraceae,Asteroideae,NA
Chaptalia nutans texana,Asteraceae,Mutisioideae,texana
Florestina pedata,Asteraceae,Asteroideae,NA
Perityle microglossa microglossa,Asteraceae,Asteroideae,microglossa
Trixis megalophylla,Asteraceae,Mutisioideae,NA
Flaveria pringlei,Asteraceae,Asteroideae,NA
Stevia reticulata,Asteraceae,Asteroideae,NA
Delilia biflora,Asteraceae,Asteroideae,NA
Loxothysanus pedunculatus,Asteraceae,Asteroideae,NA
Pittocaulon bombycophole,Asteraceae,Asteroideae,NA
Bahia autumnalis,Asteraceae,Asteroideae,NA
Dyscritothamnus filifolius,Asteraceae,Asteroideae,NA
Barkleyanthus salicifolius,Asteraceae,Asteroideae,NA
Acourtia fruticosa,Asteraceae,Mutisioideae,NA
Trixis michuacana longifolia,Asteraceae,Mutisioideae,longifolia
Pseudelephantopus spicatus,Asteraceae,Vernonioideae,NA
Senecio toluccanus,Asteraceae,Asteroideae,NA
Acourtia runcinata,Asteraceae,Mutisioideae,NA
Senecio flaccidus flaccidus,Asteraceae,Asteroideae,flaccidus
Bahia absinthifolia absinthifolia,Asteraceae,Asteroideae,absinthifolia
Acourtia nana,Asteraceae,Mutisioideae,NA
Hymenoxys linearifolia,Asteraceae,Asteroideae,NA
Acourtia nana,Asteraceae,Mutisioideae,NA
Perityle microglossa microglossa,Asteraceae,Asteroideae,microglossa
Trixis hyposericea,Asteraceae,Mutisioideae,NA
Melampodium perfoliatum,Asteraceae,Asteroideae,NA
Melampodium microcephalum,Asteraceae,Asteroideae,NA
Erechtites valerianifolius,Asteraceae,Asteroideae,NA
Wedelia acapulcensis ramosissima,Asteraceae,Asteroideae,ramosissima
Chaetymenia peduncularis,Asteraceae,Asteroideae,NA
Melanthera nivea,Asteraceae,Asteroideae,NA
Senecio flaccidus flaccidus,Asteraceae,Asteroideae,flaccidus
Critoniopsis obtusa,Asteraceae,Vernonioideae,NA
Flaveria anomala,Asteraceae,Asteroideae,NA
Thymophylla setifolia,Asteraceae,Asteroideae,NA
Sinclairia glabra hypoleuca,Asteraceae,Vernonioideae,hypoleuca
Acmella oppositifolia oppositifolia,Asteraceae,Asteroideae,oppositifolia
Helenium mexicanum,Asteraceae,Asteroideae,NA
Tagetes lucida,Asteraceae,Asteroideae,NA
Schkuhria pinnata wislizeni,Asteraceae,Asteroideae,wislizeni
Flaveria trinervia,Asteraceae,Asteroideae,NA
Delilia biflora,Asteraceae,Asteroideae,NA
Porophyllum linaria,Asteraceae,Asteroideae,NA
Melampodium perfoliatum,Asteraceae,Asteroideae,NA
Melampodium glabrum,Asteraceae,Asteroideae,NA
Psathyrotes ramosissima,Asteraceae,Asteroideae,NA
Melampodium longipilum,Asteraceae,Asteroideae,NA
Palafoxia lindenii,Asteraceae,Asteroideae,NA
Roldana guadalajarensis,Asteraceae,Asteroideae,NA
Acourtia patens,Asteraceae,Mutisioideae,NA
Trixis michuacana longifolia,Asteraceae,Mutisioideae,longifolia
Melampodium linearilobum,Asteraceae,Asteroideae,NA
Borrichia frutescens,Asteraceae,Asteroideae,NA
Acourtia nana,Asteraceae,Mutisioideae,NA
Perityle socorrosensis,Asteraceae,Asteroideae,NA
Melampodium sinuatum,Asteraceae,Asteroideae,NA
Bebbia atriplicifolia,Asteraceae,Asteroideae,NA
Acmella oppositifolia oppositifolia,Asteraceae,Asteroideae,oppositifolia
Packera coahuilensis,Asteraceae,Asteroideae,NA
Psilostrophe gnaphalodes gnaphalodes,Asteraceae,Asteroideae,gnaphalodes
Chrysactinia mexicana,Asteraceae,Asteroideae,NA
Acourtia wrightii,Asteraceae,Mutisioideae,NA
Acourtia nana,Asteraceae,Mutisioideae,NA
Florestina simplicifolia,Asteraceae,Asteroideae,NA
Sclerocarpus uniserialis,Asteraceae,Asteroideae,NA
Cosmos sulphureus,Asteraceae,Asteroideae,NA
Packera tampicana,Asteraceae,Asteroideae,NA
Melampodium divaricatum,Asteraceae,Asteroideae,NA
Calea urticifolia yucatanensis,Asteraceae,Asteroideae,yucatanensis
Calea urticifolia yucatanensis,Asteraceae,Asteroideae,yucatanensis
Melampodium linearilobum,Asteraceae,Asteroideae,NA
Gaillardia pulchella australis,Asteraceae,Asteroideae,australis
Gymnocoronis latifolia,Asteraceae,Asteroideae,NA
Hymenoxys chrysanthemoides,Asteraceae,Asteroideae,NA
Roldana sundbergii,Asteraceae,Asteroideae,NA
Acourtia platyphylla,Asteraceae,Mutisioideae,NA
Porophyllum coloratum obtusifolium,Asteraceae,Asteroideae,obtusifolium
Acourtia wrightii,Asteraceae,Mutisioideae,NA
Gymnocoronis latifolia,Asteraceae,Asteroideae,NA
Acourtia nana,Asteraceae,Mutisioideae,NA
Gymnosperma glutinosum,Asteraceae,Asteroideae,NA
Thymophylla pentachaeta hartwegii,Asteraceae,Asteroideae,hartwegii
Melampodium americanum,Asteraceae,Asteroideae,NA
Chrysactinia mexicana,Asteraceae,Asteroideae,NA
Roldana aschenborniana,Asteraceae,Asteroideae,NA
Tagetes lucida,Asteraceae,Asteroideae,NA
Schkuhria pinnata wislizeni,Asteraceae,Asteroideae,wislizeni
Tagetes parryi,Asteraceae,Asteroideae,NA
Dyssodia papposa,Asteraceae,Asteroideae,NA
Porophyllum macrocephalum,Asteraceae,Asteroideae,NA
Tagetes parryi,Asteraceae,Asteroideae,NA
Roldana aschenborniana,Asteraceae,Asteroideae,NA
Senecio alvarezensis,Asteraceae,Asteroideae,NA
Acmella oppositifolia oppositifolia,Asteraceae,Asteroideae,oppositifolia
Schkuhria pinnata wislizeni,Asteraceae,Asteroideae,wislizeni
Dugesia mexicana,Asteraceae,Asteroideae,NA
Acourtia purpusii,Asteraceae,Mutisioideae,NA
Gaillardia mexicana,Asteraceae,Asteroideae,NA
Perityle microglossa microglossa,Asteraceae,Asteroideae,microglossa
Perityle jaliscana,Asteraceae,Asteroideae,NA
Flaveria pringlei,Asteraceae,Asteroideae,NA
Gaillardia mexicana,Asteraceae,Asteroideae,NA
Melampodium nutans,Asteraceae,Asteroideae,NA
Milleria quinqueflora,Asteraceae,Asteroideae,NA
Sinclairia sericolepis,Asteraceae,Vernonioideae,NA
Villasenoria orcuttii,Asteraceae,Asteroideae,NA
Melampodium tenellum,Asteraceae,Asteroideae,NA
Jaliscoa pringlei,Asteraceae,Asteroideae,NA
Galeana pratensis,Asteraceae,Asteroideae,NA
Milleria quinqueflora,Asteraceae,Asteroideae,NA
Delilia biflora,Asteraceae,Asteroideae,NA
Perityle microglossa microglossa,Asteraceae,Asteroideae,microglossa
Gaillardia suavis,Asteraceae,Asteroideae,NA
Florestina pedata,Asteraceae,Asteroideae,NA
Trixis hyposericea,Asteraceae,Mutisioideae,NA
Flourensia cernua,Asteraceae,Asteroideae,NA
Melampodium gracile,Asteraceae,Asteroideae,NA
Tagetes lunulata,Asteraceae,Asteroideae,NA
Sinclairia liebmannii,Asteraceae,Vernonioideae,NA
Tagetes subulata,Asteraceae,Asteroideae,NA
Pittocaulon bombycophole,Asteraceae,Asteroideae,NA
Gaillardia mexicana,Asteraceae,Asteroideae,NA
Senecio loratifolius,Asteraceae,Asteroideae,NA
Senecio loratifolius,Asteraceae,Asteroideae,NA
Bahia schaffneri schaffneri,Asteraceae,Asteroideae,schaffneri
Pittocaulon velatum velatum,Asteraceae,Asteroideae,velatum
Pittocaulon velatum velatum,Asteraceae,Asteroideae,velatum
Psacalium napellifolium,Asteraceae,Asteroideae,NA
Acourtia fruticosa,Asteraceae,Mutisioideae,NA
Trixis angustifolia,Asteraceae,Mutisioideae,NA
Melampodium divaricatum,Asteraceae,Asteroideae,NA
Critoniopsis leiocarpa,Asteraceae,Vernonioideae,NA
Melampodium montanum viridulum,Asteraceae,Asteroideae,viridulum
Melampodium rosei,Asteraceae,Asteroideae,NA
Vernonanthura liatroides,Asteraceae,Vernonioideae,NA
Acourtia wrightii,Asteraceae,Mutisioideae,NA
Calea urticifolia urticifolia,Asteraceae,Asteroideae,urticifolia
Lepidaploa tortuosa,Asteraceae,Vernonioideae,NA
Pseudelephantopus spicatus,Asteraceae,Vernonioideae,NA
Roldana oaxacana,Asteraceae,Asteroideae,NA
Florestina simplicifolia,Asteraceae,Asteroideae,NA
Perityle microglossa microglossa,Asteraceae,Asteroideae,microglossa
Heterosperma pinnatum,Asteraceae,Asteroideae,NA
Dyssodia tagetiflora,Asteraceae,Asteroideae,NA
Bahia schaffneri schaffneri,Asteraceae,Asteroideae,schaffneri
Tagetes filifolia,Asteraceae,Asteroideae,NA
Gymnocoronis latifolia,Asteraceae,Asteroideae,NA
Helenium quadridentatum,Asteraceae,Asteroideae,NA
Pseudelephantopus spicatus,Asteraceae,Vernonioideae,NA
Wedelia acapulcensis ramosissima,Asteraceae,Asteroideae,ramosissima
Galeana pratensis,Asteraceae,Asteroideae,NA
Montanoa bipinnatifida,Asteraceae,Asteroideae,NA
Baltimora recta,Asteraceae,Asteroideae,NA
Sclerocarpus uniserialis,Asteraceae,Asteroideae,NA
Perityle microglossa saxosa,Asteraceae,Asteroideae,saxosa
Florestina pedata,Asteraceae,Asteroideae,NA
Trixis michuacana longifolia,Asteraceae,Mutisioideae,longifolia
Podachaenium eminens,Asteraceae,Asteroideae,NA
Jaegeria hirta,Asteraceae,Asteroideae,NA
Trixis hyposericea,Asteraceae,Mutisioideae,NA
Vernonanthura serratuloides,Asteraceae,Vernonioideae,NA
Vernonia alamanii,Asteraceae,Vernonioideae,NA
Gymnocoronis latifolia,Asteraceae,Asteroideae,NA
Baltimora recta,Asteraceae,Asteroideae,NA
Tagetes filifolia,Asteraceae,Asteroideae,NA
Gaillardia comosa,Asteraceae,Asteroideae,NA
Palafoxia texana robusta,Asteraceae,Asteroideae,robusta
Verbesina persicifolia,Asteraceae,Asteroideae,NA
Flaveria cronquistii,Asteraceae,Asteroideae,NA
Ageratina hidalgensis,Asteraceae,Asteroideae,NA
Roldana angulifolia,Asteraceae,Asteroideae,NA
Perityle microglossa microglossa,Asteraceae,Asteroideae,microglossa
Gaillardia comosa,Asteraceae,Asteroideae,NA
Acourtia turbinata,Asteraceae,Mutisioideae,NA
Gaillardia mexicana,Asteraceae,Asteroideae,NA
Acourtia nana,Asteraceae,Mutisioideae,NA
Packera scalaris parrasiana,Asteraceae,Asteroideae,parrasiana
Porophyllum punctatum,Asteraceae,Asteroideae,NA
Acourtia nana,Asteraceae,Mutisioideae,NA
Perityle microglossa microglossa,Asteraceae,Asteroideae,microglossa
Vernonia greggii,Asteraceae,Vernonioideae,NA
Melampodium longifolium,Asteraceae,Asteroideae,NA
Gaillardia mexicana,Asteraceae,Asteroideae,NA
Melampodium gracile,Asteraceae,Asteroideae,NA
Gaillardia pulchella australis,Asteraceae,Asteroideae,australis
Gaillardia pulchella pulchella,Asteraceae,Asteroideae,pulchella
Haploesthes greggii,Asteraceae,Asteroideae,NA
Gaillardia suavis,Asteraceae,Asteroideae,NA
Flaveria ramosissima,Asteraceae,Asteroideae,NA
Perityle californica,Asteraceae,Asteroideae,NA
Flaveria oppositifolia,Asteraceae,Asteroideae,NA
Acourtia nelsonii,Asteraceae,Mutisioideae,NA
Tagetes tenuifolia,Asteraceae,Asteroideae,NA
Roldana chapalensis,Asteraceae,Asteroideae,NA
Thymophylla acerosa,Asteraceae,Asteroideae,NA
Thymophylla setifolia,Asteraceae,Asteroideae,NA
Helenium mexicanum,Asteraceae,Asteroideae,NA
Helenium quadridentatum,Asteraceae,Asteroideae,NA
Leibnitzia lyrata,Asteraceae,Mutisioideae,NA
Senecio flaccidus flaccidus,Asteraceae,Asteroideae,flaccidus
Ageratina ligustrina,Asteraceae,Asteroideae,NA
Gochnatia hypoleuca hypoleuca,Asteraceae,Gochnatioideae,hypoleuca
Acourtia purpusii,Asteraceae,Mutisioideae,NA
Flaveria cronquistii,Asteraceae,Asteroideae,NA
Melampodium divaricatum,Asteraceae,Asteroideae,NA
Acourtia turbinata,Asteraceae,Mutisioideae,NA
Flaveria angustifolia,Asteraceae,Asteroideae,NA
Chaetymenia peduncularis,Asteraceae,Asteroideae,NA
Trixis mexicana mexicana,Asteraceae,Mutisioideae,mexicana
Flaveria cronquistii,Asteraceae,Asteroideae,NA
Borrichia frutescens,Asteraceae,Asteroideae,NA
Flaveria linearis,Asteraceae,Asteroideae,NA
Perityle socorrosensis,Asteraceae,Asteroideae,NA
Melampodium sericeum,Asteraceae,Asteroideae,NA
Tagetes micrantha,Asteraceae,Asteroideae,NA
Pseudelephantopus spicatus,Asteraceae,Vernonioideae,NA
Perityle microglossa microglossa,Asteraceae,Asteroideae,microglossa
Florestina tripteris,Asteraceae,Asteroideae,NA
Jaliscoa goldmanii,Asteraceae,Asteroideae,NA
Trixis pterocaulis,Asteraceae,Mutisioideae,NA
Melampodium nutans,Asteraceae,Asteroideae,NA
Helenium mexicanum,Asteraceae,Asteroideae,NA
Baltimora recta,Asteraceae,Asteroideae,NA
Vernonanthura patens,Asteraceae,Vernonioideae,NA
Melampodium microcephalum,Asteraceae,Asteroideae,NA
Haploesthes greggii,Asteraceae,Asteroideae,NA
Senecio flaccidus flaccidus,Asteraceae,Asteroideae,flaccidus
Acourtia wrightii,Asteraceae,Mutisioideae,NA
Sinclairia glabra hypoleuca,Asteraceae,Vernonioideae,hypoleuca
Melampodium perfoliatum,Asteraceae,Asteroideae,NA
Packera coahuilensis,Asteraceae,Asteroideae,NA
Flaveria anomala,Asteraceae,Asteroideae,NA
Galeana pratensis,Asteraceae,Asteroideae,NA
Tagetes subulata,Asteraceae,Asteroideae,NA
Melampodium divaricatum,Asteraceae,Asteroideae,NA
Acourtia cordata,Asteraceae,Mutisioideae,NA
Acourtia mexicana,Asteraceae,Mutisioideae,NA
Trixis michuacana longifolia,Asteraceae,Mutisioideae,longifolia
Perityle incana,Asteraceae,Asteroideae,NA
Sclerocarpus papposus,Asteraceae,Asteroideae,NA
Trichoptilium incisum,Asteraceae,Asteroideae,NA
Trixis mexicana mexicana,Asteraceae,Mutisioideae,mexicana
Perityle californica,Asteraceae,Asteroideae,NA
Wedelia acapulcensis ramosissima,Asteraceae,Asteroideae,ramosissima
Acourtia wrightii,Asteraceae,Mutisioideae,NA
Packera candidissima,Asteraceae,Asteroideae,NA
Acmella oppositifolia oppositifolia,Asteraceae,Asteroideae,oppositifolia
Packera sanguisorbae,Asteraceae,Asteroideae,NA
Senecio flaccidus flaccidus,Asteraceae,Asteroideae,flaccidus
Melampodium aureum,Asteraceae,Asteroideae,NA
Perityle microglossa microglossa,Asteraceae,Asteroideae,microglossa
Vernonia bealliae,Asteraceae,Vernonioideae,NA
Bahia schaffneri aristata,Asteraceae,NA,aristata
Jefea lantanifolia,Asteraceae,Asteroideae,NA
Thymophylla setifolia,Asteraceae,Asteroideae,NA
Bahia absinthifolia absinthifolia,Asteraceae,Asteroideae,absinthifolia
Elephantopus mollis,Asteraceae,Vernonioideae,NA
Packera sanguisorbae,Asteraceae,Asteroideae,NA
Loxothysanus sinuatus,Asteraceae,Asteroideae,NA
Bahia absinthifolia absinthifolia,Asteraceae,Asteroideae,absinthifolia
Palafoxia linearis linearis,Asteraceae,Asteroideae,linearis
Vernonanthura liatroides,Asteraceae,Vernonioideae,NA
Helenium quadridentatum,Asteraceae,Asteroideae,NA
Psacalium cirsiifolium,Asteraceae,Asteroideae,NA
Aldama dentata dentata,Asteraceae,Asteroideae,dentata
Psathyrotopsis hintoniorum,Asteraceae,Asteroideae,NA
Psathyrotopsis hintoniorum,Asteraceae,Asteroideae,NA
Gaillardia pulchella pulchella,Asteraceae,Asteroideae,pulchella
Gaillardia suavis,Asteraceae,Asteroideae,NA
Roldana pennellii pennellii,Asteraceae,Asteroideae,pennellii
Melampodium tenellum,Asteraceae,Asteroideae,NA
Wedelia acapulcensis ramosissima,Asteraceae,Asteroideae,ramosissima
Wedelia acapulcensis ramosissima,Asteraceae,Asteroideae,ramosissima
Baltimora recta,Asteraceae,Asteroideae,NA
Palafoxia lindenii,Asteraceae,Asteroideae,NA
Acourtia wrightii,Asteraceae,Mutisioideae,NA
Thymophylla pentachaeta pentachaeta,Asteraceae,Asteroideae,pentachaeta
Florestina tripteris,Asteraceae,Asteroideae,NA
Acourtia wrightii,Asteraceae,Mutisioideae,NA
Acourtia nana,Asteraceae,Mutisioideae,NA
Trixis pringlei pringlei,Asteraceae,Mutisioideae,pringlei
Tagetes micrantha,Asteraceae,Asteroideae,NA
Heterosperma pinnatum,Asteraceae,Asteroideae,NA
Roldana sessilifolia,Asteraceae,Asteroideae,NA
Perityle microglossa microglossa,Asteraceae,Asteroideae,microglossa
Oxypappus scaber,Asteraceae,Asteroideae,NA
Melampodium sericeum,Asteraceae,Asteroideae,NA
Bahia schaffneri schaffneri,Asteraceae,Asteroideae,schaffneri
Dyssodia papposa,Asteraceae,Asteroideae,NA
Axiniphyllum corymbosum,Asteraceae,Asteroideae,NA
Flaveria angustifolia,Asteraceae,Asteroideae,NA
Gaillardia powellii,Asteraceae,Asteroideae,NA
Tagetes filifolia,Asteraceae,Asteroideae,NA
Roldana lineolata,Asteraceae,Asteroideae,NA
Florestina pedata,Asteraceae,Asteroideae,NA
Acourtia nelsonii,Asteraceae,Mutisioideae,NA
Rosilla lutea,Asteraceae,Asteroideae,NA
Trixis pterocaulis,Asteraceae,Mutisioideae,NA
Sclerocarpus spatulatus,Asteraceae,Asteroideae,NA
Senecio toluccanus,Asteraceae,Asteroideae,NA
Gaillardia suavis,Asteraceae,Asteroideae,NA
Helenium mexicanum,Asteraceae,Asteroideae,NA
Helenium mexicanum,Asteraceae,Asteroideae,NA
Trixis mexicana mexicana,Asteraceae,Mutisioideae,mexicana
Trixis inula,Asteraceae,Mutisioideae,NA
Wedelia acapulcensis ramosissima,Asteraceae,Asteroideae,ramosissima
Philactis zinnioides,Asteraceae,Asteroideae,NA
Galeana pratensis,Asteraceae,Asteroideae,NA
Chaptalia transiliens,Asteraceae,Mutisioideae,NA
Trixis hyposericea,Asteraceae,Mutisioideae,NA
Bidens odorata rosea,Asteraceae,Asteroideae,rosea
Perityle microglossa microglossa,Asteraceae,Asteroideae,microglossa
Perityle microglossa microglossa,Asteraceae,Asteroideae,microglossa
Porophyllum linaria,Asteraceae,Asteroideae,NA
Bahia schaffneri schaffneri,Asteraceae,Asteroideae,schaffneri
Ageratina crassiramea,Asteraceae,Asteroideae,NA
Gaillardia suavis,Asteraceae,Asteroideae,NA
Gymnocoronis latifolia,Asteraceae,Asteroideae,NA
Bahia schaffneri schaffneri,Asteraceae,Asteroideae,schaffneri
Verbesina sousae,Asteraceae,Asteroideae,NA
Psacalium sharpii,Asteraceae,Asteroideae,NA
Melampodium aureum,Asteraceae,Asteroideae,NA
Bahia absinthifolia dealbata,Asteraceae,Asteroideae,dealbata
Pluchea salicifolia,Asteraceae,Asteroideae,NA
Bahia absinthifolia absinthifolia,Asteraceae,Asteroideae,absinthifolia
Melampodium divaricatum,Asteraceae,Asteroideae,NA
Trixis hyposericea,Asteraceae,Mutisioideae,NA
Acourtia humboldtii,Asteraceae,Mutisioideae,NA
Wedelia acapulcensis ramosissima,Asteraceae,Asteroideae,ramosissima
Stevia myricoides,Asteraceae,Asteroideae,NA
Trixis californica californica,Asteraceae,Mutisioideae,californica
Delilia biflora,Asteraceae,Asteroideae,NA
Milleria quinqueflora,Asteraceae,Asteroideae,NA
Acourtia nana,Asteraceae,Mutisioideae,NA
Perityle microglossa microglossa,Asteraceae,Asteroideae,microglossa
Psacalium filicifolium,Asteraceae,Asteroideae,NA
Senecio stoechadiformis,Asteraceae,Asteroideae,NA
Senecio stoechadiformis,Asteraceae,Asteroideae,NA
Pippenalia delphiniifolia,Asteraceae,Asteroideae,NA
Psacalium palmeri,Asteraceae,Asteroideae,NA
Pippenalia delphiniifolia,Asteraceae,Asteroideae,NA
Gaillardia powellii,Asteraceae,Asteroideae,NA
Delilia biflora,Asteraceae,Asteroideae,NA
Villanova achilleoides,Asteraceae,Asteroideae,NA
Jaliscoa pringlei,Asteraceae,Asteroideae,NA
Gaillardia pulchella australis,Asteraceae,Asteroideae,australis
Bahia pedata,Asteraceae,Asteroideae,NA
Tagetes lucida,Asteraceae,Asteroideae,NA
Trixis michuacana longifolia,Asteraceae,Mutisioideae,longifolia
Trixis michuacana longifolia,Asteraceae,Mutisioideae,longifolia
Perityle californica,Asteraceae,Asteroideae,NA
Florestina pedata,Asteraceae,Asteroideae,NA
Calea urticifolia yucatanensis,Asteraceae,Asteroideae,yucatanensis
Galeana pratensis,Asteraceae,Asteroideae,NA
Axiniphyllum pinnatisectum,Asteraceae,Asteroideae,NA
Perityle microglossa microglossa,Asteraceae,Asteroideae,microglossa
Melanthera nivea,Asteraceae,Asteroideae,NA
Barkleyanthus salicifolius,Asteraceae,Asteroideae,NA
Flaveria pubescens,Asteraceae,Asteroideae,NA
Pittocaulon velatum velatum,Asteraceae,Asteroideae,velatum
Schkuhria pinnata wislizeni,Asteraceae,Asteroideae,wislizeni
Acourtia glomeriflora,Asteraceae,Mutisioideae,NA
Florestina lobata,Asteraceae,Asteroideae,NA
Florestina pedata,Asteraceae,Asteroideae,NA
Melampodium americanum,Asteraceae,Asteroideae,NA
Melampodium longipes,Asteraceae,Asteroideae,NA
Melampodium montanum viridulum,Asteraceae,Asteroideae,viridulum
Adenophyllum porophyllum,Asteraceae,Asteroideae,NA
Melampodium gracile,Asteraceae,Asteroideae,NA
Adenophyllum cancellatum,Asteraceae,Asteroideae,NA
Verbesina oncophora oncophora,Asteraceae,Asteroideae,oncophora
Trixis michuacana longifolia,Asteraceae,Mutisioideae,longifolia
Tagetes foetidissima,Asteraceae,Asteroideae,NA
Tagetes lucida,Asteraceae,Asteroideae,NA
Bahia schaffneri schaffneri,Asteraceae,Asteroideae,schaffneri
Trixis michuacana longifolia,Asteraceae,Mutisioideae,longifolia
Acourtia humboldtii,Asteraceae,Mutisioideae,NA
Senecio flaccidus flaccidus,Asteraceae,Asteroideae,flaccidus
Pectis prostrata,Asteraceae,Asteroideae,NA
Flaveria anomala,Asteraceae,Asteroideae,NA
Sclerocarpus uniserialis,Asteraceae,Asteroideae,NA
Bidens ostruthioides,Asteraceae,Asteroideae,NA
Melanthera nivea,Asteraceae,Asteroideae,NA
Vernonia argyropappa,Asteraceae,Vernonioideae,NA
Tithonia diversifolia,Asteraceae,Asteroideae,NA
Vernonanthura patens,Asteraceae,Vernonioideae,NA
Trixis inula,Asteraceae,Mutisioideae,NA
Pseudelephantopus spicatus,Asteraceae,Vernonioideae,NA
Bidens ocellatus,Asteraceae,Asteroideae,NA
Perityle microglossa saxosa,Asteraceae,Asteroideae,saxosa
Wedelia acapulcensis ramosissima,Asteraceae,Asteroideae,ramosissima
Acourtia turbinata,Asteraceae,Mutisioideae,NA
Porophyllum punctatum,Asteraceae,Asteroideae,NA
Conyza canadensis,Asteraceae,Asteroideae,NA
Gymnocoronis latifolia,Asteraceae,Asteroideae,NA
Melampodium gracile,Asteraceae,Asteroideae,NA
Bahia schaffneri schaffneri,Asteraceae,Asteroideae,schaffneri
Melampodium perfoliatum,Asteraceae,Asteroideae,NA
Hemizonia greeneana greeneana,Asteraceae,Asteroideae,greeneana
Acourtia wrightii,Asteraceae,Mutisioideae,NA
Porophyllum macrocephalum,Asteraceae,Asteroideae,NA
Jaegeria hirta,Asteraceae,Asteroideae,NA
Tagetes filifolia,Asteraceae,Asteroideae,NA
Melampodium microcephalum,Asteraceae,Asteroideae,NA
Chaptalia nutans,Asteraceae,Mutisioideae,NA
Pittocaulon bombycophole,Asteraceae,Asteroideae,NA
Trixis inula,Asteraceae,Mutisioideae,NA
Perityle microglossa microglossa,Asteraceae,Asteroideae,microglossa
Perityle microglossa microglossa,Asteraceae,Asteroideae,microglossa
Perityle microglossa microglossa,Asteraceae,Asteroideae,microglossa
Critoniopsis tarchonanthifolia,Asteraceae,Vernonioideae,NA
Tagetes micrantha,Asteraceae,Asteroideae,NA
Perityle emoryi,Asteraceae,Asteroideae,NA
Perityle californica,Asteraceae,Asteroideae,NA
Trixis californica californica,Asteraceae,Mutisioideae,californica
Melampodium divaricatum,Asteraceae,Asteroideae,NA
Senecio platypus,Asteraceae,Asteroideae,NA
Perityle microglossa microglossa,Asteraceae,Asteroideae,microglossa
Trixis hyposericea,Asteraceae,Mutisioideae,NA
Eclipta prostrata,Asteraceae,Asteroideae,NA
Gaillardia pulchella pulchella,Asteraceae,Asteroideae,pulchella
Flaveria oppositifolia,Asteraceae,Asteroideae,NA
Adenophyllum porophyllum,Asteraceae,Asteroideae,NA
Desmanthodium ovatum,Asteraceae,Asteroideae,NA
Schkuhria pinnata wislizeni,Asteraceae,Asteroideae,wislizeni
Trixis angustifolia,Asteraceae,Mutisioideae,NA
Gaillardia mexicana,Asteraceae,Asteroideae,NA
Acourtia glomeriflora,Asteraceae,Mutisioideae,NA
Chromolaena collina,Asteraceae,Asteroideae,NA
Acourtia glomeriflora,Asteraceae,Mutisioideae,NA
Porophyllum viridiflorum,Asteraceae,Asteroideae,NA
Roldana barba-johannis,Asteraceae,Asteroideae,NA
Porophyllum gracile,Asteraceae,Asteroideae,NA
Porophyllum gracile,Asteraceae,Asteroideae,NA
Pluchea carolinensis,Asteraceae,Asteroideae,NA
Eclipta prostrata,Asteraceae,Asteroideae,NA
Acourtia wrightii,Asteraceae,Mutisioideae,NA
Florestina pedata,Asteraceae,Asteroideae,NA
Haploesthes robusta,Asteraceae,Asteroideae,NA
Porophyllum punctatum,Asteraceae,Asteroideae,NA
Acourtia cordata,Asteraceae,Mutisioideae,NA
Dyssodia tagetiflora,Asteraceae,Asteroideae,NA
Chromolaena odorata,Asteraceae,Asteroideae,NA
Acourtia simulata,Asteraceae,Mutisioideae,NA
Acourtia cordata,Asteraceae,Mutisioideae,NA
Psilostrophe cooperi,Asteraceae,Asteroideae,NA
Sinclairia sericolepis,Asteraceae,Vernonioideae,NA
Flaveria ramosissima,Asteraceae,Asteroideae,NA
Trixis californica californica,Asteraceae,Mutisioideae,californica
Iostephane heterophylla,Asteraceae,Asteroideae,NA
Gymnocoronis latifolia,Asteraceae,Asteroideae,NA
Acourtia cordata,Asteraceae,Mutisioideae,NA
Gaillardia comosa,Asteraceae,Asteroideae,NA
Vernonia faustiana,Asteraceae,Vernonioideae,NA
Perityle microglossa microglossa,Asteraceae,Asteroideae,microglossa
Thymophylla setifolia,Asteraceae,Asteroideae,NA
Barkleyanthus salicifolius,Asteraceae,Asteroideae,NA
Pluchea salicifolia,Asteraceae,Asteroideae,NA
Acourtia turbinata,Asteraceae,Mutisioideae,NA
Porophyllum punctatum,Asteraceae,Asteroideae,NA
Perityle microglossa microglossa,Asteraceae,Asteroideae,microglossa
Tagetes erecta,Asteraceae,Asteroideae,NA
Gaillardia turneri,Asteraceae,Asteroideae,NA
Melampodium divaricatum,Asteraceae,Asteroideae,NA
Florestina pedata,Asteraceae,Asteroideae,NA
Acourtia turbinata,Asteraceae,Mutisioideae,NA
Chaetymenia peduncularis,Asteraceae,Asteroideae,NA
Perityle microglossa microglossa,Asteraceae,Asteroideae,microglossa
Wedelia acapulcensis ramosissima,Asteraceae,Asteroideae,ramosissima
Psilostrophe gnaphalodes gnaphalodes,Asteraceae,Asteroideae,gnaphalodes
Wedelia acapulcensis ramosissima,Asteraceae,Asteroideae,ramosissima
Alloispermum colimense,Asteraceae,Asteroideae,NA
Pectis coulteri,Asteraceae,Asteroideae,NA
Bahia schaffneri schaffneri,Asteraceae,Asteroideae,schaffneri
Acourtia platyphylla,Asteraceae,Mutisioideae,NA
Acourtia palmeri,Asteraceae,Mutisioideae,NA
Artemisia ludoviciana,Asteraceae,Asteroideae,NA
Bahia absinthifolia absinthifolia,Asteraceae,Asteroideae,absinthifolia
Perityle microglossa microglossa,Asteraceae,Asteroideae,microglossa
Melampodium microcephalum,Asteraceae,Asteroideae,NA
Critoniopsis villaregalis,Asteraceae,Vernonioideae,NA
Gaillardia comosa,Asteraceae,Asteroideae,NA
Roldana marquesii,Asteraceae,Asteroideae,NA
Heterosperma xanti,Asteraceae,Asteroideae,NA
Perityle microglossa microglossa,Asteraceae,Asteroideae,microglossa
Vernonanthura patens,Asteraceae,Vernonioideae,NA
Smallanthus oaxacanus,Asteraceae,Asteroideae,NA
Calea ternifolia ternifolia,Asteraceae,Asteroideae,ternifolia
Senecio loratifolius,Asteraceae,Asteroideae,NA
Acourtia wrightii,Asteraceae,Mutisioideae,NA
Packera coahuilensis,Asteraceae,Asteroideae,NA
Flaveria oppositifolia,Asteraceae,Asteroideae,NA
Melampodium gracile,Asteraceae,Asteroideae,NA
Melampodium longipilum,Asteraceae,Asteroideae,NA
Acourtia cordata,Asteraceae,Mutisioideae,NA
Psathyrotopsis hintoniorum,Asteraceae,Asteroideae,NA
Senecio toluccanus,Asteraceae,Asteroideae,NA
Chaenactis carphoclinia,Asteraceae,Asteroideae,NA
Chaenactis glabriuscula glabriuscula,Asteraceae,Asteroideae,glabriuscula
Florestina pedata,Asteraceae,Asteroideae,NA
Perityle microglossa microglossa,Asteraceae,Asteroideae,microglossa
Vernonanthura cordata,Asteraceae,Vernonioideae,NA
Gaillardia comosa,Asteraceae,Asteroideae,NA
Tagetes lucida,Asteraceae,Asteroideae,NA
Lepidaploa tortuosa,Asteraceae,Vernonioideae,NA
Acmella oppositifolia oppositifolia,Asteraceae,Asteroideae,oppositifolia
Perityle microglossa saxosa,Asteraceae,Asteroideae,saxosa
Porophyllum pringlei,Asteraceae,Asteroideae,NA
Porophyllum punctatum,Asteraceae,Asteroideae,NA
Barkleyanthus salicifolius,Asteraceae,Asteroideae,NA
Flaveria trinervia,Asteraceae,Asteroideae,NA
Melampodium perfoliatum,Asteraceae,Asteroideae,NA
Galinsoga parviflora,Asteraceae,Asteroideae,NA
Tagetes tenuifolia,Asteraceae,Asteroideae,NA
Ageratina chiapensis,Asteraceae,Asteroideae,NA
Ageratina chiapensis,Asteraceae,Asteroideae,NA
Acourtia oxylepis,Asteraceae,Mutisioideae,NA
Flaveria oppositifolia,Asteraceae,Asteroideae,NA
Pseudelephantopus spicatus,Asteraceae,Vernonioideae,NA
Bidens odorata rosea,Asteraceae,Asteroideae,rosea
Peucephyllum schottii,Asteraceae,Asteroideae,NA
Tagetes erecta,Asteraceae,Asteroideae,NA
Tetrachyron discolor,Asteraceae,Asteroideae,NA
Gaillardia pulchella australis,Asteraceae,Asteroideae,australis
Gaillardia coahuilensis,Asteraceae,Asteroideae,NA
Packera hintoniorum,Asteraceae,Asteroideae,NA
Acourtia turbinata,Asteraceae,Mutisioideae,NA
Psilostrophe gnaphalodes gnaphalodes,Asteraceae,Asteroideae,gnaphalodes
Gochnatia hypoleuca hypoleuca,Asteraceae,Gochnatioideae,hypoleuca
Cosmos sulphureus,Asteraceae,Asteroideae,NA
Porophyllum linaria,Asteraceae,Asteroideae,NA
Psacalium amplum,Asteraceae,Asteroideae,NA
Critoniopsis foliosa,Asteraceae,Vernonioideae,NA
Tagetes lucida,Asteraceae,Asteroideae,NA
Tagetes erecta,Asteraceae,Asteroideae,NA
Palafoxia lindenii,Asteraceae,Asteroideae,NA
Melampodium montanum viridulum,Asteraceae,Asteroideae,viridulum
Hemizonia fasciculata,Asteraceae,Asteroideae,NA
Flaveria linearis,Asteraceae,Asteroideae,NA
Viguiera hemsleyana,Asteraceae,Asteroideae,NA
Baltimora recta,Asteraceae,Asteroideae,NA
Baileya multiradiata,Asteraceae,Asteroideae,NA
Bahia absinthifolia absinthifolia,Asteraceae,Asteroideae,absinthifolia
Packera coahuilensis,Asteraceae,Asteroideae,NA
Tagetes tenuifolia,Asteraceae,Asteroideae,NA
Trixis angustifolia,Asteraceae,Mutisioideae,NA
Olivaea tricuspis,Asteraceae,Asteroideae,NA
Helenium mexicanum,Asteraceae,Asteroideae,NA
Palafoxia lindenii,Asteraceae,Asteroideae,NA
Vernonanthura patens,Asteraceae,Vernonioideae,NA
Florestina simplicifolia,Asteraceae,Asteroideae,NA
Helenium mexicanum,Asteraceae,Asteroideae,NA
Pectis linearis,Asteraceae,Asteroideae,NA
Acourtia platyphylla,Asteraceae,Mutisioideae,NA
Bahia schaffneri schaffneri,Asteraceae,Asteroideae,schaffneri
Melampodium divaricatum,Asteraceae,Asteroideae,NA
Bahia absinthifolia absinthifolia,Asteraceae,Asteroideae,absinthifolia
Trixis michuacana longifolia,Asteraceae,Mutisioideae,longifolia
Perityle microglossa microglossa,Asteraceae,Asteroideae,microglossa
Psacalium multilobum,Asteraceae,Asteroideae,NA
Perityle microglossa microglossa,Asteraceae,Asteroideae,microglossa
Galinsoga parviflora,Asteraceae,Asteroideae,NA
Flaveria chlorifolia,Asteraceae,Asteroideae,NA
Hymenoxys linearifolia,Asteraceae,Asteroideae,NA
Melampodium montanum viridulum,Asteraceae,Asteroideae,viridulum
Chaetymenia peduncularis,Asteraceae,Asteroideae,NA
Gymnocoronis latifolia,Asteraceae,Asteroideae,NA
Perityle microglossa microglossa,Asteraceae,Asteroideae,microglossa
Bahia absinthifolia absinthifolia,Asteraceae,Asteroideae,absinthifolia
Gaillardia gypsophila,Asteraceae,Asteroideae,NA
Solidago muelleri,Asteraceae,Asteroideae,NA
Melanthera nivea,Asteraceae,Asteroideae,NA
Melanthera nivea,Asteraceae,Asteroideae,NA
Pluchea odorata,Asteraceae,Asteroideae,NA
Senecio flaccidus flaccidus,Asteraceae,Asteroideae,flaccidus
Heterosperma pinnatum,Asteraceae,Asteroideae,NA
Vernonia lindheimeri,Asteraceae,Vernonioideae,NA
Melampodium microcephalum,Asteraceae,Asteroideae,NA
Schkuhria pinnata wislizeni,Asteraceae,Asteroideae,wislizeni
Viguiera pringlei,Asteraceae,Asteroideae,NA
Schkuhria pinnata wislizeni,Asteraceae,Asteroideae,wislizeni
Adenophyllum cancellatum,Asteraceae,Asteroideae,NA
Chaptalia nutans texana,Asteraceae,Mutisioideae,texana
Dahlia merckii,Asteraceae,Asteroideae,NA
Dahlia pinnata,Asteraceae,Asteroideae,NA
Bahia absinthifolia absinthifolia,Asteraceae,Asteroideae,absinthifolia
Melampodium gracile,Asteraceae,Asteroideae,NA
Trixis angustifolia,Asteraceae,Mutisioideae,NA
Acourtia turbinata,Asteraceae,Mutisioideae,NA
Acourtia wrightii,Asteraceae,Mutisioideae,NA
Bahia absinthifolia absinthifolia,Asteraceae,Asteroideae,absinthifolia
Thymophylla acerosa,Asteraceae,Asteroideae,NA
Critoniopsis foliosa,Asteraceae,Vernonioideae,NA
Gaillardia pulchella australis,Asteraceae,Asteroideae,australis
Zaluzania augusta augusta,Asteraceae,Asteroideae,augusta
Sclerocarpus divaricatus,Asteraceae,Asteroideae,NA
Laennecia schiedeana,Asteraceae,Asteroideae,NA
Helenium mexicanum,Asteraceae,Asteroideae,NA
Barkleyanthus salicifolius,Asteraceae,Asteroideae,NA
Sclerocarpus uniserialis,Asteraceae,Asteroideae,NA
Tagetes micrantha,Asteraceae,Asteroideae,NA
Elephantopus mollis,Asteraceae,Vernonioideae,NA
Stevia trifida,Asteraceae,Asteroideae,NA
Trixis michuacana longifolia,Asteraceae,Mutisioideae,longifolia
Sclerocarpus divaricatus,Asteraceae,Asteroideae,NA
Gaillardia mexicana,Asteraceae,Asteroideae,NA
Acourtia humboldtii,Asteraceae,Mutisioideae,NA
Tagetes micrantha,Asteraceae,Asteroideae,NA
Bahia absinthifolia absinthifolia,Asteraceae,Asteroideae,absinthifolia
Acmella oppositifolia oppositifolia,Asteraceae,Asteroideae,oppositifolia
Flaveria oppositifolia,Asteraceae,Asteroideae,NA
Flaveria oppositifolia,Asteraceae,Asteroideae,NA
Perityle microglossa microglossa,Asteraceae,Asteroideae,microglossa
Acourtia wrightii,Asteraceae,Mutisioideae,NA
Melampodium longipilum,Asteraceae,Asteroideae,NA
Adenophyllum porophyllum,Asteraceae,Asteroideae,NA
Roldana mexicana,Asteraceae,Asteroideae,NA
Roldana mexicana,Asteraceae,Asteroideae,NA
Acourtia michoacana,Asteraceae,Mutisioideae,NA
Wedelia rosei,Asteraceae,Asteroideae,NA
Trixis mexicana auriculata,Asteraceae,Mutisioideae,auriculata
Melampodium longipilum,Asteraceae,Asteroideae,NA
Sclerocarpus uniserialis,Asteraceae,Asteroideae,NA
Jefea lantanifolia,Asteraceae,Asteroideae,NA
Roldana pennellii pennellii,Asteraceae,Asteroideae,pennellii
Pseudelephantopus spicatus,Asteraceae,Vernonioideae,NA
Helenium quadridentatum,Asteraceae,Asteroideae,NA
Perityle microglossa saxosa,Asteraceae,Asteroideae,saxosa
Pectis liebmannii,Asteraceae,Asteroideae,NA
Sclerocarpus divaricatus,Asteraceae,Asteroideae,NA
Melampodium americanum,Asteraceae,Asteroideae,NA
Senecio claryae,Asteraceae,Asteroideae,NA
Melampodium montanum viridulum,Asteraceae,Asteroideae,viridulum
Packera tampicana,Asteraceae,Asteroideae,NA
Flaveria anomala,Asteraceae,Asteroideae,NA
Salmea palmeri,Asteraceae,Asteroideae,NA
Helenium scorzonerifolium,Asteraceae,Asteroideae,NA
Trixis pterocaulis,Asteraceae,Mutisioideae,NA
Gaillardia suavis,Asteraceae,Asteroideae,NA
Acourtia nana,Asteraceae,Mutisioideae,NA
Acourtia turbinata,Asteraceae,Mutisioideae,NA
Porophyllum coloratum obtusifolium,Asteraceae,Asteroideae,obtusifolium
Eclipta prostrata,Asteraceae,Asteroideae,NA
Leibnitzia lyrata,Asteraceae,Mutisioideae,NA
Palafoxia lindenii,Asteraceae,Asteroideae,NA
Jaliscoa pringlei,Asteraceae,Asteroideae,NA
Bahia schaffneri aristata,Asteraceae,NA,aristata
Adenophyllum anomalum,Asteraceae,Asteroideae,NA
Gaillardia pulchella australis,Asteraceae,Asteroideae,australis
Carphochaete grahamii,Asteraceae,Asteroideae,NA
Trixis angustifolia,Asteraceae,Mutisioideae,NA
Pectis multiflosculosa,Asteraceae,Asteroideae,NA
Pittocaulon velatum velatum,Asteraceae,Asteroideae,velatum
Senecio stoechadiformis,Asteraceae,Asteroideae,NA
Oxypappus scaber,Asteraceae,Asteroideae,NA
Tagetes subulata,Asteraceae,Asteroideae,NA
Melampodium repens,Asteraceae,Asteroideae,NA
Helenium mexicanum,Asteraceae,Asteroideae,NA
Gochnatia magna,Asteraceae,Gochnatioideae,NA
Florestina pedata,Asteraceae,Asteroideae,NA
Porophyllum macrocephalum,Asteraceae,Asteroideae,NA
Tagetes erecta,Asteraceae,Asteroideae,NA
Cosmos sulphureus,Asteraceae,Asteroideae,NA
Melampodium tenellum,Asteraceae,Asteroideae,NA
Melampodium leucanthum,Asteraceae,Asteroideae,NA
Dyssodia papposa,Asteraceae,Asteroideae,NA
Melampodium repens,Asteraceae,Asteroideae,NA
Piqueria laxiflora,Asteraceae,Asteroideae,NA
Pectis liebmannii,Asteraceae,Asteroideae,NA
Hymenoxys odorata,Asteraceae,Asteroideae,NA
Helenium mexicanum,Asteraceae,Asteroideae,NA
Flourensia cernua,Asteraceae,Asteroideae,NA
Psathyrotes scaposa,Asteraceae,Asteroideae,NA
Acourtia parryi,Asteraceae,Mutisioideae,NA
Jaegeria hirta,Asteraceae,Asteroideae,NA
Tagetes lunulata,Asteraceae,Asteroideae,NA
Acmella oppositifolia oppositifolia,Asteraceae,Asteroideae,oppositifolia
Melampodium divaricatum,Asteraceae,Asteroideae,NA
Tagetes erecta,Asteraceae,Asteroideae,NA
Pittocaulon velatum velatum,Asteraceae,Asteroideae,velatum
Senecio flaccidus flaccidus,Asteraceae,Asteroideae,flaccidus
Florestina simplicifolia,Asteraceae,Asteroideae,NA
Jaliscoa pringlei,Asteraceae,Asteroideae,NA
Sinclairia glabra glabra,Asteraceae,Vernonioideae,glabra
Schkuhria pinnata wislizeni,Asteraceae,Asteroideae,wislizeni
Tagetes tenuifolia,Asteraceae,Asteroideae,NA
Trixis hyposericea,Asteraceae,Mutisioideae,NA
Vernonanthura patens,Asteraceae,Vernonioideae,NA
Acmella oppositifolia oppositifolia,Asteraceae,Asteroideae,oppositifolia
Tagetes tenuifolia,Asteraceae,Asteroideae,NA
Acourtia parryi,Asteraceae,Mutisioideae,NA
Flaveria trinervia,Asteraceae,Asteroideae,NA
Chaptalia transiliens,Asteraceae,Mutisioideae,NA
Senecio flaccidus flaccidus,Asteraceae,Asteroideae,flaccidus
Psacalium nelsonii,Asteraceae,Asteroideae,NA
Melampodium montanum viridulum,Asteraceae,Asteroideae,viridulum
Jefea lantanifolia,Asteraceae,Asteroideae,NA
Iostephane heterophylla,Asteraceae,Asteroideae,NA
Palafoxia lindenii,Asteraceae,Asteroideae,NA
Wedelia acapulcensis ramosissima,Asteraceae,Asteroideae,ramosissima
Flaveria anomala,Asteraceae,Asteroideae,NA
Melampodium microcephalum,Asteraceae,Asteroideae,NA
Senecio flaccidus flaccidus,Asteraceae,Asteroideae,flaccidus
Bahia pringlei,Asteraceae,Asteroideae,NA
Acourtia fruticosa,Asteraceae,Mutisioideae,NA
Helenium mexicanum,Asteraceae,Asteroideae,NA
Sclerocarpus divaricatus,Asteraceae,Asteroideae,NA
Gaillardia pulchella pulchella,Asteraceae,Asteroideae,pulchella
Trixis angustifolia,Asteraceae,Mutisioideae,NA
Tithonia rotundifolia,Asteraceae,Asteroideae,NA
Perityle leptoglossa,Asteraceae,Asteroideae,NA
Porophyllum scoparium,Asteraceae,Asteroideae,NA
Berlandiera lyrata lyrata,Asteraceae,Asteroideae,lyrata
Gaillardia pinnatifida,Asteraceae,Asteroideae,NA
Melampodium bibracteatum,Asteraceae,Asteroideae,NA
Delilia biflora,Asteraceae,Asteroideae,NA
Melanthera nivea,Asteraceae,Asteroideae,NA
Melampodium divaricatum,Asteraceae,Asteroideae,NA
Vernonia greggii,Asteraceae,Vernonioideae,NA
Adenophyllum squamosum,Asteraceae,Asteroideae,NA
Galeana pratensis,Asteraceae,Asteroideae,NA
Acourtia turbinata,Asteraceae,Mutisioideae,NA
Tagetes erecta,Asteraceae,Asteroideae,NA
Tagetes erecta,Asteraceae,Asteroideae,NA
Perityle microglossa microglossa,Asteraceae,Asteroideae,microglossa
Critoniopsis foliosa,Asteraceae,Vernonioideae,NA
Dyssodia tagetiflora,Asteraceae,Asteroideae,NA
Senecio stoechadiformis,Asteraceae,Asteroideae,NA
Florestina pedata,Asteraceae,Asteroideae,NA
Conyza coronopifolia,Asteraceae,Asteroideae,NA
Acmella oppositifolia oppositifolia,Asteraceae,Asteroideae,oppositifolia
Melampodium perfoliatum,Asteraceae,Asteroideae,NA
Barkleyanthus salicifolius,Asteraceae,Asteroideae,NA
Piqueria trinervia,Asteraceae,Asteroideae,NA
Gaillardia suavis,Asteraceae,Asteroideae,NA
Melampodium montanum viridulum,Asteraceae,Asteroideae,viridulum
Lepidaploa salzmannii,Asteraceae,Vernonioideae,NA
Trixis inula,Asteraceae,Mutisioideae,NA
Oxypappus scaber,Asteraceae,Asteroideae,NA
Ageratina chiapensis,Asteraceae,Asteroideae,NA
Trixis mexicana mexicana,Asteraceae,Mutisioideae,mexicana
Perityle microglossa microglossa,Asteraceae,Asteroideae,microglossa
Trixis angustifolia,Asteraceae,Mutisioideae,NA
Chaenactis carphoclinia,Asteraceae,Asteroideae,NA
Acmella radicans radicans,Asteraceae,Asteroideae,radicans
Perityle microglossa microglossa,Asteraceae,Asteroideae,microglossa
Melampodium microcephalum,Asteraceae,Asteroideae,NA
Melampodium microcephalum,Asteraceae,Asteroideae,NA
Jaliscoa pringlei,Asteraceae,Asteroideae,NA
Sinclairia klattii,Asteraceae,Vernonioideae,NA
Trixis angustifolia,Asteraceae,Mutisioideae,NA
Senecio stoechadiformis,Asteraceae,Asteroideae,NA
Helenium mexicanum,Asteraceae,Asteroideae,NA
Psacalium radulifolium,Asteraceae,Asteroideae,NA
Vernonia greggii,Asteraceae,Vernonioideae,NA
Melampodium montanum viridulum,Asteraceae,Asteroideae,viridulum
Flaveria oppositifolia,Asteraceae,Asteroideae,NA
Desmanthodium fruticosum,Asteraceae,Asteroideae,NA
Pittocaulon bombycophole,Asteraceae,Asteroideae,NA
Chaenactis stevioides,Asteraceae,Asteroideae,NA
Tagetes tenuifolia,Asteraceae,Asteroideae,NA
Wedelia acapulcensis ramosissima,Asteraceae,Asteroideae,ramosissima
Critoniopsis villaregalis,Asteraceae,Vernonioideae,NA
Barkleyanthus salicifolius,Asteraceae,Asteroideae,NA
Thymophylla acerosa,Asteraceae,Asteroideae,NA
Lepidaploa tortuosa,Asteraceae,Vernonioideae,NA
Roldana aschenborniana,Asteraceae,Asteroideae,NA
Tagetes lucida,Asteraceae,Asteroideae,NA
Senecio stoechadiformis,Asteraceae,Asteroideae,NA
Roldana barba-johannis,Asteraceae,Asteroideae,NA
Tagetes micrantha,Asteraceae,Asteroideae,NA
Tagetes lunulata,Asteraceae,Asteroideae,NA
Critoniopsis uniflora,Asteraceae,Vernonioideae,NA
Tagetes lucida,Asteraceae,Asteroideae,NA
Telanthophora uspantanensis,Asteraceae,Asteroideae,NA
Lepidaploa tortuosa,Asteraceae,Vernonioideae,NA
Tagetes subulata,Asteraceae,Asteroideae,NA
Tagetes lunulata,Asteraceae,Asteroideae,NA
Tagetes subulata,Asteraceae,Asteroideae,NA
Tagetes jaliscensis,Asteraceae,Asteroideae,NA
Tagetes subulata,Asteraceae,Asteroideae,NA
Tagetes lucida,Asteraceae,Asteroideae,NA
Tagetes jaliscensis,Asteraceae,Asteroideae,NA
Tagetes lucida,Asteraceae,Asteroideae,NA
Tagetes subulata,Asteraceae,Asteroideae,NA
Roldana hartwegii,Asteraceae,Asteroideae,NA
Roldana pennellii pennellii,Asteraceae,Asteroideae,pennellii
Senecio flaccidus flaccidus,Asteraceae,Asteroideae,flaccidus
Thymophylla setifolia,Asteraceae,Asteroideae,NA
Senecio flaccidus flaccidus,Asteraceae,Asteroideae,flaccidus
Senecio cinerarioides,Asteraceae,Asteroideae,NA
Thymophylla setifolia,Asteraceae,Asteroideae,NA
Roldana aschenborniana,Asteraceae,Asteroideae,NA
Psacalium palmeri,Asteraceae,Asteroideae,NA
Roldana sartorii,Asteraceae,Asteroideae,NA
Roldana platanifolia,Asteraceae,Asteroideae,NA
Senecio multidentatus multidentatus,Asteraceae,Asteroideae,multidentatus
Roldana barba-johannis,Asteraceae,Asteroideae,NA
Senecio runcinatus,Asteraceae,Asteroideae,NA
Senecio runcinatus,Asteraceae,Asteroideae,NA
Tagetes lunulata,Asteraceae,Asteroideae,NA
Tagetes micrantha,Asteraceae,Asteroideae,NA
Packera sanguisorbae,Asteraceae,Asteroideae,NA
Senecio toluccanus,Asteraceae,Asteroideae,NA
Roldana angulifolia,Asteraceae,Asteroideae,NA
Senecio cinerarioides,Asteraceae,Asteroideae,NA
Roldana barba-johannis,Asteraceae,Asteroideae,NA
Roldana angulifolia,Asteraceae,Asteroideae,NA
Roldana angulifolia,Asteraceae,Asteroideae,NA
Roldana angulifolia,Asteraceae,Asteroideae,NA
Senecio cinerarioides,Asteraceae,Asteroideae,NA
Senecio callosus,Asteraceae,Asteroideae,NA
Psacalium poculiferum,Asteraceae,Asteroideae,NA
Packera rosei,Asteraceae,Asteroideae,NA
Senecio callosus,Asteraceae,Asteroideae,NA
Senecio callosus,Asteraceae,Asteroideae,NA
Thymophylla micropoides,Asteraceae,Asteroideae,NA
Vernonanthura patens,Asteraceae,Vernonioideae,NA
Critoniopsis triflosculosa,Asteraceae,Vernonioideae,NA
Thymophylla setifolia,Asteraceae,Asteroideae,NA
Lepidaploa tortuosa,Asteraceae,Vernonioideae,NA
Chrysactinia mexicana,Asteraceae,Asteroideae,NA
Vernonia greggii,Asteraceae,Vernonioideae,NA
Roldana aschenborniana,Asteraceae,Asteroideae,NA
Vernonia greggii,Asteraceae,Vernonioideae,NA
Porophyllum amplexicaule,Asteraceae,Asteroideae,NA
Roldana guadalajarensis,Asteraceae,Asteroideae,NA
Roldana barba-johannis,Asteraceae,Asteroideae,NA
Roldana barba-johannis,Asteraceae,Asteroideae,NA
Senecio callosus,Asteraceae,Asteroideae,NA
Senecio cinerarioides,Asteraceae,Asteroideae,NA
Roldana lanicaulis,Asteraceae,Asteroideae,NA
Telanthophora grandifolia grandifolia,Asteraceae,Asteroideae,grandifolia
Lepidaploa canescens,Asteraceae,Vernonioideae,NA
Roldana grimesii,Asteraceae,Asteroideae,NA
Telanthophora uspantanensis,Asteraceae,Asteroideae,NA
Senecio runcinatus,Asteraceae,Asteroideae,NA
Senecio cinerarioides,Asteraceae,Asteroideae,NA
Senecio toluccanus,Asteraceae,Asteroideae,NA
Packera candidissima,Asteraceae,Asteroideae,NA
Barkleyanthus salicifolius,Asteraceae,Asteroideae,NA
Elephantopus mollis,Asteraceae,Vernonioideae,NA
Roldana heracleifolia,Asteraceae,Asteroideae,NA
Barkleyanthus salicifolius,Asteraceae,Asteroideae,NA
Tagetes lucida,Asteraceae,Asteroideae,NA
Tagetes micrantha,Asteraceae,Asteroideae,NA
Tagetes micrantha,Asteraceae,Asteroideae,NA
Tagetes micrantha,Asteraceae,Asteroideae,NA
Tagetes lucida,Asteraceae,Asteroideae,NA
Thymophylla pentachaeta pentachaeta,Asteraceae,Asteroideae,pentachaeta
Porophyllum crassifolium,Asteraceae,Asteroideae,NA
Senecio roseus,Asteraceae,Asteroideae,NA
Senecio vulgaris,Asteraceae,Asteroideae,NA
Chrysactinia mexicana,Asteraceae,Asteroideae,NA
Roldana barba-johannis,Asteraceae,Asteroideae,NA
Senecio callosus,Asteraceae,Asteroideae,NA
Roldana angulifolia,Asteraceae,Asteroideae,NA
Roldana albonervia,Asteraceae,Asteroideae,NA
Telanthophora andrieuxii,Asteraceae,Asteroideae,NA
Packera sanguisorbae,Asteraceae,Asteroideae,NA
Senecio cinerarioides,Asteraceae,Asteroideae,NA
Senecio callosus,Asteraceae,Asteroideae,NA
Psacalium peltatum peltatum,Asteraceae,Asteroideae,peltatum
Senecio toluccanus,Asteraceae,Asteroideae,NA
Spiracantha cornifolia,Asteraceae,Vernonioideae,NA
Psacalium peltigerum peltigerum,Asteraceae,Asteroideae,peltigerum
Tagetes lunulata,Asteraceae,Asteroideae,NA
Tagetes micrantha,Asteraceae,Asteroideae,NA
Tagetes micrantha,Asteraceae,Asteroideae,NA
Tagetes lunulata,Asteraceae,Asteroideae,NA
Critoniopsis foliosa,Asteraceae,Vernonioideae,NA
Tagetes lucida,Asteraceae,Asteroideae,NA
Dyssodia pinnata pinnata,Asteraceae,Asteroideae,pinnata
Tagetes lunulata,Asteraceae,Asteroideae,NA
Tagetes lunulata,Asteraceae,Asteroideae,NA
Critoniopsis foliosa,Asteraceae,Vernonioideae,NA
Psacalium palmeri,Asteraceae,Asteroideae,NA
Vernonia serratuloides,Asteraceae,Vernonioideae,NA
Adenophyllum porophyllum cancellatum,Asteraceae,Asteroideae,cancellatum
Thymophylla setifolia,Asteraceae,Asteroideae,NA
Thymophylla acerosa,Asteraceae,Asteroideae,NA
Roldana angulifolia,Asteraceae,Asteroideae,NA
Roldana angulifolia,Asteraceae,Asteroideae,NA
Thymophylla acerosa,Asteraceae,Asteroideae,NA
Tagetes lunulata,Asteraceae,Asteroideae,NA
Tagetes micrantha,Asteraceae,Asteroideae,NA
Thymophylla pentachaeta hartwegii,Asteraceae,Asteroideae,hartwegii
Senecio callosus,Asteraceae,Asteroideae,NA
Roldana marquesii,Asteraceae,Asteroideae,NA
Thymophylla micropoides,Asteraceae,Asteroideae,NA
Vernonanthura patens,Asteraceae,Vernonioideae,NA
Vernonanthura serratuloides,Asteraceae,Vernonioideae,NA
Chrysactinia mexicana,Asteraceae,Asteroideae,NA
Chrysactinia mexicana,Asteraceae,Asteroideae,NA
Chrysactinia mexicana,Asteraceae,Asteroideae,NA
Dyssodia pinnata glabrescens,Asteraceae,Asteroideae,glabrescens
Tagetes subulata,Asteraceae,Asteroideae,NA
Critoniopsis foliosa,Asteraceae,Vernonioideae,NA
Dyssodia pinnata pinnata,Asteraceae,Asteroideae,pinnata
Telanthophora grandifolia grandifolia,Asteraceae,Asteroideae,grandifolia
Roldana guadalajarensis,Asteraceae,Asteroideae,NA
Roldana acutangula,Asteraceae,Asteroideae,NA
Roldana angulifolia,Asteraceae,Asteroideae,NA
Tagetes subulata,Asteraceae,Asteroideae,NA
Critoniopsis uniflora,Asteraceae,Vernonioideae,NA
Critoniopsis foliosa,Asteraceae,Vernonioideae,NA
Roldana lineolata,Asteraceae,Asteroideae,NA
Dyssodia tagetiflora,Asteraceae,Asteroideae,NA
Vernonia greggii,Asteraceae,Vernonioideae,NA
Thymophylla setifolia,Asteraceae,Asteroideae,NA
Tagetes tenuifolia,Asteraceae,Asteroideae,NA
Thymophylla setifolia,Asteraceae,Asteroideae,NA
Roldana barba-johannis,Asteraceae,Asteroideae,NA
Packera sanguisorbae,Asteraceae,Asteroideae,NA
Senecio roseus,Asteraceae,Asteroideae,NA
Psacalium platylepis,Asteraceae,Asteroideae,NA
Lepidaploa tortuosa,Asteraceae,Vernonioideae,NA
Vernonanthura serratuloides,Asteraceae,Vernonioideae,NA
Vernonanthura serratuloides,Asteraceae,Vernonioideae,NA
Roldana aschenborniana,Asteraceae,Asteroideae,NA
Vernonanthura patens,Asteraceae,Vernonioideae,NA
Thymophylla setifolia,Asteraceae,Asteroideae,NA
Pittocaulon praecox,Asteraceae,Asteroideae,NA
Thymophylla setifolia,Asteraceae,Asteroideae,NA
Senecio gilgii,Asteraceae,Asteroideae,NA
Senecio lanicaulis,Asteraceae,Asteroideae,NA
Porophyllum macrocephalum,Asteraceae,Asteroideae,NA
Elephantopus mollis,Asteraceae,Vernonioideae,NA
Dyssodia papposa,Asteraceae,Asteroideae,NA
Thymophylla tenuifolia,Asteraceae,Asteroideae,NA
Barkleyanthus salicifolius,Asteraceae,Asteroideae,NA
Barkleyanthus salicifolius,Asteraceae,Asteroideae,NA
Roldana lobata,Asteraceae,Asteroideae,NA
Dyssodia pinnata glabrescens,Asteraceae,Asteroideae,glabrescens
Thymophylla pentachaeta pentachaeta,Asteraceae,Asteroideae,pentachaeta
Thymophylla pentachaeta pentachaeta,Asteraceae,Asteroideae,pentachaeta
Senecio callosus,Asteraceae,Asteroideae,NA
Vernonia alamanii,Asteraceae,Vernonioideae,NA
Roldana aschenborniana,Asteraceae,Asteroideae,NA
Psacalium eriocarpum,Asteraceae,Asteroideae,NA
Roldana barba-johannis,Asteraceae,Asteroideae,NA
Rosilla lutea,Asteraceae,Asteroideae,NA
Rosilla lutea,Asteraceae,Asteroideae,NA
Senecio stoechadiformis,Asteraceae,Asteroideae,NA
Vernonanthura cordata,Asteraceae,Vernonioideae,NA
Pseudelephantopus spicatus,Asteraceae,Vernonioideae,NA
Adenophyllum porophyllum cancellatum,Asteraceae,Asteroideae,cancellatum
Roldana sessilifolia,Asteraceae,Asteroideae,NA
Roldana heracleifolia,Asteraceae,Asteroideae,NA
Psacalium sinuatum,Asteraceae,Asteroideae,NA
Dyssodia pinnata glabrescens,Asteraceae,Asteroideae,glabrescens
Psacalium amplum,Asteraceae,Asteroideae,NA
Roldana sessilifolia,Asteraceae,Asteroideae,NA
Piptocarpha chontalensis,Asteraceae,Vernonioideae,NA
Roldana michoacana,Asteraceae,Asteroideae,NA
Thymophylla pentachaeta pentachaeta,Asteraceae,Asteroideae,pentachaeta
Thymophylla acerosa,Asteraceae,Asteroideae,NA
Dyssodia pinnata pinnata,Asteraceae,Asteroideae,pinnata
Tagetes lunulata,Asteraceae,Asteroideae,NA
Packera sanguisorbae,Asteraceae,Asteroideae,NA
Roldana aschenborniana,Asteraceae,Asteroideae,NA
Packera coahuilensis,Asteraceae,Asteroideae,NA
Dyssodia tagetiflora,Asteraceae,Asteroideae,NA
Thymophylla pentachaeta pentachaeta,Asteraceae,Asteroideae,pentachaeta
Porophyllum linaria,Asteraceae,Asteroideae,NA
Thymophylla pentachaeta hartwegii,Asteraceae,Asteroideae,hartwegii
Senecio stoechadiformis,Asteraceae,Asteroideae,NA
Barkleyanthus salicifolius,Asteraceae,Asteroideae,NA
Roldana barba-johannis,Asteraceae,Asteroideae,NA
Tagetes palmeri,Asteraceae,Asteroideae,NA
Dyssodia papposa,Asteraceae,Asteroideae,NA
Psacalium peltigerum peltigerum,Asteraceae,Asteroideae,peltigerum
Vernonia greggii,Asteraceae,Vernonioideae,NA
Critoniopsis obtusa,Asteraceae,Vernonioideae,NA
Roldana angulifolia,Asteraceae,Asteroideae,NA
Roldana michoacana,Asteraceae,Asteroideae,NA
Vernonia bealliae,Asteraceae,Vernonioideae,NA
Thymophylla acerosa,Asteraceae,Asteroideae,NA
Psacalium palmeri,Asteraceae,Asteroideae,NA
Psacalium palmeri,Asteraceae,Asteroideae,NA
Lepidaploa diazlunana,Asteraceae,Vernonioideae,NA
Senecio toluccanus,Asteraceae,Asteroideae,NA
Barkleyanthus salicifolius,Asteraceae,Asteroideae,NA
Senecio callosus,Asteraceae,Asteroideae,NA
Roldana marquesii,Asteraceae,Asteroideae,NA
Psacalium peltatum peltatum,Asteraceae,Asteroideae,peltatum
Senecio runcinatus,Asteraceae,Asteroideae,NA
Senecio mairetianus,Asteraceae,Asteroideae,NA
Vernonanthura oaxacana,Asteraceae,Vernonioideae,NA
Vernonanthura oaxacana,Asteraceae,Vernonioideae,NA
Roldana angulifolia,Asteraceae,Asteroideae,NA
Roldana angulifolia,Asteraceae,Asteroideae,NA
Senecio vulgaris,Asteraceae,Asteroideae,NA
Dyssodia papposa,Asteraceae,Asteroideae,NA
Critoniopsis uniflora,Asteraceae,Vernonioideae,NA
Tagetes lunulata,Asteraceae,Asteroideae,NA
Tagetes micrantha,Asteraceae,Asteroideae,NA
Psacalium sinuatum,Asteraceae,Asteroideae,NA
Psacalium megaphyllum,Asteraceae,Asteroideae,NA
Thymophylla setifolia,Asteraceae,Asteroideae,NA
Senecio flaccidus flaccidus,Asteraceae,Asteroideae,flaccidus
Packera sanguisorbae,Asteraceae,Asteroideae,NA
Roldana aschenborniana,Asteraceae,Asteroideae,NA
Vernonanthura liatroides,Asteraceae,Vernonioideae,NA
Senecio alvarezensis,Asteraceae,Asteroideae,NA
Roldana sartorii,Asteraceae,Asteroideae,NA
Telanthophora uspantanensis,Asteraceae,Asteroideae,NA
Roldana barba-johannis,Asteraceae,Asteroideae,NA
Roldana platanifolia,Asteraceae,Asteroideae,NA
Lepidaploa tortuosa,Asteraceae,Vernonioideae,NA
Psacalium sinuatum,Asteraceae,Asteroideae,NA
Lepidaploa tortuosa,Asteraceae,Vernonioideae,NA
Senecio vulgaris,Asteraceae,Asteroideae,NA
Senecio callosus,Asteraceae,Asteroideae,NA
Roldana barba-johannis,Asteraceae,Asteroideae,NA
Roldana angulifolia,Asteraceae,Asteroideae,NA
Roldana angulifolia,Asteraceae,Asteroideae,NA
Roldana barba-johannis,Asteraceae,Asteroideae,NA
Senecio argutus,Asteraceae,Asteroideae,NA
Senecio cinerarioides,Asteraceae,Asteroideae,NA
Tagetes lunulata,Asteraceae,Asteroideae,NA
Porophyllum coloratum obtusifolium,Asteraceae,Asteroideae,obtusifolium
Porophyllum coloratum obtusifolium,Asteraceae,Asteroideae,obtusifolium
Pittocaulon praecox,Asteraceae,Asteroideae,NA
Adenophyllum porophyllum cancellatum,Asteraceae,Asteroideae,cancellatum
Roldana sessilifolia,Asteraceae,Asteroideae,NA
Roldana heracleifolia,Asteraceae,Asteroideae,NA
Pectis prostrata,Asteraceae,Asteroideae,NA
Tagetes lunulata,Asteraceae,Asteroideae,NA
Adenophyllum porophyllum cancellatum,Asteraceae,Asteroideae,cancellatum
Adenophyllum porophyllum cancellatum,Asteraceae,Asteroideae,cancellatum
Roldana lineolata,Asteraceae,Asteroideae,NA
Adenophyllum porophyllum cancellatum,Asteraceae,Asteroideae,cancellatum
Thymophylla pentachaeta pentachaeta,Asteraceae,Asteroideae,pentachaeta
Psacalium goldsmithii goldsmithii,Asteraceae,NA,goldsmithii
Tagetes subulata,Asteraceae,Asteroideae,NA
Tagetes micrantha,Asteraceae,Asteroideae,NA
Thymophylla pentachaeta hartwegii,Asteraceae,Asteroideae,hartwegii
Packera bellidifolia,Asteraceae,Asteroideae,NA
Thymophylla pentachaeta pentachaeta,Asteraceae,Asteroideae,pentachaeta
Thymophylla setifolia,Asteraceae,Asteroideae,NA
Thymophylla acerosa,Asteraceae,Asteroideae,NA
Tagetes lucida,Asteraceae,Asteroideae,NA
Tagetes lucida,Asteraceae,Asteroideae,NA
Barkleyanthus salicifolius,Asteraceae,Asteroideae,NA
Psacalium platylepis,Asteraceae,Asteroideae,NA
Stenocephalum jucundum,Asteraceae,Vernonioideae,NA
Psacalium palmeri,Asteraceae,Asteroideae,NA
Porophyllum gracile,Asteraceae,Asteroideae,NA
Psacalium sinuatum,Asteraceae,Asteroideae,NA
Roldana sartorii,Asteraceae,Asteroideae,NA
Vernonanthura patens,Asteraceae,Vernonioideae,NA
Roldana sartorii,Asteraceae,Asteroideae,NA
Erechtites valerianifolius,Asteraceae,Asteroideae,NA
Erechtites hieracifolia cacalioides,Asteraceae,NA,cacalioides
Roldana sartorii,Asteraceae,Asteroideae,NA
Roldana sessilifolia,Asteraceae,Asteroideae,NA
Senecio stoechadiformis,Asteraceae,Asteroideae,NA
Senecio deppeanus,Asteraceae,Asteroideae,NA
Thymophylla pentachaeta pentachaeta,Asteraceae,Asteroideae,pentachaeta
Thymophylla pentachaeta pentachaeta,Asteraceae,Asteroideae,pentachaeta
Thymophylla pentachaeta pentachaeta,Asteraceae,Asteroideae,pentachaeta
Thymophylla pentachaeta pentachaeta,Asteraceae,Asteroideae,pentachaeta
Thymophylla acerosa,Asteraceae,Asteroideae,NA
Thymophylla setifolia,Asteraceae,Asteroideae,NA
Thymophylla pentachaeta pentachaeta,Asteraceae,Asteroideae,pentachaeta
Lepidaploa tortuosa,Asteraceae,Vernonioideae,NA
Roldana michoacana,Asteraceae,Asteroideae,NA
Thymophylla acerosa,Asteraceae,Asteroideae,NA
Thymophylla pentachaeta pentachaeta,Asteraceae,Asteroideae,pentachaeta
Thymophylla acerosa,Asteraceae,Asteroideae,NA
Dyssodia pinnata glabrescens,Asteraceae,Asteroideae,glabrescens
Thymophylla setifolia,Asteraceae,Asteroideae,NA
Thymophylla pentachaeta hartwegii,Asteraceae,Asteroideae,hartwegii
Thymophylla tenuifolia,Asteraceae,Asteroideae,NA
Chrysactinia mexicana,Asteraceae,Asteroideae,NA
Barkleyanthus salicifolius,Asteraceae,Asteroideae,NA
Pittocaulon praecox,Asteraceae,Asteroideae,NA
Senecio toluccanus,Asteraceae,Asteroideae,NA
Roldana angulifolia,Asteraceae,Asteroideae,NA
Senecio callosus,Asteraceae,Asteroideae,NA
Tagetes erecta,Asteraceae,Asteroideae,NA
Senecio deppeanus,Asteraceae,Asteroideae,NA
Packera sanguisorbae,Asteraceae,Asteroideae,NA
Thymophylla pentachaeta pentachaeta,Asteraceae,Asteroideae,pentachaeta
Roldana pennellii pennellii,Asteraceae,Asteroideae,pennellii
Psacalium peltatum peltatum,Asteraceae,Asteroideae,peltatum
Roldana albonervia,Asteraceae,Asteroideae,NA
Packera sanguisorbae,Asteraceae,Asteroideae,NA
Senecio stoechadiformis,Asteraceae,Asteroideae,NA
Tagetes lucida,Asteraceae,Asteroideae,NA
Tagetes coronopifolia,Asteraceae,Asteroideae,NA
Senecio callosus,Asteraceae,Asteroideae,NA
Senecio cinerarioides,Asteraceae,Asteroideae,NA
Tagetes lucida,Asteraceae,Asteroideae,NA
Roldana marquesii,Asteraceae,Asteroideae,NA
Elephantopus mollis,Asteraceae,Vernonioideae,NA
Roldana angulifolia,Asteraceae,Asteroideae,NA
Roldana barba-johannis,Asteraceae,Asteroideae,NA
Dyssodia papposa,Asteraceae,Asteroideae,NA
Tagetes micrantha,Asteraceae,Asteroideae,NA
Critoniopsis tomentosa,Asteraceae,Vernonioideae,NA
Dyssodia tagetiflora,Asteraceae,Asteroideae,NA
Pittocaulon filare,Asteraceae,Asteroideae,NA
Pittocaulon filare,Asteraceae,Asteroideae,NA
Dyssodia tagetiflora,Asteraceae,Asteroideae,NA
Lepidaploa tortuosa,Asteraceae,Vernonioideae,NA
Psacalium sinuatum,Asteraceae,Asteroideae,NA
Thymophylla pentachaeta hartwegii,Asteraceae,Asteroideae,hartwegii
Psacalium platylepis,Asteraceae,Asteroideae,NA
Tagetes lucida,Asteraceae,Asteroideae,NA
Tagetes lucida,Asteraceae,Asteroideae,NA
Senecio procumbens,Asteraceae,Asteroideae,NA
Thymophylla pentachaeta pentachaeta,Asteraceae,Asteroideae,pentachaeta
Tagetes lunulata,Asteraceae,Asteroideae,NA
Leiboldia serrata,Asteraceae,Vernonioideae,NA
Thymophylla setifolia,Asteraceae,Asteroideae,NA
Senecio stoechadiformis,Asteraceae,Asteroideae,NA
Senecio stoechadiformis,Asteraceae,Asteroideae,NA
Psacalium sinuatum,Asteraceae,Asteroideae,NA
Dyssodia pinnata glabrescens,Asteraceae,Asteroideae,glabrescens
Pectis prostrata,Asteraceae,Asteroideae,NA
Adenophyllum anomalum,Asteraceae,Asteroideae,NA
Adenophyllum porophyllum cancellatum,Asteraceae,Asteroideae,cancellatum
Tagetes lucida,Asteraceae,Asteroideae,NA
Adenophyllum porophyllum cancellatum,Asteraceae,Asteroideae,cancellatum
Roldana heracleifolia,Asteraceae,Asteroideae,NA
Roldana heracleifolia,Asteraceae,Asteroideae,NA
Roldana gilgii,Asteraceae,Asteroideae,NA
Rosilla lutea,Asteraceae,Asteroideae,NA
Roldana mexicana,Asteraceae,Asteroideae,NA
Psacalium megaphyllum,Asteraceae,Asteroideae,NA
Roldana lobata,Asteraceae,Asteroideae,NA
Roldana lineolata,Asteraceae,Asteroideae,NA
Senecio toluccanus,Asteraceae,Asteroideae,NA
Roldana marquesii,Asteraceae,Asteroideae,NA
Tagetes lunulata,Asteraceae,Asteroideae,NA
Vernonanthura serratuloides,Asteraceae,Vernonioideae,NA
Thymophylla setifolia,Asteraceae,Asteroideae,NA
Senecio stoechadiformis,Asteraceae,Asteroideae,NA
Thymophylla pentachaeta pentachaeta,Asteraceae,Asteroideae,pentachaeta
Roldana mexicana,Asteraceae,Asteroideae,NA
Packera sanguisorbae,Asteraceae,Asteroideae,NA
Roldana angulifolia,Asteraceae,Asteroideae,NA
Vernonia karvinskiana inuloides,Asteraceae,Vernonioideae,inuloides
Thymophylla acerosa,Asteraceae,Asteroideae,NA
Psacalium platylepis,Asteraceae,Asteroideae,NA
Dyssodia papposa,Asteraceae,Asteroideae,NA
Pectis angustifolia tenella,Asteraceae,Asteroideae,tenella
Lepidonia callilepis,Asteraceae,Vernonioideae,NA
Roldana mexicana,Asteraceae,Asteroideae,NA
Roldana lobata,Asteraceae,Asteroideae,NA
Roldana heracleifolia,Asteraceae,Asteroideae,NA
Vernonia argyropappa,Asteraceae,Vernonioideae,NA
Elephantopus mollis,Asteraceae,Vernonioideae,NA
Dyssodia pinnata glabrescens,Asteraceae,Asteroideae,glabrescens
Telanthophora grandifolia grandifolia,Asteraceae,Asteroideae,grandifolia
Telanthophora grandifolia grandifolia,Asteraceae,Asteroideae,grandifolia
Roldana albonervia,Asteraceae,Asteroideae,NA
Roldana aschenborniana,Asteraceae,Asteroideae,NA
Nelsonianthus tapianus,Asteraceae,Asteroideae,NA
Senecio stoechadiformis,Asteraceae,Asteroideae,NA
Roldana pennellii durangensis,Asteraceae,Asteroideae,durangensis
Roldana aschenborniana,Asteraceae,Asteroideae,NA
Cyanthillium cinereum,Asteraceae,Vernonioideae,NA
Critoniopsis uniflora,Asteraceae,Vernonioideae,NA
Pittocaulon praecox,Asteraceae,Asteroideae,NA
Pseudogynoxys chenopodioides chenopodioides,Asteraceae,Asteroideae,chenopodioides
Vernonanthura patens,Asteraceae,Vernonioideae,NA
Senecio callosus,Asteraceae,Asteroideae,NA
Packera sanguisorbae,Asteraceae,Asteroideae,NA
Lepidaploa tortuosa,Asteraceae,Vernonioideae,NA
Senecio stoechadiformis,Asteraceae,Asteroideae,NA
Roldana heracleifolia,Asteraceae,Asteroideae,NA
Lepidaploa tortuosa,Asteraceae,Vernonioideae,NA
Telanthophora grandifolia grandifolia,Asteraceae,Asteroideae,grandifolia
Senecio stoechadiformis,Asteraceae,Asteroideae,NA
Tagetes lucida,Asteraceae,Asteroideae,NA
Roldana heracleifolia,Asteraceae,Asteroideae,NA
Senecio stoechadiformis,Asteraceae,Asteroideae,NA
Psacalium peltatum peltatum,Asteraceae,Asteroideae,peltatum
Senecio stoechadiformis,Asteraceae,Asteroideae,NA
Roldana chapalensis,Asteraceae,Asteroideae,NA
Barkleyanthus salicifolius,Asteraceae,Asteroideae,NA
Roldana chapalensis,Asteraceae,Asteroideae,NA
Roldana chapalensis,Asteraceae,Asteroideae,NA
Roldana chapalensis,Asteraceae,Asteroideae,NA
Roldana heracleifolia,Asteraceae,Asteroideae,NA
Roldana sessilifolia,Asteraceae,Asteroideae,NA
Psacalium amplum,Asteraceae,Asteroideae,NA
Psacalium sinuatum,Asteraceae,Asteroideae,NA
Psacalium amplum,Asteraceae,Asteroideae,NA
Barkleyanthus salicifolius,Asteraceae,Asteroideae,NA
Roldana angulifolia,Asteraceae,Asteroideae,NA
Senecio callosus,Asteraceae,Asteroideae,NA
Tagetes lucida,Asteraceae,Asteroideae,NA
Critoniopsis barbinervis,Asteraceae,Vernonioideae,NA
Packera quebradensis,Asteraceae,Asteroideae,NA
Rosilla lutea,Asteraceae,Asteroideae,NA
Packera quebradensis,Asteraceae,Asteroideae,NA
Packera quebradensis,Asteraceae,Asteroideae,NA
Thymophylla pentachaeta pentachaeta,Asteraceae,Asteroideae,pentachaeta
Vernonanthura serratuloides,Asteraceae,Vernonioideae,NA
Psacalium tussilaginoides,Asteraceae,Asteroideae,NA
Dyssodia papposa,Asteraceae,Asteroideae,NA
Vernonia argyropappa,Asteraceae,Vernonioideae,NA
Dyssodia pinnata glabrescens,Asteraceae,Asteroideae,glabrescens
Dyssodia papposa,Asteraceae,Asteroideae,NA
Dyssodia papposa,Asteraceae,Asteroideae,NA
Pittocaulon praecox,Asteraceae,Asteroideae,NA
Tagetes lucida,Asteraceae,Asteroideae,NA
Lepidonia jonesii,Asteraceae,Vernonioideae,NA
Roldana sessilifolia,Asteraceae,Asteroideae,NA
Psacalium tabulare,Asteraceae,Asteroideae,NA
Senecio mairetianus,Asteraceae,Asteroideae,NA
Tagetes erecta,Asteraceae,Asteroideae,NA
Lepidaploa tortuosa,Asteraceae,Vernonioideae,NA
Roldana heracleifolia,Asteraceae,Asteroideae,NA
Tagetes lucida,Asteraceae,Asteroideae,NA
Tagetes lunulata,Asteraceae,Asteroideae,NA
Tagetes lunulata,Asteraceae,Asteroideae,NA
Psacalium sinuatum,Asteraceae,Asteroideae,NA
Roldana suffulta,Asteraceae,Asteroideae,NA
Roldana lineolata,Asteraceae,Asteroideae,NA
Thymophylla pentachaeta pentachaeta,Asteraceae,Asteroideae,pentachaeta
Thymophylla pentachaeta hartwegii,Asteraceae,Asteroideae,hartwegii
Thymophylla setifolia,Asteraceae,Asteroideae,NA
Thymophylla setifolia,Asteraceae,Asteroideae,NA
Thymophylla setifolia,Asteraceae,Asteroideae,NA
Packera sanguisorbae,Asteraceae,Asteroideae,NA
Psacalium tussilaginoides,Asteraceae,Asteroideae,NA
Psacalium cirsiifolium,Asteraceae,Asteroideae,NA
Porophyllum punctatum,Asteraceae,Asteroideae,NA
Vernonia karvinskiana inuloides,Asteraceae,Vernonioideae,inuloides
Pectis prostrata,Asteraceae,Asteroideae,NA
Roldana heracleifolia,Asteraceae,Asteroideae,NA
Senecio toluccanus,Asteraceae,Asteroideae,NA
Barkleyanthus salicifolius,Asteraceae,Asteroideae,NA
Roldana heracleifolia,Asteraceae,Asteroideae,NA
Barkleyanthus salicifolius,Asteraceae,Asteroideae,NA
Roldana michoacana,Asteraceae,Asteroideae,NA
Roldana suffulta,Asteraceae,Asteroideae,NA
Adenophyllum porophyllum cancellatum,Asteraceae,Asteroideae,cancellatum
Senecio vulgaris,Asteraceae,Asteroideae,NA
Roldana angulifolia,Asteraceae,Asteroideae,NA
Senecio cordovensis,Asteraceae,Asteroideae,NA
Senecio runcinatus,Asteraceae,Asteroideae,NA
Roldana lobata,Asteraceae,Asteroideae,NA
Senecio callosus,Asteraceae,Asteroideae,NA
Elephantopus mollis,Asteraceae,Vernonioideae,NA
Tagetes lunulata,Asteraceae,Asteroideae,NA
Senecio toluccanus,Asteraceae,Asteroideae,NA
Packera sanguisorbae,Asteraceae,Asteroideae,NA
Roldana lineolata,Asteraceae,Asteroideae,NA
Critoniopsis uniflora,Asteraceae,Vernonioideae,NA
Critoniopsis uniflora,Asteraceae,Vernonioideae,NA
Telanthophora andrieuxii,Asteraceae,Asteroideae,NA
Roldana greenmanii,Asteraceae,Asteroideae,NA
Roldana barba-johannis,Asteraceae,Asteroideae,NA
Rosilla lutea,Asteraceae,Asteroideae,NA
Lepidaploa tortuosa,Asteraceae,Vernonioideae,NA
Thymophylla setifolia,Asteraceae,Asteroideae,NA
Senecio callosus,Asteraceae,Asteroideae,NA
Rosilla lutea,Asteraceae,Asteroideae,NA
Roldana sartorii,Asteraceae,Asteroideae,NA
Senecio flaccidus flaccidus,Asteraceae,Asteroideae,flaccidus
Senecio stoechadiformis,Asteraceae,Asteroideae,NA
Pectis prostrata,Asteraceae,Asteroideae,NA
Dyssodia papposa,Asteraceae,Asteroideae,NA
Tagetes lucida,Asteraceae,Asteroideae,NA
Psacalium pringlei,Asteraceae,Asteroideae,NA
Roldana michoacana,Asteraceae,Asteroideae,NA
Critoniopsis uniflora,Asteraceae,Vernonioideae,NA
Critoniopsis triflosculosa,Asteraceae,Vernonioideae,NA
Roldana angulifolia,Asteraceae,Asteroideae,NA
Telanthophora grandifolia grandifolia,Asteraceae,Asteroideae,grandifolia
Telanthophora grandifolia grandifolia,Asteraceae,Asteroideae,grandifolia
Roldana lineolata,Asteraceae,Asteroideae,NA
Roldana barba-johannis,Asteraceae,Asteroideae,NA
Roldana albonervia,Asteraceae,Asteroideae,NA
Barkleyanthus salicifolius,Asteraceae,Asteroideae,NA
Senecio mohavensis,Asteraceae,Asteroideae,NA
Roldana lineolata,Asteraceae,Asteroideae,NA
Senecio runcinatus,Asteraceae,Asteroideae,NA
Senecio stoechadiformis,Asteraceae,Asteroideae,NA
Pectis multiflosculosa,Asteraceae,Asteroideae,NA
Pectis multiflosculosa,Asteraceae,Asteroideae,NA
Thymophylla setifolia,Asteraceae,Asteroideae,NA
Roldana aschenborniana,Asteraceae,Asteroideae,NA
Psacalium palmeri,Asteraceae,Asteroideae,NA
Pseudelephantopus spicatus,Asteraceae,Vernonioideae,NA
Packera sanguisorbae,Asteraceae,Asteroideae,NA
Lepidaploa canescens,Asteraceae,Vernonioideae,NA
Thymophylla pentachaeta pentachaeta,Asteraceae,Asteroideae,pentachaeta
Senecio vulgaris,Asteraceae,Asteroideae,NA
Roldana chapalensis,Asteraceae,Asteroideae,NA
Critoniopsis triflosculosa,Asteraceae,Vernonioideae,NA
Critoniopsis obtusa,Asteraceae,Vernonioideae,NA
Senecio deppeanus,Asteraceae,Asteroideae,NA
Senecio deppeanus,Asteraceae,Asteroideae,NA
Pittocaulon praecox,Asteraceae,Asteroideae,NA
Psacalium sinuatum,Asteraceae,Asteroideae,NA
Roldana mexicana,Asteraceae,Asteroideae,NA
Senecio stoechadiformis,Asteraceae,Asteroideae,NA
Odontotrichum goldsmithii rowellii,Asteraceae,Asteroideae,rowellii
Adenophyllum porophyllum cancellatum,Asteraceae,Asteroideae,cancellatum
Adenophyllum porophyllum cancellatum,Asteraceae,Asteroideae,cancellatum
Vernonia karvinskiana inuloides,Asteraceae,Vernonioideae,inuloides
Senecio stoechadiformis,Asteraceae,Asteroideae,NA
Chrysactinia mexicana,Asteraceae,Asteroideae,NA
Porophyllum linaria,Asteraceae,Asteroideae,NA
Dyssodia pinnata pinnata,Asteraceae,Asteroideae,pinnata
Roldana angulifolia,Asteraceae,Asteroideae,NA
Roldana angulifolia,Asteraceae,Asteroideae,NA
Roldana barba-johannis,Asteraceae,Asteroideae,NA
Porophyllum macrocephalum,Asteraceae,Asteroideae,NA
Thymophylla pentachaeta pentachaeta,Asteraceae,Asteroideae,pentachaeta
Tagetes lucida,Asteraceae,Asteroideae,NA
Lepidonia jonesii,Asteraceae,Vernonioideae,NA
Roldana grimesii,Asteraceae,Asteroideae,NA
Digitacalia jatrophoides jatrophoides,Asteraceae,Asteroideae,jatrophoides
Adenophyllum porophyllum cancellatum,Asteraceae,Asteroideae,cancellatum
Pectis angustifolia tenella,Asteraceae,Asteroideae,tenella
Thymophylla setifolia,Asteraceae,Asteroideae,NA
Thymophylla acerosa,Asteraceae,Asteroideae,NA
Thymophylla pentachaeta pentachaeta,Asteraceae,Asteroideae,pentachaeta
Thymophylla pentachaeta pentachaeta,Asteraceae,Asteroideae,pentachaeta
Thymophylla setifolia,Asteraceae,Asteroideae,NA
Senecio purpusii,Asteraceae,Asteroideae,NA
Rosilla lutea,Asteraceae,Asteroideae,NA
Senecio argutus,Asteraceae,Asteroideae,NA
Cyanthillium cinereum,Asteraceae,Vernonioideae,NA
Thymophylla pentachaeta pentachaeta,Asteraceae,Asteroideae,pentachaeta
Tagetes lunulata,Asteraceae,Asteroideae,NA
Tagetes lunulata,Asteraceae,Asteroideae,NA
Tagetes lunulata,Asteraceae,Asteroideae,NA
Tagetes lunulata,Asteraceae,Asteroideae,NA
Tagetes lucida,Asteraceae,Asteroideae,NA
Roldana sessilifolia,Asteraceae,Asteroideae,NA
Psacalium palmeri,Asteraceae,Asteroideae,NA
Senecio vulgaris,Asteraceae,Asteroideae,NA
Roldana lineolata,Asteraceae,Asteroideae,NA
Vernonia bealliae,Asteraceae,Vernonioideae,NA
Vernonia bealliae,Asteraceae,Vernonioideae,NA
Roldana aschenborniana,Asteraceae,Asteroideae,NA
Roldana angulifolia,Asteraceae,Asteroideae,NA
Roldana lobata,Asteraceae,Asteroideae,NA
Roldana sessilifolia,Asteraceae,Asteroideae,NA
Tagetes lucida,Asteraceae,Asteroideae,NA
Vernonanthura liatroides,Asteraceae,Vernonioideae,NA
Senecio stoechadiformis,Asteraceae,Asteroideae,NA
Roldana sessilifolia,Asteraceae,Asteroideae,NA
Psacalium eriocarpum,Asteraceae,Asteroideae,NA
Roldana sessilifolia,Asteraceae,Asteroideae,NA
Roldana suffulta,Asteraceae,Asteroideae,NA
Senecio callosus,Asteraceae,Asteroideae,NA
Psacalium palmeri,Asteraceae,Asteroideae,NA
Senecio orizabensis,Asteraceae,Asteroideae,NA
Senecio orizabensis,Asteraceae,Asteroideae,NA
Lepidaploa tortuosa,Asteraceae,Vernonioideae,NA
Erechtites hieracifolia cacalioides,Asteraceae,NA,cacalioides
Roldana lineolata,Asteraceae,Asteroideae,NA
Roldana angulifolia,Asteraceae,Asteroideae,NA
Psacalium eriocarpum,Asteraceae,Asteroideae,NA
Thymophylla pentachaeta pentachaeta,Asteraceae,Asteroideae,pentachaeta
Psacalium sinuatum,Asteraceae,Asteroideae,NA
Psacalium eriocarpum,Asteraceae,Asteroideae,NA
Porophyllum macrocephalum,Asteraceae,Asteroideae,NA
Psacalium poculiferum,Asteraceae,Asteroideae,NA
Critoniopsis salicifolia,Asteraceae,Vernonioideae,NA
Vernonia greggii,Asteraceae,Vernonioideae,NA
Roldana barba-johannis,Asteraceae,Asteroideae,NA
Senecio cinerarioides,Asteraceae,Asteroideae,NA
Senecio runcinatus,Asteraceae,Asteroideae,NA
Roldana angulifolia,Asteraceae,Asteroideae,NA
Thymophylla pentachaeta hartwegii,Asteraceae,Asteroideae,hartwegii
Tagetes lucida,Asteraceae,Asteroideae,NA
Lepidaploa tortuosa,Asteraceae,Vernonioideae,NA
Thymophylla pentachaeta pentachaeta,Asteraceae,Asteroideae,pentachaeta
Vernonanthura patens,Asteraceae,Vernonioideae,NA
Barkleyanthus salicifolius,Asteraceae,Asteroideae,NA
Thymophylla setifolia,Asteraceae,Asteroideae,NA
Dyssodia papposa,Asteraceae,Asteroideae,NA
Senecio mairetianus,Asteraceae,Asteroideae,NA
Dyssodia tagetiflora,Asteraceae,Asteroideae,NA
Critoniopsis tomentosa,Asteraceae,Vernonioideae,NA
Senecio procumbens,Asteraceae,Asteroideae,NA
Senecio madrensis,Asteraceae,Asteroideae,NA
Tagetes jaliscensis,Asteraceae,Asteroideae,NA
Tagetes lucida,Asteraceae,Asteroideae,NA
Tagetes lucida,Asteraceae,Asteroideae,NA
Tagetes micrantha,Asteraceae,Asteroideae,NA
Tagetes lucida,Asteraceae,Asteroideae,NA
Roldana mexicana,Asteraceae,Asteroideae,NA
Tagetes linifolia,Asteraceae,Asteroideae,NA
Pittocaulon praecox,Asteraceae,Asteroideae,NA
Pseudelephantopus spicatus,Asteraceae,Vernonioideae,NA
Thymophylla acerosa,Asteraceae,Asteroideae,NA
Rosilla lutea,Asteraceae,Asteroideae,NA
Thymophylla acerosa,Asteraceae,Asteroideae,NA
Thymophylla pentachaeta pentachaeta,Asteraceae,Asteroideae,pentachaeta
Thymophylla acerosa,Asteraceae,Asteroideae,NA
Thymophylla pentachaeta hartwegii,Asteraceae,Asteroideae,hartwegii
Thymophylla pentachaeta pentachaeta,Asteraceae,Asteroideae,pentachaeta
Thymophylla setifolia,Asteraceae,Asteroideae,NA
Critoniopsis tomentosa,Asteraceae,Vernonioideae,NA
Roldana pennellii pennellii,Asteraceae,Asteroideae,pennellii
Senecio procumbens,Asteraceae,Asteroideae,NA
Senecio cinerarioides,Asteraceae,Asteroideae,NA
Senecio toluccanus,Asteraceae,Asteroideae,NA
Senecio prionopterus,Asteraceae,Asteroideae,NA
Senecio bracteatus,Asteraceae,Asteroideae,NA
Thymophylla pentachaeta pentachaeta,Asteraceae,Asteroideae,pentachaeta
Vernonanthura patens,Asteraceae,Vernonioideae,NA
Lepidaploa tortuosa,Asteraceae,Vernonioideae,NA
Psacalium palmeri,Asteraceae,Asteroideae,NA
Senecio stoechadiformis,Asteraceae,Asteroideae,NA
Psacalium poculiferum,Asteraceae,Asteroideae,NA
Lepidaploa tortuosa,Asteraceae,Vernonioideae,NA
Pseudogynoxys chenopodioides chenopodioides,Asteraceae,Asteroideae,chenopodioides
Senecio roseus,Asteraceae,Asteroideae,NA
Senecio roseus,Asteraceae,Asteroideae,NA
Barkleyanthus salicifolius,Asteraceae,Asteroideae,NA
Senecio argutus,Asteraceae,Asteroideae,NA
Pippenalia delphiniifolia,Asteraceae,Asteroideae,NA
Roldana angulifolia,Asteraceae,Asteroideae,NA
Senecio toluccanus,Asteraceae,Asteroideae,NA
Psacalium tussilaginoides,Asteraceae,Asteroideae,NA
Senecio stoechadiformis,Asteraceae,Asteroideae,NA
Tagetes lucida,Asteraceae,Asteroideae,NA
Senecio toluccanus,Asteraceae,Asteroideae,NA
Critoniopsis triflosculosa,Asteraceae,Vernonioideae,NA
Vernonanthura liatroides,Asteraceae,Vernonioideae,NA
Pseudelephantopus spicatus,Asteraceae,Vernonioideae,NA
Roldana aschenborniana,Asteraceae,Asteroideae,NA
Psacalium sinuatum,Asteraceae,Asteroideae,NA
Thymophylla setifolia,Asteraceae,Asteroideae,NA
Roldana angulifolia,Asteraceae,Asteroideae,NA
Dyssodia papposa,Asteraceae,Asteroideae,NA
Tagetes tenuifolia,Asteraceae,Asteroideae,NA
Dyssodia papposa,Asteraceae,Asteroideae,NA
Tagetes micrantha,Asteraceae,Asteroideae,NA
Tagetes lucida,Asteraceae,Asteroideae,NA
Pectis prostrata,Asteraceae,Asteroideae,NA
Tagetes micrantha,Asteraceae,Asteroideae,NA
Dyssodia tagetiflora,Asteraceae,Asteroideae,NA
Senecio toluccanus,Asteraceae,Asteroideae,NA
Leiboldia serrata,Asteraceae,Vernonioideae,NA
Vernonanthura patens,Asteraceae,Vernonioideae,NA
Vernonia alamanii,Asteraceae,Vernonioideae,NA
Senecio picridis,Asteraceae,Asteroideae,NA
Critoniopsis salicifolia,Asteraceae,Vernonioideae,NA
Psacalium sinuatum,Asteraceae,Asteroideae,NA
Packera coahuilensis,Asteraceae,Asteroideae,NA
Roldana albonervia,Asteraceae,Asteroideae,NA
Roldana albonervia,Asteraceae,Asteroideae,NA
Lepidaploa tortuosa,Asteraceae,Vernonioideae,NA
Roldana lanicaulis,Asteraceae,Asteroideae,NA
Vernonanthura serratuloides,Asteraceae,Vernonioideae,NA
Pittocaulon praecox,Asteraceae,Asteroideae,NA
Thymophylla setifolia,Asteraceae,Asteroideae,NA
Thymophylla setifolia,Asteraceae,Asteroideae,NA
Thymophylla pentachaeta pentachaeta,Asteraceae,Asteroideae,pentachaeta
Roldana lineolata,Asteraceae,Asteroideae,NA
Barkleyanthus salicifolius,Asteraceae,Asteroideae,NA
Thymophylla setifolia,Asteraceae,Asteroideae,NA
Critoniopsis salicifolia,Asteraceae,Vernonioideae,NA
Pippenalia delphiniifolia,Asteraceae,Asteroideae,NA
Lepidaploa canescens,Asteraceae,Vernonioideae,NA
Lepidaploa tortuosa,Asteraceae,Vernonioideae,NA
Roldana aschenborniana,Asteraceae,Asteroideae,NA
Vernonanthura liatroides,Asteraceae,Vernonioideae,NA
Packera sanguisorbae,Asteraceae,Asteroideae,NA
Roldana albonervia,Asteraceae,Asteroideae,NA
Senecio callosus,Asteraceae,Asteroideae,NA
Pseudogynoxys chenopodioides chenopodioides,Asteraceae,Asteroideae,chenopodioides
Dyssodia pinnata glabrescens,Asteraceae,Asteroideae,glabrescens
Senecio toluccanus,Asteraceae,Asteroideae,NA
Packera bellidifolia,Asteraceae,Asteroideae,NA
Packera sanguisorbae,Asteraceae,Asteroideae,NA
Vernonia serratuloides,Asteraceae,Vernonioideae,NA
Thymophylla setifolia,Asteraceae,Asteroideae,NA
Thymophylla pentachaeta pentachaeta,Asteraceae,Asteroideae,pentachaeta
Tagetes lunulata,Asteraceae,Asteroideae,NA
Tagetes lucida,Asteraceae,Asteroideae,NA
Tagetes micrantha,Asteraceae,Asteroideae,NA
Dyssodia papposa,Asteraceae,Asteroideae,NA
Senecio flaccidus monoensis,Asteraceae,Asteroideae,monoensis
Lepidaploa tortuosa,Asteraceae,Vernonioideae,NA
Pseudogynoxys chenopodioides cummingii,Asteraceae,Asteroideae,cummingii
Elephantopus mollis,Asteraceae,Vernonioideae,NA
Vernonanthura liatroides,Asteraceae,Vernonioideae,NA
Tagetes lucida,Asteraceae,Asteroideae,NA
Psacalium amplifolium,Asteraceae,Asteroideae,NA
Packera coahuilensis,Asteraceae,Asteroideae,NA
Senecio loratifolius,Asteraceae,Asteroideae,NA
Leiboldia serrata,Asteraceae,Vernonioideae,NA
Tagetes lucida,Asteraceae,Asteroideae,NA
Tagetes lunulata,Asteraceae,Asteroideae,NA
Tagetes lucida,Asteraceae,Asteroideae,NA
Tagetes lucida,Asteraceae,Asteroideae,NA
Tagetes lunulata,Asteraceae,Asteroideae,NA
Dyssodia pinnata glabrescens,Asteraceae,Asteroideae,glabrescens
Roldana albonervia,Asteraceae,Asteroideae,NA
Senecio callosus,Asteraceae,Asteroideae,NA
Thymophylla setifolia,Asteraceae,Asteroideae,NA
Thymophylla pentachaeta hartwegii,Asteraceae,Asteroideae,hartwegii
Tagetes parryi,Asteraceae,Asteroideae,NA
Vernonia alamanii,Asteraceae,Vernonioideae,NA
Pseudogynoxys chenopodioides chenopodioides,Asteraceae,Asteroideae,chenopodioides
Tagetes tenuifolia,Asteraceae,Asteroideae,NA
Adenophyllum porophyllum cancellatum,Asteraceae,Asteroideae,cancellatum
Critoniopsis uniflora,Asteraceae,Vernonioideae,NA
Senecio flaccidus flaccidus,Asteraceae,Asteroideae,flaccidus
Rosilla lutea,Asteraceae,Asteroideae,NA
Psacalium peltatum peltatum,Asteraceae,Asteroideae,peltatum
Psacalium palmeri,Asteraceae,Asteroideae,NA
Tagetes subulata,Asteraceae,Asteroideae,NA
Psacalium amplum,Asteraceae,Asteroideae,NA
Thymophylla acerosa,Asteraceae,Asteroideae,NA
Leucactinia bracteata,Asteraceae,Asteroideae,NA
Roldana glinophylla,Asteraceae,Asteroideae,NA
Vernonanthura oaxacana,Asteraceae,Vernonioideae,NA
Psacalium peltatum peltatum,Asteraceae,Asteroideae,peltatum
Roldana lobata,Asteraceae,Asteroideae,NA
Psacalium silphiifolium,Asteraceae,Asteroideae,NA
Porophyllum linaria,Asteraceae,Asteroideae,NA
Psacalium peltigerum peltigerum,Asteraceae,Asteroideae,peltigerum
Adenophyllum porophyllum cancellatum,Asteraceae,Asteroideae,cancellatum
Roldana aschenborniana,Asteraceae,Asteroideae,NA
Thymophylla setifolia,Asteraceae,Asteroideae,NA
Tagetes jaliscensis,Asteraceae,Asteroideae,NA
Tagetes lunulata,Asteraceae,Asteroideae,NA
Vernonia serratuloides,Asteraceae,Vernonioideae,NA
Lepidaploa tortuosa,Asteraceae,Vernonioideae,NA
Roldana cordovensis,Asteraceae,Asteroideae,NA
Thymophylla tenuifolia,Asteraceae,Asteroideae,NA
Roldana barba-johannis,Asteraceae,Asteroideae,NA
Roldana grimesii,Asteraceae,Asteroideae,NA
Telanthophora grandifolia grandifolia,Asteraceae,Asteroideae,grandifolia
Thymophylla setifolia,Asteraceae,Asteroideae,NA
Dyssodia papposa,Asteraceae,Asteroideae,NA
Critoniopsis triflosculosa,Asteraceae,Vernonioideae,NA
Vernonia steetzii,Asteraceae,Vernonioideae,NA
Rosilla lutea,Asteraceae,Asteroideae,NA
Roldana angulifolia,Asteraceae,Asteroideae,NA
Pittocaulon bombycophole,Asteraceae,Asteroideae,NA
Senecio vulgaris,Asteraceae,Asteroideae,NA
Roldana lineolata,Asteraceae,Asteroideae,NA
Vernonia greggii,Asteraceae,Vernonioideae,NA
Roldana angulifolia,Asteraceae,Asteroideae,NA
Senecio runcinatus,Asteraceae,Asteroideae,NA
Senecio runcinatus,Asteraceae,Asteroideae,NA
Vernonanthura patens,Asteraceae,Vernonioideae,NA
Telanthophora grandifolia grandifolia,Asteraceae,Asteroideae,grandifolia
Roldana aschenborniana,Asteraceae,Asteroideae,NA
Vernonia greggii,Asteraceae,Vernonioideae,NA
Roldana heracleifolia,Asteraceae,Asteroideae,NA
Lepidonia mexicana,Asteraceae,Vernonioideae,NA
Senecio flaccidus flaccidus,Asteraceae,Asteroideae,flaccidus
Psacalium peltatum peltatum,Asteraceae,Asteroideae,peltatum
Tagetes micrantha,Asteraceae,Asteroideae,NA
Pittocaulon praecox,Asteraceae,Asteroideae,NA
Roldana heracleifolia,Asteraceae,Asteroideae,NA
Tagetes lunulata,Asteraceae,Asteroideae,NA
Thymophylla pentachaeta pentachaeta,Asteraceae,Asteroideae,pentachaeta
Roldana robinsoniana,Asteraceae,Asteroideae,NA
Vernonanthura patens,Asteraceae,Vernonioideae,NA
Tagetes lunulata,Asteraceae,Asteroideae,NA
Tagetes lucida,Asteraceae,Asteroideae,NA
Senecio cinerarioides,Asteraceae,Asteroideae,NA
Tagetes subulata,Asteraceae,Asteroideae,NA
Adenophyllum porophyllum cancellatum,Asteraceae,Asteroideae,cancellatum
Telanthophora uspantanensis,Asteraceae,Asteroideae,NA
Vernonanthura serratuloides,Asteraceae,Vernonioideae,NA
Barkleyanthus salicifolius,Asteraceae,Asteroideae,NA
Barkleyanthus salicifolius,Asteraceae,Asteroideae,NA
Senecio vulgaris,Asteraceae,Asteroideae,NA
Tagetes lunulata,Asteraceae,Asteroideae,NA
Thymophylla aurea,Asteraceae,Asteroideae,NA
Psacalium poculiferum,Asteraceae,Asteroideae,NA
Roldana mexicana,Asteraceae,Asteroideae,NA
Barkleyanthus salicifolius,Asteraceae,Asteroideae,NA
Psacalium poculiferum,Asteraceae,Asteroideae,NA
Packera coahuilensis,Asteraceae,Asteroideae,NA
Dyssodia tagetiflora,Asteraceae,Asteroideae,NA
Tagetes lucida,Asteraceae,Asteroideae,NA
Psacalium tabulare,Asteraceae,Asteroideae,NA
Senecio runcinatus,Asteraceae,Asteroideae,NA
Lepidaploa tortuosa,Asteraceae,Vernonioideae,NA
Piptocarpha chontalensis,Asteraceae,Vernonioideae,NA
Tagetes lunulata,Asteraceae,Asteroideae,NA
Elephantopus mollis,Asteraceae,Vernonioideae,NA
Adenophyllum porophyllum cancellatum,Asteraceae,Asteroideae,cancellatum
Porophyllum macrocephalum,Asteraceae,Asteroideae,NA
Vernonanthura serratuloides,Asteraceae,Vernonioideae,NA
Dyssodia tagetiflora,Asteraceae,Asteroideae,NA
Barkleyanthus salicifolius,Asteraceae,Asteroideae,NA
Psacalium sinuatum,Asteraceae,Asteroideae,NA
Thymophylla acerosa,Asteraceae,Asteroideae,NA
Roldana albonervia,Asteraceae,Asteroideae,NA
Packera sanguisorbae,Asteraceae,Asteroideae,NA
Telanthophora grandifolia grandifolia,Asteraceae,Asteroideae,grandifolia
Leiboldia serrata,Asteraceae,Vernonioideae,NA
Roldana aschenborniana,Asteraceae,Asteroideae,NA
Vernonanthura liatroides,Asteraceae,Vernonioideae,NA
Critoniopsis foliosa,Asteraceae,Vernonioideae,NA
Critoniopsis triflosculosa,Asteraceae,Vernonioideae,NA
Tagetes lunulata,Asteraceae,Asteroideae,NA
Tagetes lunulata,Asteraceae,Asteroideae,NA
Senecio stoechadiformis,Asteraceae,Asteroideae,NA
Senecio stoechadiformis,Asteraceae,Asteroideae,NA
Barkleyanthus salicifolius,Asteraceae,Asteroideae,NA
Barkleyanthus salicifolius,Asteraceae,Asteroideae,NA
Pseudogynoxys chenopodioides chenopodioides,Asteraceae,Asteroideae,chenopodioides
Roldana mexicana,Asteraceae,Asteroideae,NA
Adenophyllum porophyllum cancellatum,Asteraceae,Asteroideae,cancellatum
Dyssodia pinnata glabrescens,Asteraceae,Asteroideae,glabrescens
Pectis prostrata,Asteraceae,Asteroideae,NA
Hydropectis stevensii,Asteraceae,Asteroideae,NA
Tagetes micrantha,Asteraceae,Asteroideae,NA
Tagetes lucida,Asteraceae,Asteroideae,NA
Senecio picridis,Asteraceae,Asteroideae,NA
Thymophylla acerosa,Asteraceae,Asteroideae,NA
Pittocaulon praecox,Asteraceae,Asteroideae,NA
Pittocaulon velatum velatum,Asteraceae,Asteroideae,velatum
Psacalium cirsiifolium,Asteraceae,Asteroideae,NA
Barkleyanthus salicifolius,Asteraceae,Asteroideae,NA
Tagetes lucida,Asteraceae,Asteroideae,NA
Telanthophora grandifolia grandifolia,Asteraceae,Asteroideae,grandifolia
Vernonanthura oaxacana,Asteraceae,Vernonioideae,NA
Roldana aschenborniana,Asteraceae,Asteroideae,NA
Roldana albonervia,Asteraceae,Asteroideae,NA
Psacalium poculiferum,Asteraceae,Asteroideae,NA
Thymophylla setifolia,Asteraceae,Asteroideae,NA
Roldana cordovensis,Asteraceae,Asteroideae,NA
Roldana mexicana,Asteraceae,Asteroideae,NA
Psacalium poculiferum,Asteraceae,Asteroideae,NA
Vernonanthura patens,Asteraceae,Vernonioideae,NA
Vernonanthura patens,Asteraceae,Vernonioideae,NA
Barkleyanthus salicifolius,Asteraceae,Asteroideae,NA
Roldana angulifolia,Asteraceae,Asteroideae,NA
Pittocaulon praecox,Asteraceae,Asteroideae,NA
Tagetes tenuifolia,Asteraceae,Asteroideae,NA
Senecio stoechadiformis,Asteraceae,Asteroideae,NA
Senecio callosus,Asteraceae,Asteroideae,NA
Digitacalia jatrophoides jatrophoides,Asteraceae,Asteroideae,jatrophoides
Roldana angulifolia,Asteraceae,Asteroideae,NA
Psacalium pringlei,Asteraceae,Asteroideae,NA
Tagetes lucida,Asteraceae,Asteroideae,NA
Barkleyanthus salicifolius,Asteraceae,Asteroideae,NA
Dyssodia papposa,Asteraceae,Asteroideae,NA
Digitacalia jatrophoides jatrophoides,Asteraceae,Asteroideae,jatrophoides
Roldana albonervia,Asteraceae,Asteroideae,NA
Pittocaulon praecox,Asteraceae,Asteroideae,NA
Leiboldia serrata,Asteraceae,Vernonioideae,NA
Dyssodia papposa,Asteraceae,Asteroideae,NA
Critoniopsis uniflora,Asteraceae,Vernonioideae,NA
Dyssodia tagetiflora,Asteraceae,Asteroideae,NA
Thymophylla setifolia,Asteraceae,Asteroideae,NA
Dyssodia pinnata glabrescens,Asteraceae,Asteroideae,glabrescens
Senecio roseus,Asteraceae,Asteroideae,NA
Packera bellidifolia,Asteraceae,Asteroideae,NA
Roldana albonervia,Asteraceae,Asteroideae,NA
Senecio stoechadiformis,Asteraceae,Asteroideae,NA
Roldana angulifolia,Asteraceae,Asteroideae,NA
Roldana angulifolia,Asteraceae,Asteroideae,NA
Packera sanguisorbae,Asteraceae,Asteroideae,NA
Tagetes erecta,Asteraceae,Asteroideae,NA
Chrysactinia mexicana,Asteraceae,Asteroideae,NA
Thymophylla tenuifolia,Asteraceae,Asteroideae,NA
Psacalium holwayanum,Asteraceae,Asteroideae,NA
Senecio lithophilus,Asteraceae,Asteroideae,NA
Senecio toluccanus,Asteraceae,Asteroideae,NA
Roldana robinsoniana,Asteraceae,Asteroideae,NA
Senecio cinerarioides,Asteraceae,Asteroideae,NA
Senecio cinerarioides,Asteraceae,Asteroideae,NA
Roldana sartorii,Asteraceae,Asteroideae,NA
Vernonia alamanii,Asteraceae,Vernonioideae,NA
Barkleyanthus salicifolius,Asteraceae,Asteroideae,NA
Roldana schaffneri,Asteraceae,Asteroideae,NA
Roldana cordovensis,Asteraceae,Asteroideae,NA
Vernonanthura patens,Asteraceae,Vernonioideae,NA
Roldana pennellii pennellii,Asteraceae,Asteroideae,pennellii
Psacalium silphiifolium,Asteraceae,Asteroideae,NA
Nelsonianthus tapianus,Asteraceae,Asteroideae,NA
Roldana aschenborniana,Asteraceae,Asteroideae,NA
Roldana aschenborniana,Asteraceae,Asteroideae,NA
Senecio flaccidus flaccidus,Asteraceae,Asteroideae,flaccidus
Lepidaploa tortuosa,Asteraceae,Vernonioideae,NA
Tagetes micrantha,Asteraceae,Asteroideae,NA
Vernonanthura deppeana,Asteraceae,Vernonioideae,NA
Roldana hederifolia,Asteraceae,Asteroideae,NA
Roldana lineolata,Asteraceae,Asteroideae,NA
Senecio cinerarioides,Asteraceae,Asteroideae,NA
Senecio multidentatus multidentatus,Asteraceae,Asteroideae,multidentatus
Packera bellidifolia,Asteraceae,Asteroideae,NA
Roldana angulifolia,Asteraceae,Asteroideae,NA
Packera bellidifolia,Asteraceae,Asteroideae,NA
Roldana albonervia,Asteraceae,Asteroideae,NA
Leiboldia serrata,Asteraceae,Vernonioideae,NA
Dyssodia pinnata pinnata,Asteraceae,Asteroideae,pinnata
Roldana michoacana,Asteraceae,Asteroideae,NA
Senecio vulgaris,Asteraceae,Asteroideae,NA
Tagetes lunulata,Asteraceae,Asteroideae,NA
Tagetes lucida,Asteraceae,Asteroideae,NA
Tagetes micrantha,Asteraceae,Asteroideae,NA
Porophyllum scoparium,Asteraceae,Asteroideae,NA
Dyssodia tagetiflora,Asteraceae,Asteroideae,NA
Adenophyllum porophyllum cancellatum,Asteraceae,Asteroideae,cancellatum
Senecio prionopterus,Asteraceae,Asteroideae,NA
Senecio quebradensis,Asteraceae,Asteroideae,NA
Porophyllum coloratum obtusifolium,Asteraceae,Asteroideae,obtusifolium
Tagetes micrantha,Asteraceae,Asteroideae,NA
Roldana aschenborniana,Asteraceae,Asteroideae,NA
Roldana schaffneri,Asteraceae,Asteroideae,NA
Digitacalia jatrophoides jatrophoides,Asteraceae,Asteroideae,jatrophoides
Tagetes micrantha,Asteraceae,Asteroideae,NA
Psacalium platylepis,Asteraceae,Asteroideae,NA
Psacalium palmeri,Asteraceae,Asteroideae,NA
Thymophylla pentachaeta hartwegii,Asteraceae,Asteroideae,hartwegii
Dyssodia tagetiflora,Asteraceae,Asteroideae,NA
Elephantopus mollis,Asteraceae,Vernonioideae,NA
Erechtites valerianifolius,Asteraceae,Asteroideae,NA
Elephantopus mollis,Asteraceae,Vernonioideae,NA
Psacalium peltatum peltatum,Asteraceae,Asteroideae,peltatum
Roldana sessilifolia,Asteraceae,Asteroideae,NA
Psacalium peltatum peltatum,Asteraceae,Asteroideae,peltatum
Senecio runcinatus,Asteraceae,Asteroideae,NA
Senecio stoechadiformis,Asteraceae,Asteroideae,NA
Roldana lineolata,Asteraceae,Asteroideae,NA
Roldana lobata,Asteraceae,Asteroideae,NA
Packera sanguisorbae,Asteraceae,Asteroideae,NA
Packera sanguisorbae,Asteraceae,Asteroideae,NA
Senecio callosus,Asteraceae,Asteroideae,NA
Senecio callosus,Asteraceae,Asteroideae,NA
Senecio toluccanus,Asteraceae,Asteroideae,NA
Chrysactinia mexicana,Asteraceae,Asteroideae,NA
Barkleyanthus salicifolius,Asteraceae,Asteroideae,NA
Senecio stoechadiformis,Asteraceae,Asteroideae,NA
Senecio cinerarioides,Asteraceae,Asteroideae,NA
Senecio vulgaris,Asteraceae,Asteroideae,NA
Senecio toluccanus,Asteraceae,Asteroideae,NA
Dyssodia decipiens,Asteraceae,Asteroideae,NA
Psacalium holwayanum,Asteraceae,Asteroideae,NA
Roldana michoacana,Asteraceae,Asteroideae,NA
Psacalium peltatum peltatum,Asteraceae,Asteroideae,peltatum
Psacalium palmeri,Asteraceae,Asteroideae,NA
Lepidaploa tortuosa,Asteraceae,Vernonioideae,NA
Vernonanthura patens,Asteraceae,Vernonioideae,NA
Pippenalia delphiniifolia,Asteraceae,Asteroideae,NA
Psacalium palmeri,Asteraceae,Asteroideae,NA
Psacalium sinuatum,Asteraceae,Asteroideae,NA
Pectis prostrata,Asteraceae,Asteroideae,NA
Dyssodia papposa,Asteraceae,Asteroideae,NA
Psacalium pentaflorum,Asteraceae,Asteroideae,NA
Roldana galiciana,Asteraceae,Asteroideae,NA
Psacalium pentaflorum,Asteraceae,Asteroideae,NA
Barkleyanthus salicifolius,Asteraceae,Asteroideae,NA
Tagetes lucida,Asteraceae,Asteroideae,NA
Roldana marquesii,Asteraceae,Asteroideae,NA
Barkleyanthus salicifolius,Asteraceae,Asteroideae,NA
Barkleyanthus salicifolius,Asteraceae,Asteroideae,NA
Critoniopsis triflosculosa,Asteraceae,Vernonioideae,NA
Senecio runcinatus,Asteraceae,Asteroideae,NA
Critoniopsis barbinervis,Asteraceae,Vernonioideae,NA
Senecio picridis,Asteraceae,Asteroideae,NA
Packera sanguisorbae,Asteraceae,Asteroideae,NA
Senecio helodes,Asteraceae,Asteroideae,NA
Thymophylla setifolia,Asteraceae,Asteroideae,NA
Thymophylla acerosa,Asteraceae,Asteroideae,NA
Erechtites hieracifolia cacalioides,Asteraceae,NA,cacalioides
Psacalium platylepis,Asteraceae,Asteroideae,NA
Thymophylla pentachaeta pentachaeta,Asteraceae,Asteroideae,pentachaeta
Vernonia greggii,Asteraceae,Vernonioideae,NA
Roldana platanifolia,Asteraceae,Asteroideae,NA
Thymophylla tenuifolia,Asteraceae,Asteroideae,NA
Dyssodia papposa,Asteraceae,Asteroideae,NA
Lepidaploa tortuosa,Asteraceae,Vernonioideae,NA
Psacalium sinuatum,Asteraceae,Asteroideae,NA
Porophyllum macrocephalum,Asteraceae,Asteroideae,NA
Porophyllum macrocephalum,Asteraceae,Asteroideae,NA
Dyssodia papposa,Asteraceae,Asteroideae,NA
Porophyllum coloratum coloratum,Asteraceae,Asteroideae,coloratum
Dyssodia papposa,Asteraceae,Asteroideae,NA
Pittocaulon praecox,Asteraceae,Asteroideae,NA
Tagetes jaliscensis,Asteraceae,Asteroideae,NA
Tagetes micrantha,Asteraceae,Asteroideae,NA
Thymophylla setifolia,Asteraceae,Asteroideae,NA
Barkleyanthus salicifolius,Asteraceae,Asteroideae,NA
Roldana heracleifolia,Asteraceae,Asteroideae,NA
Roldana heracleifolia,Asteraceae,Asteroideae,NA
Dyssodia papposa,Asteraceae,Asteroideae,NA
Roldana aschenborniana,Asteraceae,Asteroideae,NA
Roldana barba-johannis,Asteraceae,Asteroideae,NA
Thymophylla acerosa,Asteraceae,Asteroideae,NA
Barkleyanthus salicifolius,Asteraceae,Asteroideae,NA
Telanthophora grandifolia grandifolia,Asteraceae,Asteroideae,grandifolia
Lepidaploa tortuosa,Asteraceae,Vernonioideae,NA
Dyssodia papposa,Asteraceae,Asteroideae,NA
Leiboldia serrata,Asteraceae,Vernonioideae,NA
Pittocaulon praecox,Asteraceae,Asteroideae,NA
Tagetes tenuifolia,Asteraceae,Asteroideae,NA
Tagetes subulata,Asteraceae,Asteroideae,NA
Tagetes subulata,Asteraceae,Asteroideae,NA
Dyssodia papposa,Asteraceae,Asteroideae,NA
Lepidaploa tortuosa,Asteraceae,Vernonioideae,NA
Critoniopsis obtusa,Asteraceae,Vernonioideae,NA
Lepidaploa tortuosa,Asteraceae,Vernonioideae,NA
Roldana heracleifolia,Asteraceae,Asteroideae,NA
Tagetes tenuifolia,Asteraceae,Asteroideae,NA
Porophyllum coloratum obtusifolium,Asteraceae,Asteroideae,obtusifolium
Senecio stoechadiformis,Asteraceae,Asteroideae,NA
Packera sanguisorbae,Asteraceae,Asteroideae,NA
Roldana suffulta,Asteraceae,Asteroideae,NA
Rosilla lutea,Asteraceae,Asteroideae,NA
Psacalium schillingii,Asteraceae,Asteroideae,NA
Roldana platanifolia,Asteraceae,Asteroideae,NA
Roldana heracleifolia,Asteraceae,Asteroideae,NA
Senecio runcinatus,Asteraceae,Asteroideae,NA
Senecio mairetianus,Asteraceae,Asteroideae,NA
Critoniopsis obtusa,Asteraceae,Vernonioideae,NA
Adenophyllum porophyllum cancellatum,Asteraceae,Asteroideae,cancellatum
Tagetes lunulata,Asteraceae,Asteroideae,NA
Adenophyllum porophyllum porophyllum,Asteraceae,Asteroideae,porophyllum
Roldana sessilifolia,Asteraceae,Asteroideae,NA
Barkleyanthus salicifolius,Asteraceae,Asteroideae,NA
Vernonanthura patens,Asteraceae,Vernonioideae,NA
Vernonanthura serratuloides,Asteraceae,Vernonioideae,NA
Adenophyllum porophyllum cancellatum,Asteraceae,Asteroideae,cancellatum
Packera coahuilensis,Asteraceae,Asteroideae,NA
Roldana aschenborniana,Asteraceae,Asteroideae,NA
Critoniopsis obtusa,Asteraceae,Vernonioideae,NA
Senecio stoechadiformis,Asteraceae,Asteroideae,NA
Vernonia greggii,Asteraceae,Vernonioideae,NA
Lepidonia jonesii,Asteraceae,Vernonioideae,NA
Tagetes lucida,Asteraceae,Asteroideae,NA
Psacalium platylepis,Asteraceae,Asteroideae,NA
Critoniopsis salicifolia,Asteraceae,Vernonioideae,NA
Critoniopsis salicifolia,Asteraceae,Vernonioideae,NA
Digitacalia jatrophoides jatrophoides,Asteraceae,Asteroideae,jatrophoides
Thymophylla micropoides,Asteraceae,Asteroideae,NA
Packera rosei,Asteraceae,Asteroideae,NA
Roldana angulifolia,Asteraceae,Asteroideae,NA
Tagetes lunulata,Asteraceae,Asteroideae,NA
Thymophylla setifolia,Asteraceae,Asteroideae,NA
Roldana guadalajarensis,Asteraceae,Asteroideae,NA
Vernonanthura oaxacana,Asteraceae,Vernonioideae,NA
Roldana pennellii pennellii,Asteraceae,Asteroideae,pennellii
Lepidaploa tortuosa,Asteraceae,Vernonioideae,NA
Pectis prostrata,Asteraceae,Asteroideae,NA
Tagetes lucida,Asteraceae,Asteroideae,NA
Roldana lineolata,Asteraceae,Asteroideae,NA
Senecio stoechadiformis,Asteraceae,Asteroideae,NA
Roldana barba-johannis,Asteraceae,Asteroideae,NA
Barkleyanthus salicifolius,Asteraceae,Asteroideae,NA
Lepidaploa tortuosa,Asteraceae,Vernonioideae,NA
Elephantopus mollis,Asteraceae,Vernonioideae,NA
Senecio toluccanus,Asteraceae,Asteroideae,NA
Senecio deformis,Asteraceae,Asteroideae,NA
Vernonanthura patens,Asteraceae,Vernonioideae,NA
Vernonia greggii,Asteraceae,Vernonioideae,NA
Roldana lanicaulis,Asteraceae,Asteroideae,NA
Barkleyanthus salicifolius,Asteraceae,Asteroideae,NA
Vernonia steetzii,Asteraceae,Vernonioideae,NA
Roldana sessilifolia,Asteraceae,Asteroideae,NA
Psacalium peltatum peltatum,Asteraceae,Asteroideae,peltatum
Tagetes parryi,Asteraceae,Asteroideae,NA
Tagetes parryi,Asteraceae,Asteroideae,NA
Pittocaulon praecox,Asteraceae,Asteroideae,NA
Psacalium palmeri,Asteraceae,Asteroideae,NA
Tagetes lunulata,Asteraceae,Asteroideae,NA
Roldana pennellii pennellii,Asteraceae,Asteroideae,pennellii
Tagetes erecta,Asteraceae,Asteroideae,NA
Telanthophora uspantanensis,Asteraceae,Asteroideae,NA
Porophyllum punctatum,Asteraceae,Asteroideae,NA
Vernonanthura cordata,Asteraceae,Vernonioideae,NA
Roldana albonervia,Asteraceae,Asteroideae,NA
Roldana heracleifolia,Asteraceae,Asteroideae,NA
Thymophylla setifolia,Asteraceae,Asteroideae,NA
Vernonia bealliae,Asteraceae,Vernonioideae,NA
Roldana ehrenbergiana,Asteraceae,Asteroideae,NA
Psacalium sinuatum,Asteraceae,Asteroideae,NA
Roldana ehrenbergiana,Asteraceae,Asteroideae,NA
Tagetes jaliscensis,Asteraceae,Asteroideae,NA
Tagetes micrantha,Asteraceae,Asteroideae,NA
Roldana aschenborniana,Asteraceae,Asteroideae,NA
Chrysactinia mexicana,Asteraceae,Asteroideae,NA
Porophyllum coloratum coloratum,Asteraceae,Asteroideae,coloratum
Roldana lineolata,Asteraceae,Asteroideae,NA
Vernonanthura patens,Asteraceae,Vernonioideae,NA
Thymophylla acerosa,Asteraceae,Asteroideae,NA
Thymophylla acerosa,Asteraceae,Asteroideae,NA
Vernonia greggii,Asteraceae,Vernonioideae,NA
Critoniopsis triflosculosa,Asteraceae,Vernonioideae,NA
Senecio stoechadiformis,Asteraceae,Asteroideae,NA
Roldana barba-johannis,Asteraceae,Asteroideae,NA
Thymophylla setifolia,Asteraceae,Asteroideae,NA
Psacalium poculiferum,Asteraceae,Asteroideae,NA
Packera montereyana,Asteraceae,Asteroideae,NA
Critoniopsis triflosculosa,Asteraceae,Vernonioideae,NA
Vernonia karvinskiana inuloides,Asteraceae,Vernonioideae,inuloides
Pittocaulon praecox,Asteraceae,Asteroideae,NA
Vernonia steetzii,Asteraceae,Vernonioideae,NA
Vernonanthura patens,Asteraceae,Vernonioideae,NA
Barkleyanthus salicifolius,Asteraceae,Asteroideae,NA
Roldana lineolata,Asteraceae,Asteroideae,NA
Senecio stoechadiformis,Asteraceae,Asteroideae,NA
Senecio stoechadiformis,Asteraceae,Asteroideae,NA
Packera bellidifolia,Asteraceae,Asteroideae,NA
Roldana sessilifolia,Asteraceae,Asteroideae,NA
Vernonanthura patens,Asteraceae,Vernonioideae,NA
Pectis prostrata,Asteraceae,Asteroideae,NA
Senecio stoechadiformis,Asteraceae,Asteroideae,NA
Senecio flaccidus flaccidus,Asteraceae,Asteroideae,flaccidus
Roldana sessilifolia,Asteraceae,Asteroideae,NA
Roldana barba-johannis,Asteraceae,Asteroideae,NA
Senecio conzattii,Asteraceae,Asteroideae,NA
Roldana lineolata,Asteraceae,Asteroideae,NA
Psacaliopsis paneroi juxtlahuacensis,Asteraceae,Asteroideae,juxtlahuacensis
Roldana aschenborniana,Asteraceae,Asteroideae,NA
Senecio toluccanus,Asteraceae,Asteroideae,NA
Porophyllum gracile,Asteraceae,Asteroideae,NA
Porophyllum punctatum,Asteraceae,Asteroideae,NA
Roldana ehrenbergiana,Asteraceae,Asteroideae,NA
Tagetes lunulata,Asteraceae,Asteroideae,NA
Adenophyllum porophyllum cancellatum,Asteraceae,Asteroideae,cancellatum
Critoniopsis triflosculosa,Asteraceae,Vernonioideae,NA
Tagetes subulata,Asteraceae,Asteroideae,NA
Dyssodia tagetiflora,Asteraceae,Asteroideae,NA
Barkleyanthus salicifolius,Asteraceae,Asteroideae,NA
Tagetes parryi,Asteraceae,Asteroideae,NA
Barkleyanthus salicifolius,Asteraceae,Asteroideae,NA
Critoniopsis foliosa,Asteraceae,Vernonioideae,NA
Psacalium platylepis,Asteraceae,Asteroideae,NA
Chrysactinia mexicana,Asteraceae,Asteroideae,NA
Critoniopsis salicifolia,Asteraceae,Vernonioideae,NA
Critoniopsis obtusa,Asteraceae,Vernonioideae,NA
Senecio godmanii,Asteraceae,Asteroideae,NA
Vernonanthura liatroides,Asteraceae,Vernonioideae,NA
Pseudelephantopus spicatus,Asteraceae,Vernonioideae,NA
Roldana schaffneri,Asteraceae,Asteroideae,NA
Elephantopus mollis,Asteraceae,Vernonioideae,NA
Elephantopus mollis,Asteraceae,Vernonioideae,NA
Packera candidissima,Asteraceae,Asteroideae,NA
Senecio flaccidus flaccidus,Asteraceae,Asteroideae,flaccidus
Dyssodia papposa,Asteraceae,Asteroideae,NA
Packera sanguisorbae,Asteraceae,Asteroideae,NA
Barkleyanthus salicifolius,Asteraceae,Asteroideae,NA
Senecio carlomasonii,Asteraceae,Asteroideae,NA
Thymophylla pentachaeta pentachaeta,Asteraceae,Asteroideae,pentachaeta
Dyssodia papposa,Asteraceae,Asteroideae,NA
Senecio flaccidus monoensis,Asteraceae,Asteroideae,monoensis
Senecio runcinatus,Asteraceae,Asteroideae,NA
Pseudelephantopus spicatus,Asteraceae,Vernonioideae,NA
Dyssodia pinnata glabrescens,Asteraceae,Asteroideae,glabrescens
Telanthophora cobanensis cobanensis,Asteraceae,Asteroideae,cobanensis
Thymophylla acerosa,Asteraceae,Asteroideae,NA
Critoniopsis triflosculosa,Asteraceae,Vernonioideae,NA
Adenophyllum anomalum,Asteraceae,Asteroideae,NA
Tagetes erecta,Asteraceae,Asteroideae,NA
Adenophyllum anomalum,Asteraceae,Asteroideae,NA
Psacalium poculiferum,Asteraceae,Asteroideae,NA
Packera tampicana,Asteraceae,Asteroideae,NA
Lepidaploa tortuosa,Asteraceae,Vernonioideae,NA
Lepidaploa tortuosa,Asteraceae,Vernonioideae,NA
Porophyllum punctatum,Asteraceae,Asteroideae,NA
Senecio stoechadiformis,Asteraceae,Asteroideae,NA
Senecio callosus,Asteraceae,Asteroideae,NA
Elephantopus mollis,Asteraceae,Vernonioideae,NA
Tagetes micrantha,Asteraceae,Asteroideae,NA
Gossypium hirsutum,Malvaceae,Malvoideae,NA
Senecio toluccanus,Asteraceae,Asteroideae,NA
Roldana heracleifolia,Asteraceae,Asteroideae,NA
Senecio stoechadiformis,Asteraceae,Asteroideae,NA
Barkleyanthus salicifolius,Asteraceae,Asteroideae,NA
Lepidonia callilepis,Asteraceae,Vernonioideae,NA
Thymophylla pentachaeta pentachaeta,Asteraceae,Asteroideae,pentachaeta
Vernonia greggii,Asteraceae,Vernonioideae,NA
Roldana lanicaulis,Asteraceae,Asteroideae,NA
Thymophylla acerosa,Asteraceae,Asteroideae,NA
Bolanosa coulteri,Asteraceae,Vernonioideae,NA
Psacalium palmeri,Asteraceae,Asteroideae,NA
Barkleyanthus salicifolius,Asteraceae,Asteroideae,NA
Dyssodia tagetiflora,Asteraceae,Asteroideae,NA
Thymophylla setifolia,Asteraceae,Asteroideae,NA
Vernonanthura serratuloides,Asteraceae,Vernonioideae,NA
Tagetes micrantha,Asteraceae,Asteroideae,NA
Tagetes micrantha,Asteraceae,Asteroideae,NA
Leucactinia bracteata,Asteraceae,Asteroideae,NA
Dyssodia papposa,Asteraceae,Asteroideae,NA
Critoniopsis tomentosa,Asteraceae,Vernonioideae,NA
Packera sanguisorbae,Asteraceae,Asteroideae,NA
Vernonanthura oaxacana,Asteraceae,Vernonioideae,NA
Roldana sessilifolia,Asteraceae,Asteroideae,NA
Critoniopsis obtusa,Asteraceae,Vernonioideae,NA
Lepidaploa tortuosa,Asteraceae,Vernonioideae,NA
Tagetes tenuifolia,Asteraceae,Asteroideae,NA
Telanthophora grandifolia grandifolia,Asteraceae,Asteroideae,grandifolia
Vernonanthura serratuloides,Asteraceae,Vernonioideae,NA
Tagetes lucida,Asteraceae,Asteroideae,NA
Porophyllum coloratum coloratum,Asteraceae,Asteroideae,coloratum
Senecio cinerarioides,Asteraceae,Asteroideae,NA
Roldana angulifolia,Asteraceae,Asteroideae,NA
Senecio callosus,Asteraceae,Asteroideae,NA
Senecio runcinatus,Asteraceae,Asteroideae,NA
Roldana angulifolia,Asteraceae,Asteroideae,NA
Roldana angulifolia,Asteraceae,Asteroideae,NA
Senecio vulgaris,Asteraceae,Asteroideae,NA
Pectis prostrata,Asteraceae,Asteroideae,NA
Dyssodia papposa,Asteraceae,Asteroideae,NA
Lepidaploa tortuosa,Asteraceae,Vernonioideae,NA
Roldana lineolata,Asteraceae,Asteroideae,NA
Roldana platanifolia,Asteraceae,Asteroideae,NA
Telanthophora jaliscana,Asteraceae,Asteroideae,NA
Barkleyanthus salicifolius,Asteraceae,Asteroideae,NA
Barkleyanthus salicifolius,Asteraceae,Asteroideae,NA
Psacalium eriocarpum,Asteraceae,Asteroideae,NA
Chrysactinia pinnata,Asteraceae,Asteroideae,NA
Thymophylla pentachaeta pentachaeta,Asteraceae,Asteroideae,pentachaeta
Dyssodia pinnata glabrescens,Asteraceae,Asteroideae,glabrescens
Roldana suffulta,Asteraceae,Asteroideae,NA
Roldana manantlanensis,Asteraceae,Asteroideae,NA
Roldana sartorii,Asteraceae,Asteroideae,NA
Thymophylla acerosa,Asteraceae,Asteroideae,NA
Nicolletia edwardsii,Asteraceae,Asteroideae,NA
Thymophylla acerosa,Asteraceae,Asteroideae,NA
Psacalium peltatum peltatum,Asteraceae,Asteroideae,peltatum
Lepidaploa tortuosa,Asteraceae,Vernonioideae,NA
Boeberoides grandiflora,Asteraceae,Asteroideae,NA
Thymophylla acerosa,Asteraceae,Asteroideae,NA
Thymophylla setifolia,Asteraceae,Asteroideae,NA
Pittocaulon praecox,Asteraceae,Asteroideae,NA
Thymophylla acerosa,Asteraceae,Asteroideae,NA
Thymophylla pentachaeta pentachaeta,Asteraceae,Asteroideae,pentachaeta
Telanthophora andrieuxii,Asteraceae,Asteroideae,NA
Barkleyanthus salicifolius,Asteraceae,Asteroideae,NA
Psacalium sinuatum,Asteraceae,Asteroideae,NA
Barkleyanthus salicifolius,Asteraceae,Asteroideae,NA
Barkleyanthus salicifolius,Asteraceae,Asteroideae,NA
Pittocaulon praecox,Asteraceae,Asteroideae,NA
Adenophyllum aurantium,Asteraceae,Asteroideae,NA
Roldana angulifolia,Asteraceae,Asteroideae,NA
Senecio deformis,Asteraceae,Asteroideae,NA
Roldana angulifolia,Asteraceae,Asteroideae,NA
Psacalium megaphyllum,Asteraceae,Asteroideae,NA
Lepidaploa tortuosa,Asteraceae,Vernonioideae,NA
Telanthophora grandifolia grandifolia,Asteraceae,Asteroideae,grandifolia
Roldana hartwegii,Asteraceae,Asteroideae,NA
Roldana guadalajarensis,Asteraceae,Asteroideae,NA
Psacalium laxiflorum,Asteraceae,Asteroideae,NA
Thymophylla acerosa,Asteraceae,Asteroideae,NA
Vernonia alamanii,Asteraceae,Vernonioideae,NA
Vernonia argyropappa,Asteraceae,Vernonioideae,NA
Thymophylla setifolia,Asteraceae,Asteroideae,NA
Thymophylla setifolia,Asteraceae,Asteroideae,NA
Tagetes tenuifolia,Asteraceae,Asteroideae,NA
Senecio flaccidus flaccidus,Asteraceae,Asteroideae,flaccidus
Tagetes lucida,Asteraceae,Asteroideae,NA
Roldana schaffneri,Asteraceae,Asteroideae,NA
Barkleyanthus salicifolius,Asteraceae,Asteroideae,NA
Pittocaulon praecox,Asteraceae,Asteroideae,NA
Lepidaploa tortuosa,Asteraceae,Vernonioideae,NA
Elephantopus mollis,Asteraceae,Vernonioideae,NA
Roldana angulifolia,Asteraceae,Asteroideae,NA
Senecio stoechadiformis,Asteraceae,Asteroideae,NA
Senecio callosus,Asteraceae,Asteroideae,NA
Roldana angulifolia,Asteraceae,Asteroideae,NA
Vernonanthura patens,Asteraceae,Vernonioideae,NA
Elephantopus mollis,Asteraceae,Vernonioideae,NA
Senecio vulgaris,Asteraceae,Asteroideae,NA
Lepidaploa tortuosa,Asteraceae,Vernonioideae,NA
Digitacalia jatrophoides jatrophoides,Asteraceae,Asteroideae,jatrophoides
Chrysactinia mexicana,Asteraceae,Asteroideae,NA
Roldana albonervia,Asteraceae,Asteroideae,NA
Critoniopsis uniflora,Asteraceae,Vernonioideae,NA
Psacalium peltatum peltatum,Asteraceae,Asteroideae,peltatum
Roldana barba-johannis,Asteraceae,Asteroideae,NA
Roldana angulifolia,Asteraceae,Asteroideae,NA
Telanthophora andrieuxii,Asteraceae,Asteroideae,NA
Dyssodia tagetiflora,Asteraceae,Asteroideae,NA
Tagetes subulata,Asteraceae,Asteroideae,NA
Tagetes lunulata,Asteraceae,Asteroideae,NA
Roldana angulifolia,Asteraceae,Asteroideae,NA
Adenophyllum speciosum,Asteraceae,Asteroideae,NA
Senecio toluccanus,Asteraceae,Asteroideae,NA
Roldana lanicaulis,Asteraceae,Asteroideae,NA
Roldana heracleifolia,Asteraceae,Asteroideae,NA
Critoniopsis uniflora,Asteraceae,Vernonioideae,NA
Roldana angulifolia,Asteraceae,Asteroideae,NA
Roldana schaffneri,Asteraceae,Asteroideae,NA
Psacalium sinuatum,Asteraceae,Asteroideae,NA
Psacalium nephrophyllum,Asteraceae,Asteroideae,NA
Roldana guadalajarensis,Asteraceae,Asteroideae,NA
Barkleyanthus salicifolius,Asteraceae,Asteroideae,NA
Adenophyllum anomalum,Asteraceae,Asteroideae,NA
Packera sanguisorbae,Asteraceae,Asteroideae,NA
Roldana lineolata,Asteraceae,Asteroideae,NA
Adenophyllum aurantium,Asteraceae,Asteroideae,NA
Vernonanthura patens,Asteraceae,Vernonioideae,NA
Critoniopsis triflosculosa,Asteraceae,Vernonioideae,NA
Pectis prostrata,Asteraceae,Asteroideae,NA
Telanthophora grandifolia grandifolia,Asteraceae,Asteroideae,grandifolia
Porophyllum coloratum obtusifolium,Asteraceae,Asteroideae,obtusifolium
Senecio vulgaris,Asteraceae,Asteroideae,NA
Tagetes lucida,Asteraceae,Asteroideae,NA
Vernonanthura cordata,Asteraceae,Vernonioideae,NA
Cyanthillium cinereum,Asteraceae,Vernonioideae,NA
Senecio callosus,Asteraceae,Asteroideae,NA
Roldana lineolata,Asteraceae,Asteroideae,NA
Senecio cinerarioides,Asteraceae,Asteroideae,NA
Rosilla lutea,Asteraceae,Asteroideae,NA
Roldana sessilifolia,Asteraceae,Asteroideae,NA
Lepidaploa tortuosa,Asteraceae,Vernonioideae,NA
Psacalium platylepis,Asteraceae,Asteroideae,NA
Pseudogynoxys chenopodioides chenopodioides,Asteraceae,Asteroideae,chenopodioides
Roldana lobata,Asteraceae,Asteroideae,NA
Pseudelephantopus spicatus,Asteraceae,Vernonioideae,NA
Erechtites hieracifolia cacalioides,Asteraceae,NA,cacalioides
Senecio stoechadiformis,Asteraceae,Asteroideae,NA
Chrysactinia mexicana,Asteraceae,Asteroideae,NA
Psacalium peltigerum peltigerum,Asteraceae,Asteroideae,peltigerum
Dyssodia pinnata glabrescens,Asteraceae,Asteroideae,glabrescens
Roldana sessilifolia,Asteraceae,Asteroideae,NA
Roldana heracleifolia,Asteraceae,Asteroideae,NA
Pseudelephantopus spicatus,Asteraceae,Vernonioideae,NA
Senecio warszewiczii,Asteraceae,Asteroideae,NA
Werneria nubigena,Asteraceae,Asteroideae,NA
Psacalium amplum,Asteraceae,Asteroideae,NA
Senecio flaccidus flaccidus,Asteraceae,Asteroideae,flaccidus
Thymophylla setifolia,Asteraceae,Asteroideae,NA
Pseudogynoxys chenopodioides chenopodioides,Asteraceae,Asteroideae,chenopodioides
Tagetes micrantha,Asteraceae,Asteroideae,NA
Senecio picridis,Asteraceae,Asteroideae,NA
Roldana sessilifolia,Asteraceae,Asteroideae,NA
Senecio polypodioides,Asteraceae,Asteroideae,NA
Lepidonia jonesii,Asteraceae,Vernonioideae,NA
Thymophylla setifolia,Asteraceae,Asteroideae,NA
Porophyllum macrocephalum,Asteraceae,Asteroideae,NA
Critoniopsis obtusa,Asteraceae,Vernonioideae,NA
Tagetes palmeri,Asteraceae,Asteroideae,NA
Leiboldia serrata,Asteraceae,Vernonioideae,NA
Pittocaulon praecox,Asteraceae,Asteroideae,NA
Roldana sessilifolia,Asteraceae,Asteroideae,NA
Tagetes filifolia,Asteraceae,Asteroideae,NA
Adenophyllum porophyllum cancellatum,Asteraceae,Asteroideae,cancellatum
Dyssodia papposa,Asteraceae,Asteroideae,NA
Senecio madrensis,Asteraceae,Asteroideae,NA
Vernonia greggii,Asteraceae,Vernonioideae,NA
Senecio stoechadiformis,Asteraceae,Asteroideae,NA
Psacalium pringlei,Asteraceae,Asteroideae,NA
Telanthophora grandifolia grandifolia,Asteraceae,Asteroideae,grandifolia
Rosilla lutea,Asteraceae,Asteroideae,NA
Telanthophora uspantanensis,Asteraceae,Asteroideae,NA
Senecio runcinatus,Asteraceae,Asteroideae,NA
Roldana barba-johannis,Asteraceae,Asteroideae,NA
Roldana pennellii pennellii,Asteraceae,Asteroideae,pennellii
Digitacalia jatrophoides jatrophoides,Asteraceae,Asteroideae,jatrophoides
Adenophyllum porophyllum cancellatum,Asteraceae,Asteroideae,cancellatum
Roldana angulifolia,Asteraceae,Asteroideae,NA
Roldana angulifolia,Asteraceae,Asteroideae,NA
Vernonanthura liatroides,Asteraceae,Vernonioideae,NA
Senecio flaccidus flaccidus,Asteraceae,Asteroideae,flaccidus
Senecio cinerarioides,Asteraceae,Asteroideae,NA
Dyssodia tagetiflora,Asteraceae,Asteroideae,NA
Dyssodia papposa,Asteraceae,Asteroideae,NA
Vernonanthura serratuloides,Asteraceae,Vernonioideae,NA
Vernonanthura serratuloides,Asteraceae,Vernonioideae,NA
Psacalium poculiferum,Asteraceae,Asteroideae,NA
Roldana sartorii,Asteraceae,Asteroideae,NA
Barkleyanthus salicifolius,Asteraceae,Asteroideae,NA
Roldana barba-johannis,Asteraceae,Asteroideae,NA
Barkleyanthus salicifolius,Asteraceae,Asteroideae,NA
Thymophylla setifolia,Asteraceae,Asteroideae,NA
Senecio callosus,Asteraceae,Asteroideae,NA
Senecio toluccanus,Asteraceae,Asteroideae,NA
Senecio stoechadiformis,Asteraceae,Asteroideae,NA
Roldana lineolata,Asteraceae,Asteroideae,NA
Senecio toluccanus,Asteraceae,Asteroideae,NA
Psacalium peltatum peltatum,Asteraceae,Asteroideae,peltatum
Senecio stoechadiformis,Asteraceae,Asteroideae,NA
Roldana lineolata,Asteraceae,Asteroideae,NA
Senecio stoechadiformis,Asteraceae,Asteroideae,NA
Porophyllum macrocephalum,Asteraceae,Asteroideae,NA
Adenophyllum anomalum,Asteraceae,Asteroideae,NA
Senecio cinerarioides,Asteraceae,Asteroideae,NA
Porophyllum macrocephalum,Asteraceae,Asteroideae,NA
Senecio callosus,Asteraceae,Asteroideae,NA
Roldana angulifolia,Asteraceae,Asteroideae,NA
Critoniopsis uniflora,Asteraceae,Vernonioideae,NA
Packera sanguisorbae,Asteraceae,Asteroideae,NA
Senecio vulgaris,Asteraceae,Asteroideae,NA
Roldana heteroidea,Asteraceae,Asteroideae,NA
Roldana lanicaulis,Asteraceae,Asteroideae,NA
Roldana barba-johannis,Asteraceae,Asteroideae,NA
Thymophylla setifolia,Asteraceae,Asteroideae,NA
Packera sanguisorbae,Asteraceae,Asteroideae,NA
Roldana grimesii,Asteraceae,Asteroideae,NA
Roldana sessilifolia,Asteraceae,Asteroideae,NA
Roldana lobata,Asteraceae,Asteroideae,NA
Adenophyllum porophyllum cancellatum,Asteraceae,Asteroideae,cancellatum
Psacalium palmeri,Asteraceae,Asteroideae,NA
Dyssodia pinnata glabrescens,Asteraceae,Asteroideae,glabrescens
Thymophylla setifolia,Asteraceae,Asteroideae,NA
Adenophyllum anomalum,Asteraceae,Asteroideae,NA
Thymophylla pentachaeta pentachaeta,Asteraceae,Asteroideae,pentachaeta
Elephantopus mollis,Asteraceae,Vernonioideae,NA
Nelsonianthus tapianus,Asteraceae,Asteroideae,NA
Rosilla lutea,Asteraceae,Asteroideae,NA
Roldana sessilifolia,Asteraceae,Asteroideae,NA
Vernonanthura patens,Asteraceae,Vernonioideae,NA
Senecio stoechadiformis,Asteraceae,Asteroideae,NA
Thymophylla setifolia,Asteraceae,Asteroideae,NA
Roldana angulifolia,Asteraceae,Asteroideae,NA
Critoniopsis obtusa,Asteraceae,Vernonioideae,NA
Elephantopus mollis,Asteraceae,Vernonioideae,NA
Roldana sartorii,Asteraceae,Asteroideae,NA
Lepidaploa tortuosa,Asteraceae,Vernonioideae,NA
Roldana heracleifolia,Asteraceae,Asteroideae,NA
Roldana angulifolia,Asteraceae,Asteroideae,NA
Pittocaulon velatum velatum,Asteraceae,Asteroideae,velatum
Leiboldia serrata,Asteraceae,Vernonioideae,NA
Thymophylla pentachaeta pentachaeta,Asteraceae,Asteroideae,pentachaeta
Vernonia greggii,Asteraceae,Vernonioideae,NA
Pittocaulon praecox,Asteraceae,Asteroideae,NA
Packera rosei,Asteraceae,Asteroideae,NA
Tagetes filifolia,Asteraceae,Asteroideae,NA
Pseudelephantopus spicatus,Asteraceae,Vernonioideae,NA
Senecio runcinatus,Asteraceae,Asteroideae,NA
Pentacalia venturae,Asteraceae,Asteroideae,NA
Roldana barba-johannis,Asteraceae,Asteroideae,NA
Senecio stoechadiformis,Asteraceae,Asteroideae,NA
Senecio cinerarioides,Asteraceae,Asteroideae,NA
Dyssodia papposa,Asteraceae,Asteroideae,NA
Adenophyllum anomalum,Asteraceae,Asteroideae,NA
Roldana schaffneri,Asteraceae,Asteroideae,NA
Senecio runcinatus,Asteraceae,Asteroideae,NA
Bolanosa coulteri,Asteraceae,Vernonioideae,NA
Packera bellidifolia,Asteraceae,Asteroideae,NA
Critoniopsis foliosa,Asteraceae,Vernonioideae,NA
Vernonanthura liatroides,Asteraceae,Vernonioideae,NA
Critoniopsis triflosculosa,Asteraceae,Vernonioideae,NA
Tagetes tenuifolia,Asteraceae,Asteroideae,NA
Critoniopsis triflosculosa,Asteraceae,Vernonioideae,NA
Roldana albonervia,Asteraceae,Asteroideae,NA
Roldana gonzaleziae,Asteraceae,Asteroideae,NA
Roldana sessilifolia,Asteraceae,Asteroideae,NA
Psacalium megaphyllum,Asteraceae,Asteroideae,NA
Psacalium sinuatum,Asteraceae,Asteroideae,NA
Thymophylla aurea,Asteraceae,Asteroideae,NA
Senecio madrensis,Asteraceae,Asteroideae,NA
Thymophylla pentachaeta pentachaeta,Asteraceae,Asteroideae,pentachaeta
Thymophylla setifolia,Asteraceae,Asteroideae,NA
Barkleyanthus salicifolius,Asteraceae,Asteroideae,NA
Psacalium megaphyllum,Asteraceae,Asteroideae,NA
Critoniopsis uniflora,Asteraceae,Vernonioideae,NA
Critoniopsis triflosculosa,Asteraceae,Vernonioideae,NA
Erechtites hieracifolia cacalioides,Asteraceae,NA,cacalioides
Pseudogynoxys chenopodioides chenopodioides,Asteraceae,Asteroideae,chenopodioides
Roldana mexicana,Asteraceae,Asteroideae,NA
Roldana mexicana,Asteraceae,Asteroideae,NA
Roldana michoacana,Asteraceae,Asteroideae,NA
Thymophylla pentachaeta pentachaeta,Asteraceae,Asteroideae,pentachaeta
Pectis prostrata,Asteraceae,Asteroideae,NA
Thymophylla pentachaeta hartwegii,Asteraceae,Asteroideae,hartwegii
Telanthophora cobanensis cobanensis,Asteraceae,Asteroideae,cobanensis
Thymophylla pentachaeta pentachaeta,Asteraceae,Asteroideae,pentachaeta
Pseudogynoxys chenopodioides chenopodioides,Asteraceae,Asteroideae,chenopodioides
Lepidaploa tortuosa,Asteraceae,Vernonioideae,NA
Lepidaploa tortuosa,Asteraceae,Vernonioideae,NA
Thymophylla aurea,Asteraceae,Asteroideae,NA
Thymophylla setifolia,Asteraceae,Asteroideae,NA
Vernonanthura patens,Asteraceae,Vernonioideae,NA
Senecio stoechadiformis,Asteraceae,Asteroideae,NA
Barkleyanthus salicifolius,Asteraceae,Asteroideae,NA
Critoniopsis tomentosa,Asteraceae,Vernonioideae,NA
Senecio bracteatus,Asteraceae,Asteroideae,NA
Tagetes foetidissima,Asteraceae,Asteroideae,NA
Pseudogynoxys chenopodioides chenopodioides,Asteraceae,Asteroideae,chenopodioides
Thymophylla pentachaeta pentachaeta,Asteraceae,Asteroideae,pentachaeta
Roldana mexicana,Asteraceae,Asteroideae,NA
Roldana lobata,Asteraceae,Asteroideae,NA
Roldana angulifolia,Asteraceae,Asteroideae,NA
Pectis angustifolia tenella,Asteraceae,Asteroideae,tenella
Senecio deppeanus,Asteraceae,Asteroideae,NA
Chrysactinia mexicana,Asteraceae,Asteroideae,NA
Critoniopsis obtusa,Asteraceae,Vernonioideae,NA
Bolanosa coulteri,Asteraceae,Vernonioideae,NA
Senecio prionopterus,Asteraceae,Asteroideae,NA
Adenophyllum porophyllum cancellatum,Asteraceae,Asteroideae,cancellatum
Tagetes lucida,Asteraceae,Asteroideae,NA
Porophyllum macrocephalum,Asteraceae,Asteroideae,NA
Barkleyanthus salicifolius,Asteraceae,Asteroideae,NA
Thymophylla pentachaeta pentachaeta,Asteraceae,Asteroideae,pentachaeta
Senecio alvarezensis,Asteraceae,Asteroideae,NA
Tagetes lucida,Asteraceae,Asteroideae,NA
Vernonia bealliae,Asteraceae,Vernonioideae,NA
Psacalium megaphyllum,Asteraceae,Asteroideae,NA
Thymophylla pentachaeta pentachaeta,Asteraceae,Asteroideae,pentachaeta
Psacalium eriocarpum,Asteraceae,Asteroideae,NA
Senecio runcinatus,Asteraceae,Asteroideae,NA
Vernonanthura patens,Asteraceae,Vernonioideae,NA
Roldana sessilifolia,Asteraceae,Asteroideae,NA
Roldana lanicaulis,Asteraceae,Asteroideae,NA
Tagetes lunulata,Asteraceae,Asteroideae,NA
Lepidonia mexicana,Asteraceae,Vernonioideae,NA
Roldana barba-johannis,Asteraceae,Asteroideae,NA
Elephantopus mollis,Asteraceae,Vernonioideae,NA
Packera sanguisorbae,Asteraceae,Asteroideae,NA
Packera coahuilensis,Asteraceae,Asteroideae,NA
Vernonanthura patens,Asteraceae,Vernonioideae,NA
Adenophyllum porophyllum cancellatum,Asteraceae,Asteroideae,cancellatum
Senecio stoechadiformis,Asteraceae,Asteroideae,NA
Roldana aschenborniana,Asteraceae,Asteroideae,NA
Thymophylla setifolia,Asteraceae,Asteroideae,NA
Vernonia greggii,Asteraceae,Vernonioideae,NA
Chrysactinia mexicana,Asteraceae,Asteroideae,NA
Roldana cordovensis,Asteraceae,Asteroideae,NA
Emilia sonchifolia,Asteraceae,Asteroideae,NA
Telanthophora andrieuxii,Asteraceae,Asteroideae,NA
Thymophylla setifolia,Asteraceae,Asteroideae,NA
Vernonia greggii,Asteraceae,Vernonioideae,NA
Vernonia argyropappa,Asteraceae,Vernonioideae,NA
Critoniopsis triflosculosa,Asteraceae,Vernonioideae,NA
Tagetes micrantha,Asteraceae,Asteroideae,NA
Rosilla lutea,Asteraceae,Asteroideae,NA
Senecio toluccanus,Asteraceae,Asteroideae,NA
Thymophylla pentachaeta hartwegii,Asteraceae,Asteroideae,hartwegii
Thymophylla setifolia,Asteraceae,Asteroideae,NA
Roldana aschenborniana,Asteraceae,Asteroideae,NA
Lepidaploa tortuosa,Asteraceae,Vernonioideae,NA
Pseudogynoxys chenopodioides chenopodioides,Asteraceae,Asteroideae,chenopodioides
Vernonanthura patens,Asteraceae,Vernonioideae,NA
Telanthophora grandifolia grandifolia,Asteraceae,Asteroideae,grandifolia
Critoniopsis tarchonanthifolia,Asteraceae,Vernonioideae,NA
Roldana barba-johannis,Asteraceae,Asteroideae,NA
Thymophylla setifolia,Asteraceae,Asteroideae,NA
Thymophylla pentachaeta pentachaeta,Asteraceae,Asteroideae,pentachaeta
Senecio callosus,Asteraceae,Asteroideae,NA
Roldana heracleifolia,Asteraceae,Asteroideae,NA
Senecio toluccanus,Asteraceae,Asteroideae,NA
Chrysactinia mexicana,Asteraceae,Asteroideae,NA
Pippenalia delphiniifolia,Asteraceae,Asteroideae,NA
Critoniopsis salicifolia,Asteraceae,Vernonioideae,NA
Vernonanthura oaxacana,Asteraceae,Vernonioideae,NA
Vernonanthura serratuloides,Asteraceae,Vernonioideae,NA
Vernonia alamanii,Asteraceae,Vernonioideae,NA
Vernonia alamanii,Asteraceae,Vernonioideae,NA
Senecio cinerarioides,Asteraceae,Asteroideae,NA
Tagetes lucida,Asteraceae,Asteroideae,NA
Psacalium radulifolium,Asteraceae,Asteroideae,NA
Pseudogynoxys chenopodioides chenopodioides,Asteraceae,Asteroideae,chenopodioides
Pseudogynoxys chenopodioides chenopodioides,Asteraceae,Asteroideae,chenopodioides
Adenophyllum squamosum,Asteraceae,Asteroideae,NA
Psacalium peltatum peltatum,Asteraceae,Asteroideae,peltatum
Roldana angulifolia,Asteraceae,Asteroideae,NA
Lepidaploa tortuosa,Asteraceae,Vernonioideae,NA
Senecio loratifolius,Asteraceae,Asteroideae,NA
Thymophylla pentachaeta pentachaeta,Asteraceae,Asteroideae,pentachaeta
Pterocaulon virgatum,Asteraceae,Asteroideae,NA
Roldana heracleifolia,Asteraceae,Asteroideae,NA
Senecio picridis,Asteraceae,Asteroideae,NA
Thymophylla setifolia,Asteraceae,Asteroideae,NA
Vernonia alamanii,Asteraceae,Vernonioideae,NA
Vernonanthura serratuloides,Asteraceae,Vernonioideae,NA
Vernonanthura oaxacana,Asteraceae,Vernonioideae,NA
Lepidaploa tortuosa,Asteraceae,Vernonioideae,NA
Senecio stoechadiformis,Asteraceae,Asteroideae,NA
Roldana schaffneri,Asteraceae,Asteroideae,NA
Psacalium sinuatum,Asteraceae,Asteroideae,NA
Roldana cordovensis,Asteraceae,Asteroideae,NA
Erechtites valerianifolius,Asteraceae,Asteroideae,NA
Tagetes lunulata,Asteraceae,Asteroideae,NA
Psacalium amplifolium,Asteraceae,Asteroideae,NA
Tagetes micrantha,Asteraceae,Asteroideae,NA
Vernonanthura patens,Asteraceae,Vernonioideae,NA
Roldana reticulata,Asteraceae,Asteroideae,NA
Lepidaploa tortuosa,Asteraceae,Vernonioideae,NA
Packera obovata,Asteraceae,Asteroideae,NA
Packera scalaris carmenensis,Asteraceae,Asteroideae,carmenensis
Thymophylla acerosa,Asteraceae,Asteroideae,NA
Tagetes erecta,Asteraceae,Asteroideae,NA
Vernonanthura liatroides,Asteraceae,Vernonioideae,NA
Stenocephalum jucundum,Asteraceae,Vernonioideae,NA
Barkleyanthus salicifolius,Asteraceae,Asteroideae,NA
Psacalium sinuatum,Asteraceae,Asteroideae,NA
Dyssodia pinnata pinnata,Asteraceae,Asteroideae,pinnata
Packera coahuilensis,Asteraceae,Asteroideae,NA
Senecio callosus,Asteraceae,Asteroideae,NA
Pseudogynoxys chenopodioides chenopodioides,Asteraceae,Asteroideae,chenopodioides
Adenophyllum porophyllum porophyllum,Asteraceae,Asteroideae,porophyllum
Lepidonia jonesii,Asteraceae,Vernonioideae,NA
Psacalium platylepis,Asteraceae,Asteroideae,NA
Pittocaulon praecox,Asteraceae,Asteroideae,NA
Roldana barba-johannis,Asteraceae,Asteroideae,NA
Senecio iodanthus,Asteraceae,Asteroideae,NA
Senecio flaccidus flaccidus,Asteraceae,Asteroideae,flaccidus
Thymophylla tenuifolia,Asteraceae,Asteroideae,NA
Roldana heracleifolia,Asteraceae,Asteroideae,NA
Tagetes micrantha,Asteraceae,Asteroideae,NA
Thymophylla acerosa,Asteraceae,Asteroideae,NA
Vernonanthura patens,Asteraceae,Vernonioideae,NA
Roldana angulifolia,Asteraceae,Asteroideae,NA
Senecio picridis,Asteraceae,Asteroideae,NA
Vernonia uniflora,Asteraceae,Vernonioideae,NA
Elephantopus mollis,Asteraceae,Vernonioideae,NA
Critoniopsis oolepis,Asteraceae,Vernonioideae,NA
Packera bellidifolia,Asteraceae,Asteroideae,NA
Senecio filifolius,Asteraceae,Asteroideae,NA
Thymophylla pentachaeta pentachaeta,Asteraceae,Asteroideae,pentachaeta
Dyssodia papposa,Asteraceae,Asteroideae,NA
Roldana lineolata,Asteraceae,Asteroideae,NA
Roldana heracleifolia,Asteraceae,Asteroideae,NA
Elephantopus mollis,Asteraceae,Vernonioideae,NA
Roldana lineolata,Asteraceae,Asteroideae,NA
Senecio callosus,Asteraceae,Asteroideae,NA
Psacalium megaphyllum,Asteraceae,Asteroideae,NA
Psacalium sinuatum,Asteraceae,Asteroideae,NA
Senecio toluccanus,Asteraceae,Asteroideae,NA
Roldana barba-johannis,Asteraceae,Asteroideae,NA
Senecio picridis,Asteraceae,Asteroideae,NA
Senecio picridis,Asteraceae,Asteroideae,NA
Packera sanguisorbae,Asteraceae,Asteroideae,NA
Leucactinia bracteata,Asteraceae,Asteroideae,NA
Vernonanthura liatroides,Asteraceae,Vernonioideae,NA
Adenophyllum porophyllum cancellatum,Asteraceae,Asteroideae,cancellatum
Critoniopsis salicifolia,Asteraceae,Vernonioideae,NA
Thymophylla pentachaeta pentachaeta,Asteraceae,Asteroideae,pentachaeta
Packera sanguisorbae,Asteraceae,Asteroideae,NA
Roldana angulifolia,Asteraceae,Asteroideae,NA
Thymophylla setifolia,Asteraceae,Asteroideae,NA
Roldana aschenborniana,Asteraceae,Asteroideae,NA
Roldana schaffneri,Asteraceae,Asteroideae,NA
Senecio flaccidus flaccidus,Asteraceae,Asteroideae,flaccidus
Critoniopsis uniflora,Asteraceae,Vernonioideae,NA
Critoniopsis salicifolia,Asteraceae,Vernonioideae,NA
Tagetes micrantha,Asteraceae,Asteroideae,NA
Roldana albonervia,Asteraceae,Asteroideae,NA
Senecio callosus,Asteraceae,Asteroideae,NA
Lepidaploa tortuosa,Asteraceae,Vernonioideae,NA
Lepidaploa tortuosa,Asteraceae,Vernonioideae,NA
Senecio stoechadiformis,Asteraceae,Asteroideae,NA
Dyssodia tagetiflora,Asteraceae,Asteroideae,NA
Roldana lineolata,Asteraceae,Asteroideae,NA
Roldana barba-johannis,Asteraceae,Asteroideae,NA
Emilia sonchifolia,Asteraceae,Asteroideae,NA
Thymophylla setifolia,Asteraceae,Asteroideae,NA
Lepidaploa tortuosa,Asteraceae,Vernonioideae,NA
Roldana sessilifolia,Asteraceae,Asteroideae,NA
Pseudelephantopus spicatus,Asteraceae,Vernonioideae,NA
Thymophylla pentachaeta pentachaeta,Asteraceae,Asteroideae,pentachaeta
Critoniopsis triflosculosa,Asteraceae,Vernonioideae,NA
Thymophylla pentachaeta pentachaeta,Asteraceae,Asteroideae,pentachaeta
Critoniopsis salicifolia,Asteraceae,Vernonioideae,NA
Tagetes foetidissima,Asteraceae,Asteroideae,NA
Vernonia steetzii,Asteraceae,Vernonioideae,NA
Psacalium tabulare,Asteraceae,Asteroideae,NA
Senecio runcinatus,Asteraceae,Asteroideae,NA
Thymophylla tenuifolia,Asteraceae,Asteroideae,NA
Telanthophora andrieuxii,Asteraceae,Asteroideae,NA
Senecio toluccanus,Asteraceae,Asteroideae,NA
Roldana reticulata,Asteraceae,Asteroideae,NA
Vernonia karvinskiana inuloides,Asteraceae,Vernonioideae,inuloides
Dyssodia pinnata pinnata,Asteraceae,Asteroideae,pinnata
Tagetes micrantha,Asteraceae,Asteroideae,NA
Tagetes lucida,Asteraceae,Asteroideae,NA
Thymophylla setifolia,Asteraceae,Asteroideae,NA
Senecio callosus,Asteraceae,Asteroideae,NA
Roldana albonervia,Asteraceae,Asteroideae,NA
Lepidaploa tortuosa,Asteraceae,Vernonioideae,NA
Cyanthillium cinereum,Asteraceae,Vernonioideae,NA
Pseudelephantopus spicatus,Asteraceae,Vernonioideae,NA
Senecio runcinatus,Asteraceae,Asteroideae,NA
Vernonia greggii,Asteraceae,Vernonioideae,NA
Dyssodia pinnata glabrescens,Asteraceae,Asteroideae,glabrescens
Roldana manantlanensis,Asteraceae,Asteroideae,NA
Thymophylla setifolia,Asteraceae,Asteroideae,NA
Porophyllum linaria,Asteraceae,Asteroideae,NA
Vernonanthura liatroides,Asteraceae,Vernonioideae,NA
Senecio callosus,Asteraceae,Asteroideae,NA
Dyssodia tagetiflora,Asteraceae,Asteroideae,NA
Telanthophora grandifolia grandifolia,Asteraceae,Asteroideae,grandifolia
Lepidaploa tortuosa,Asteraceae,Vernonioideae,NA
Elephantopus mollis,Asteraceae,Vernonioideae,NA
Roldana heracleifolia,Asteraceae,Asteroideae,NA
Barkleyanthus salicifolius,Asteraceae,Asteroideae,NA
Senecio callosus,Asteraceae,Asteroideae,NA
Senecio callosus,Asteraceae,Asteroideae,NA
Senecio callosus,Asteraceae,Asteroideae,NA
Psacalium sinuatum,Asteraceae,Asteroideae,NA
Tagetes tenuifolia,Asteraceae,Asteroideae,NA
Tagetes lucida,Asteraceae,Asteroideae,NA
Pittocaulon praecox,Asteraceae,Asteroideae,NA
Adenophyllum porophyllum cancellatum,Asteraceae,Asteroideae,cancellatum
Lepidaploa tortuosa,Asteraceae,Vernonioideae,NA
Senecio mairetianus,Asteraceae,Asteroideae,NA
Psacalium eriocarpum,Asteraceae,Asteroideae,NA
Thymophylla setifolia,Asteraceae,Asteroideae,NA
Rosilla lutea,Asteraceae,Asteroideae,NA
Psacalium eriocarpum,Asteraceae,Asteroideae,NA
Vernonanthura patens,Asteraceae,Vernonioideae,NA
Packera sanguisorbae,Asteraceae,Asteroideae,NA
Psacalium radulifolium,Asteraceae,Asteroideae,NA
Emilia sonchifolia,Asteraceae,Asteroideae,NA
Erechtites hieracifolia cacalioides,Asteraceae,NA,cacalioides
Roldana lobata,Asteraceae,Asteroideae,NA
Tagetes lucida,Asteraceae,Asteroideae,NA
Tagetes micrantha,Asteraceae,Asteroideae,NA
Senecio robinsonianus,Asteraceae,Asteroideae,NA
Porophyllum crassifolium,Asteraceae,Asteroideae,NA
Senecio parryi,Asteraceae,Asteroideae,NA
Vernonanthura cordata,Asteraceae,Vernonioideae,NA
Psacalium peltatum peltatum,Asteraceae,Asteroideae,peltatum
Senecio picridis,Asteraceae,Asteroideae,NA
Adenophyllum anomalum,Asteraceae,Asteroideae,NA
Vernonia steetzii,Asteraceae,Vernonioideae,NA
Roldana lineolata,Asteraceae,Asteroideae,NA
Dyssodia pinnata glabrescens,Asteraceae,Asteroideae,glabrescens
Dyssodia papposa,Asteraceae,Asteroideae,NA
Roldana angulifolia,Asteraceae,Asteroideae,NA
Pseudelephantopus spicatus,Asteraceae,Vernonioideae,NA
Senecio stoechadiformis,Asteraceae,Asteroideae,NA
Lepidonia jonesii,Asteraceae,Vernonioideae,NA
Pseudogynoxys chenopodioides cummingii,Asteraceae,Asteroideae,cummingii
Pseudogynoxys chenopodioides chenopodioides,Asteraceae,Asteroideae,chenopodioides
Senecio argutus,Asteraceae,Asteroideae,NA
Roldana sessilifolia,Asteraceae,Asteroideae,NA
Thymophylla acerosa,Asteraceae,Asteroideae,NA
Roldana sessilifolia,Asteraceae,Asteroideae,NA
Vernonanthura serratuloides,Asteraceae,Vernonioideae,NA
Vernonia karvinskiana karwinskiana,Asteraceae,Vernonioideae,karwinskiana
Critoniopsis triflosculosa,Asteraceae,Vernonioideae,NA
Tagetes stenophylla,Asteraceae,Asteroideae,NA
Tagetes subulata,Asteraceae,Asteroideae,NA
Packera sanguisorbae,Asteraceae,Asteroideae,NA
Senecio stoechadiformis,Asteraceae,Asteroideae,NA
Senecio stoechadiformis,Asteraceae,Asteroideae,NA
Critoniopsis triflosculosa,Asteraceae,Vernonioideae,NA
Lepidaploa tortuosa,Asteraceae,Vernonioideae,NA
Roldana lobata,Asteraceae,Asteroideae,NA
Thymophylla pentachaeta pentachaeta,Asteraceae,Asteroideae,pentachaeta
Pectis papposa papposa,Asteraceae,Asteroideae,papposa
Psacalium amplum,Asteraceae,Asteroideae,NA
Psacalium sinuatum,Asteraceae,Asteroideae,NA
Roldana hartwegii,Asteraceae,Asteroideae,NA
Erechtites valerianifolius,Asteraceae,Asteroideae,NA
Psacalium palmeri,Asteraceae,Asteroideae,NA
Senecio lemmonii,Asteraceae,Asteroideae,NA
Psacalium peltatum peltatum,Asteraceae,Asteroideae,peltatum
Roldana sessilifolia,Asteraceae,Asteroideae,NA
Psacalium platylepis,Asteraceae,Asteroideae,NA
Psacalium megaphyllum,Asteraceae,Asteroideae,NA
Barkleyanthus salicifolius,Asteraceae,Asteroideae,NA
Senecio flaccidus flaccidus,Asteraceae,Asteroideae,flaccidus
Senecio conzattii,Asteraceae,Asteroideae,NA
Psacalium megaphyllum,Asteraceae,Asteroideae,NA
Erechtites hieracifolia cacalioides,Asteraceae,NA,cacalioides
Packera tampicana,Asteraceae,Asteroideae,NA
Psacalium sinuatum,Asteraceae,Asteroideae,NA
Erechtites hieracifolia cacalioides,Asteraceae,NA,cacalioides
Roldana cristobalensis,Asteraceae,Asteroideae,NA
Tetradymia comosa,Asteraceae,Asteroideae,NA
Senecio helodes,Asteraceae,Asteroideae,NA
Senecio flaccidus flaccidus,Asteraceae,Asteroideae,flaccidus
Telanthophora andrieuxii,Asteraceae,Asteroideae,NA
Roldana aschenborniana,Asteraceae,Asteroideae,NA
Roldana aschenborniana,Asteraceae,Asteroideae,NA
Senecio picridis,Asteraceae,Asteroideae,NA
Roldana lanicaulis,Asteraceae,Asteroideae,NA
Senecio flaccidus flaccidus,Asteraceae,Asteroideae,flaccidus
Roldana guadalajarensis,Asteraceae,Asteroideae,NA
Pentacalia parasitica,Asteraceae,Asteroideae,NA
Roldana michoacana,Asteraceae,Asteroideae,NA
Packera tampicana,Asteraceae,Asteroideae,NA
Erechtites hieracifolia cacalioides,Asteraceae,NA,cacalioides
Pippenalia delphiniifolia,Asteraceae,Asteroideae,NA
Roldana barba-johannis,Asteraceae,Asteroideae,NA
Senecio callosus,Asteraceae,Asteroideae,NA
Senecio vulgaris,Asteraceae,Asteroideae,NA
Senecio mohavensis,Asteraceae,Asteroideae,NA
Roldana aschenborniana,Asteraceae,Asteroideae,NA
Senecio cinerarioides,Asteraceae,Asteroideae,NA
Barkleyanthus salicifolius,Asteraceae,Asteroideae,NA
Roldana cordovensis,Asteraceae,Asteroideae,NA
Psacalium sinuatum,Asteraceae,Asteroideae,NA
Psacalium palmeri,Asteraceae,Asteroideae,NA
Senecio flaccidus flaccidus,Asteraceae,Asteroideae,flaccidus
Erechtites hieracifolia cacalioides,Asteraceae,NA,cacalioides
Senecio flaccidus flaccidus,Asteraceae,Asteroideae,flaccidus
Telanthophora uspantanensis,Asteraceae,Asteroideae,NA
Senecio flaccidus flaccidus,Asteraceae,Asteroideae,flaccidus
Senecio flaccidus flaccidus,Asteraceae,Asteroideae,flaccidus
Pittocaulon praecox,Asteraceae,Asteroideae,NA
Senecio mulgediifolius,Asteraceae,Asteroideae,NA
Senecio roseus,Asteraceae,Asteroideae,NA
Senecio roseus,Asteraceae,Asteroideae,NA
Psacalium goldsmithii goldsmithii,Asteraceae,NA,goldsmithii
Villasenoria orcuttii,Asteraceae,Asteroideae,NA
Psacalium decompositum,Asteraceae,Asteroideae,NA
Psacalium silphiifolium,Asteraceae,Asteroideae,NA
Barkleyanthus salicifolius,Asteraceae,Asteroideae,NA
Psacalium palmeri,Asteraceae,Asteroideae,NA
Senecio stoechadiformis,Asteraceae,Asteroideae,NA
Psacalium goldsmithii goldsmithii,Asteraceae,NA,goldsmithii
Psacalium palmeri,Asteraceae,Asteroideae,NA
Psacalium poculiferum,Asteraceae,Asteroideae,NA
Psacalium palmeri,Asteraceae,Asteroideae,NA
Senecio prionopterus,Asteraceae,Asteroideae,NA
Senecio prionopterus,Asteraceae,Asteroideae,NA
Psacalium sinuatum,Asteraceae,Asteroideae,NA
Senecio conzattii,Asteraceae,Asteroideae,NA
Roldana michoacana,Asteraceae,Asteroideae,NA
Senecio conzattii,Asteraceae,Asteroideae,NA
Psacalium megaphyllum,Asteraceae,Asteroideae,NA
Psacalium peltigerum peltigerum,Asteraceae,Asteroideae,peltigerum
Senecio callosus,Asteraceae,Asteroideae,NA
Roldana aschenborniana,Asteraceae,Asteroideae,NA
Barkleyanthus salicifolius,Asteraceae,Asteroideae,NA
Senecio flaccidus flaccidus,Asteraceae,Asteroideae,flaccidus
Senecio flaccidus flaccidus,Asteraceae,Asteroideae,flaccidus
Barkleyanthus salicifolius,Asteraceae,Asteroideae,NA
Psacalium amplum,Asteraceae,Asteroideae,NA
Psacalium amplum,Asteraceae,Asteroideae,NA
Psacalium amplum,Asteraceae,Asteroideae,NA
Psacalium amplum,Asteraceae,Asteroideae,NA
Roldana sartorii,Asteraceae,Asteroideae,NA
Emilia sonchifolia,Asteraceae,Asteroideae,NA
Erechtites valerianifolius,Asteraceae,Asteroideae,NA
Barkleyanthus salicifolius,Asteraceae,Asteroideae,NA
Barkleyanthus salicifolius,Asteraceae,Asteroideae,NA
Senecio callosus,Asteraceae,Asteroideae,NA
Roldana reticulata,Asteraceae,Asteroideae,NA
Psacalium sinuatum,Asteraceae,Asteroideae,NA
Pittocaulon praecox,Asteraceae,Asteroideae,NA
Barkleyanthus salicifolius,Asteraceae,Asteroideae,NA
Barkleyanthus salicifolius,Asteraceae,Asteroideae,NA
Roldana heracleifolia,Asteraceae,Asteroideae,NA
Senecio flaccidus flaccidus,Asteraceae,Asteroideae,flaccidus
Senecio flaccidus flaccidus,Asteraceae,Asteroideae,flaccidus
Barkleyanthus salicifolius,Asteraceae,Asteroideae,NA
Psacalium sinuatum,Asteraceae,Asteroideae,NA
Roldana sessilifolia,Asteraceae,Asteroideae,NA
Senecio bracteatus,Asteraceae,Asteroideae,NA
Senecio aphanactis,Asteraceae,Asteroideae,NA
Barkleyanthus salicifolius,Asteraceae,Asteroideae,NA
Psacalium poculiferum,Asteraceae,Asteroideae,NA
Erechtites hieracifolia cacalioides,Asteraceae,NA,cacalioides
Roldana cordovensis,Asteraceae,Asteroideae,NA
Barkleyanthus salicifolius,Asteraceae,Asteroideae,NA
Senecio lyonii,Asteraceae,Asteroideae,NA
Senecio lyonii,Asteraceae,Asteroideae,NA
Senecio lyonii,Asteraceae,Asteroideae,NA
Senecio cinerarioides,Asteraceae,Asteroideae,NA
Senecio cinerarioides,Asteraceae,Asteroideae,NA
Barkleyanthus salicifolius,Asteraceae,Asteroideae,NA
Barkleyanthus salicifolius,Asteraceae,Asteroideae,NA
Senecio cinerarioides,Asteraceae,Asteroideae,NA
Pittocaulon praecox,Asteraceae,Asteroideae,NA
Barkleyanthus salicifolius,Asteraceae,Asteroideae,NA
Barkleyanthus salicifolius,Asteraceae,Asteroideae,NA
Erechtites hieracifolia cacalioides,Asteraceae,NA,cacalioides
Psacalium sinuatum,Asteraceae,Asteroideae,NA
Senecio cinerarioides,Asteraceae,Asteroideae,NA
Villasenoria orcuttii,Asteraceae,Asteroideae,NA
Senecio stoechadiformis,Asteraceae,Asteroideae,NA
Packera bellidifolia,Asteraceae,Asteroideae,NA
Barkleyanthus salicifolius,Asteraceae,Asteroideae,NA
Senecio douglasii,Asteraceae,Asteroideae,NA
Senecio flaccidus monoensis,Asteraceae,Asteroideae,monoensis
Senecio lemmonii,Asteraceae,Asteroideae,NA
Senecio roseus,Asteraceae,Asteroideae,NA
Senecio deppeanus,Asteraceae,Asteroideae,NA
Barkleyanthus salicifolius,Asteraceae,Asteroideae,NA
Psacalium multilobum,Asteraceae,Asteroideae,NA
Psacalium multilobum,Asteraceae,Asteroideae,NA
Psacalium palmeri,Asteraceae,Asteroideae,NA
Psacalium eriocarpum,Asteraceae,Asteroideae,NA
Barkleyanthus salicifolius,Asteraceae,Asteroideae,NA
Barkleyanthus salicifolius,Asteraceae,Asteroideae,NA
Barkleyanthus salicifolius,Asteraceae,Asteroideae,NA
Barkleyanthus salicifolius,Asteraceae,Asteroideae,NA
Psacalium megaphyllum,Asteraceae,Asteroideae,NA
Psacalium multilobum,Asteraceae,Asteroideae,NA
Senecio lemmonii,Asteraceae,Asteroideae,NA
Pittocaulon praecox,Asteraceae,Asteroideae,NA
Senecio flaccidus monoensis,Asteraceae,Asteroideae,monoensis
Barkleyanthus salicifolius,Asteraceae,Asteroideae,NA
Senecio callosus,Asteraceae,Asteroideae,NA
Roldana angulifolia,Asteraceae,Asteroideae,NA
Roldana barba-johannis,Asteraceae,Asteroideae,NA
Barkleyanthus salicifolius,Asteraceae,Asteroideae,NA
Pseudogynoxys chenopodioides cummingii,Asteraceae,Asteroideae,cummingii
Barkleyanthus salicifolius,Asteraceae,Asteroideae,NA
Pseudogynoxys chenopodioides chenopodioides,Asteraceae,Asteroideae,chenopodioides
Senecio flaccidus flaccidus,Asteraceae,Asteroideae,flaccidus
Roldana barba-johannis,Asteraceae,Asteroideae,NA
Senecio callosus,Asteraceae,Asteroideae,NA
Senecio roseus,Asteraceae,Asteroideae,NA
Pittocaulon velatum velatum,Asteraceae,Asteroideae,velatum
Psacalium peltigerum peltigerum,Asteraceae,Asteroideae,peltigerum
Roldana albonervia,Asteraceae,Asteroideae,NA
Senecio flaccidus flaccidus,Asteraceae,Asteroideae,flaccidus
Roldana albonervia,Asteraceae,Asteroideae,NA
Roldana angulifolia,Asteraceae,Asteroideae,NA
Senecio madrensis,Asteraceae,Asteroideae,NA
Senecio flaccidus flaccidus,Asteraceae,Asteroideae,flaccidus
Senecio flaccidus flaccidus,Asteraceae,Asteroideae,flaccidus
Senecio bracteatus,Asteraceae,Asteroideae,NA
Psacalium amplifolium,Asteraceae,Asteroideae,NA
Erechtites hieracifolia cacalioides,Asteraceae,NA,cacalioides
Erechtites hieracifolia cacalioides,Asteraceae,NA,cacalioides
Roldana aschenborniana,Asteraceae,Asteroideae,NA
Erechtites hieracifolia cacalioides,Asteraceae,NA,cacalioides
Senecio callosus,Asteraceae,Asteroideae,NA
Senecio roseus,Asteraceae,Asteroideae,NA
Psacalium poculiferum,Asteraceae,Asteroideae,NA
Senecio flaccidus monoensis,Asteraceae,Asteroideae,monoensis
Psacalium pringlei,Asteraceae,Asteroideae,NA
Roldana aschenborniana,Asteraceae,Asteroideae,NA
Telanthophora grandifolia grandifolia,Asteraceae,Asteroideae,grandifolia
Telanthophora grandifolia grandifolia,Asteraceae,Asteroideae,grandifolia
Erechtites hieracifolia cacalioides,Asteraceae,NA,cacalioides
Senecio stoechadiformis,Asteraceae,Asteroideae,NA
Senecio toluccanus,Asteraceae,Asteroideae,NA
Barkleyanthus salicifolius,Asteraceae,Asteroideae,NA
Senecio flaccidus flaccidus,Asteraceae,Asteroideae,flaccidus
Roldana cordovensis,Asteraceae,Asteroideae,NA
Roldana cordovensis,Asteraceae,Asteroideae,NA
Psacalium palmeri,Asteraceae,Asteroideae,NA
Psacalium sinuatum,Asteraceae,Asteroideae,NA
Senecio procumbens,Asteraceae,Asteroideae,NA
Packera bellidifolia,Asteraceae,Asteroideae,NA
Senecio mairetianus,Asteraceae,Asteroideae,NA
Roldana heracleifolia,Asteraceae,Asteroideae,NA
Senecio stoechadiformis,Asteraceae,Asteroideae,NA
Psacalium peltatum adenophorum,Asteraceae,Asteroideae,adenophorum
Erechtites hieracifolia cacalioides,Asteraceae,NA,cacalioides
Senecio flaccidus flaccidus,Asteraceae,Asteroideae,flaccidus
Senecio flaccidus flaccidus,Asteraceae,Asteroideae,flaccidus
Psacalium platylepis,Asteraceae,Asteroideae,NA
Telanthophora grandifolia grandifolia,Asteraceae,Asteroideae,grandifolia
Erechtites valerianifolius,Asteraceae,Asteroideae,NA
Pittocaulon velatum velatum,Asteraceae,Asteroideae,velatum
Barkleyanthus salicifolius,Asteraceae,Asteroideae,NA
Senecio roseus,Asteraceae,Asteroideae,NA
Psacalium sinuatum,Asteraceae,Asteroideae,NA
Barkleyanthus salicifolius,Asteraceae,Asteroideae,NA
Senecio cinerarioides,Asteraceae,Asteroideae,NA
Senecio cinerarioides,Asteraceae,Asteroideae,NA
Packera coahuilensis,Asteraceae,Asteroideae,NA
Roldana angulifolia,Asteraceae,Asteroideae,NA
Senecio stoechadiformis,Asteraceae,Asteroideae,NA
Senecio bracteatus,Asteraceae,Asteroideae,NA
Senecio flaccidus flaccidus,Asteraceae,Asteroideae,flaccidus
Barkleyanthus salicifolius,Asteraceae,Asteroideae,NA
Roldana mexicana,Asteraceae,Asteroideae,NA
Barkleyanthus salicifolius,Asteraceae,Asteroideae,NA
Digitacalia jatrophoides jatrophoides,Asteraceae,Asteroideae,jatrophoides
Psacalium peltatum peltatum,Asteraceae,Asteroideae,peltatum
Psacalium napellifolium,Asteraceae,Asteroideae,NA
Tetradymia comosa,Asteraceae,Asteroideae,NA
Senecio flaccidus flaccidus,Asteraceae,Asteroideae,flaccidus
Senecio orizabensis,Asteraceae,Asteroideae,NA
Senecio mairetianus,Asteraceae,Asteroideae,NA
Senecio orizabensis,Asteraceae,Asteroideae,NA
Senecio runcinatus,Asteraceae,Asteroideae,NA
Senecio roseus,Asteraceae,Asteroideae,NA
Senecio roseus,Asteraceae,Asteroideae,NA
Psacalium napellifolium,Asteraceae,Asteroideae,NA
Erechtites hieracifolia cacalioides,Asteraceae,NA,cacalioides
Telanthophora uspantanensis,Asteraceae,Asteroideae,NA
Psacalium goldsmithii goldsmithii,Asteraceae,NA,goldsmithii
Erechtites hieracifolia cacalioides,Asteraceae,NA,cacalioides
Erechtites hieracifolia cacalioides,Asteraceae,NA,cacalioides
Psacalium decompositum,Asteraceae,Asteroideae,NA
Psacalium decompositum,Asteraceae,Asteroideae,NA
Barkleyanthus salicifolius,Asteraceae,Asteroideae,NA
Barkleyanthus salicifolius,Asteraceae,Asteroideae,NA
Pseudogynoxys chenopodioides chenopodioides,Asteraceae,Asteroideae,chenopodioides
Psacalium peltatum peltatum,Asteraceae,Asteroideae,peltatum
Barkleyanthus salicifolius,Asteraceae,Asteroideae,NA
Psacalium palmeri,Asteraceae,Asteroideae,NA
Pittocaulon praecox,Asteraceae,Asteroideae,NA
Senecio flaccidus flaccidus,Asteraceae,Asteroideae,flaccidus
Pittocaulon praecox,Asteraceae,Asteroideae,NA
Senecio callosus,Asteraceae,Asteroideae,NA
Senecio madrensis,Asteraceae,Asteroideae,NA
Psacalium cirsiifolium,Asteraceae,Asteroideae,NA
Psacalium sinuatum,Asteraceae,Asteroideae,NA
Roldana lobata,Asteraceae,Asteroideae,NA
Psacalium cronquistiorum,Asteraceae,Asteroideae,NA
Senecio iodanthus,Asteraceae,Asteroideae,NA
Psacalium platylepis,Asteraceae,Asteroideae,NA
Senecio stoechadiformis,Asteraceae,Asteroideae,NA
Senecio stoechadiformis,Asteraceae,Asteroideae,NA
Roldana angulifolia,Asteraceae,Asteroideae,NA
Pittocaulon velatum velatum,Asteraceae,Asteroideae,velatum
Psacalium matudae,Asteraceae,Asteroideae,NA
Senecio iodanthus,Asteraceae,Asteroideae,NA
Psacalium pringlei,Asteraceae,Asteroideae,NA
Psacalium sinuatum,Asteraceae,Asteroideae,NA
Barkleyanthus salicifolius,Asteraceae,Asteroideae,NA
Roldana heracleifolia,Asteraceae,Asteroideae,NA
Pittocaulon praecox,Asteraceae,Asteroideae,NA
Senecio doratophyllus,Asteraceae,Asteroideae,NA
Pittocaulon filare,Asteraceae,Asteroideae,NA
Senecio callosus,Asteraceae,Asteroideae,NA
Pittocaulon velatum velatum,Asteraceae,Asteroideae,velatum
Barkleyanthus salicifolius,Asteraceae,Asteroideae,NA
Packera coahuilensis,Asteraceae,Asteroideae,NA
Pseudogynoxys chenopodioides chenopodioides,Asteraceae,Asteroideae,chenopodioides
Roldana barba-johannis,Asteraceae,Asteroideae,NA
Roldana angulifolia,Asteraceae,Asteroideae,NA
Senecio mairetianus,Asteraceae,Asteroideae,NA
Senecio toluccanus,Asteraceae,Asteroideae,NA
Senecio callosus,Asteraceae,Asteroideae,NA
Senecio flaccidus flaccidus,Asteraceae,Asteroideae,flaccidus
Roldana cristobalensis,Asteraceae,Asteroideae,NA
Senecio stoechadiformis,Asteraceae,Asteroideae,NA
Erechtites hieracifolia cacalioides,Asteraceae,NA,cacalioides
Senecio flaccidus flaccidus,Asteraceae,Asteroideae,flaccidus
Roldana aschenborniana,Asteraceae,Asteroideae,NA
Pittocaulon filare,Asteraceae,Asteroideae,NA
Erechtites hieracifolia cacalioides,Asteraceae,NA,cacalioides
Erechtites hieracifolia cacalioides,Asteraceae,NA,cacalioides
Barkleyanthus salicifolius,Asteraceae,Asteroideae,NA
Psacalium multilobum,Asteraceae,Asteroideae,NA
Pittocaulon velatum velatum,Asteraceae,Asteroideae,velatum
Roldana aschenborniana,Asteraceae,Asteroideae,NA
Barkleyanthus salicifolius,Asteraceae,Asteroideae,NA
Pseudogynoxys haenkei,Asteraceae,Asteroideae,NA
Barkleyanthus salicifolius,Asteraceae,Asteroideae,NA
Barkleyanthus salicifolius,Asteraceae,Asteroideae,NA
Roldana aschenborniana,Asteraceae,Asteroideae,NA
Roldana angulifolia,Asteraceae,Asteroideae,NA
Pittocaulon velatum velatum,Asteraceae,Asteroideae,velatum
Senecio bracteatus,Asteraceae,Asteroideae,NA
Psacalium goldsmithii goldsmithii,Asteraceae,NA,goldsmithii
Senecio flaccidus monoensis,Asteraceae,Asteroideae,monoensis
Senecio roseus,Asteraceae,Asteroideae,NA
Barkleyanthus salicifolius,Asteraceae,Asteroideae,NA
Barkleyanthus salicifolius,Asteraceae,Asteroideae,NA
Psacalium sharpii,Asteraceae,Asteroideae,NA
Psacalium pringlei,Asteraceae,Asteroideae,NA
Barkleyanthus salicifolius,Asteraceae,Asteroideae,NA
Senecio flaccidus flaccidus,Asteraceae,Asteroideae,flaccidus
Barkleyanthus salicifolius,Asteraceae,Asteroideae,NA
Senecio flaccidus flaccidus,Asteraceae,Asteroideae,flaccidus
Roldana aschenborniana,Asteraceae,Asteroideae,NA
Pittocaulon praecox,Asteraceae,Asteroideae,NA
Barkleyanthus salicifolius,Asteraceae,Asteroideae,NA
Senecio callosus,Asteraceae,Asteroideae,NA
Psacalium nanum,Asteraceae,Asteroideae,NA
Senecio callosus,Asteraceae,Asteroideae,NA
Pseudogynoxys haenkei,Asteraceae,Asteroideae,NA
Barkleyanthus salicifolius,Asteraceae,Asteroideae,NA
Erechtites hieracifolia cacalioides,Asteraceae,NA,cacalioides
Robinsonecio gerberifolius,Asteraceae,Asteroideae,NA
Senecio roseus,Asteraceae,Asteroideae,NA
Packera coahuilensis,Asteraceae,Asteroideae,NA
Senecio stoechadiformis,Asteraceae,Asteroideae,NA
Senecio multidentatus multidentatus,Asteraceae,Asteroideae,multidentatus
Roldana hederifolia,Asteraceae,Asteroideae,NA
Roldana aschenborniana,Asteraceae,Asteroideae,NA
Senecio lemmonii,Asteraceae,Asteroideae,NA
Psacalium peltatum peltatum,Asteraceae,Asteroideae,peltatum
Pittocaulon praecox,Asteraceae,Asteroideae,NA
Barkleyanthus salicifolius,Asteraceae,Asteroideae,NA
Senecio stoechadiformis,Asteraceae,Asteroideae,NA
Senecio durangensis atrapiculatus,Asteraceae,Asteroideae,atrapiculatus
Psacalium megaphyllum,Asteraceae,Asteroideae,NA
Digitacalia crypta,Asteraceae,Asteroideae,NA
Psacalium sinuatum,Asteraceae,Asteroideae,NA
Psacalium palmeri,Asteraceae,Asteroideae,NA
Psacalium goldsmithii goldsmithii,Asteraceae,NA,goldsmithii
Psacalium silphiifolium,Asteraceae,Asteroideae,NA
Barkleyanthus salicifolius,Asteraceae,Asteroideae,NA
Senecio flaccidus flaccidus,Asteraceae,Asteroideae,flaccidus
Senecio mairetianus,Asteraceae,Asteroideae,NA
Senecio callosus,Asteraceae,Asteroideae,NA
Telanthophora grandifolia grandifolia,Asteraceae,Asteroideae,grandifolia
Telanthophora grandifolia grandifolia,Asteraceae,Asteroideae,grandifolia
Senecio flaccidus flaccidus,Asteraceae,Asteroideae,flaccidus
Erechtites hieracifolia cacalioides,Asteraceae,NA,cacalioides
Psacalium sinuatum,Asteraceae,Asteroideae,NA
Telanthophora liebmannii,Asteraceae,Asteroideae,NA
Psacalium palmeri,Asteraceae,Asteroideae,NA
Senecio flaccidus flaccidus,Asteraceae,Asteroideae,flaccidus
Senecio callosus,Asteraceae,Asteroideae,NA
Senecio stoechadiformis,Asteraceae,Asteroideae,NA
Psacalium pringlei,Asteraceae,Asteroideae,NA
Psacalium holwayanum,Asteraceae,Asteroideae,NA
Psacalium poculiferum,Asteraceae,Asteroideae,NA
Psacalium poculiferum,Asteraceae,Asteroideae,NA
Senecio flaccidus flaccidus,Asteraceae,Asteroideae,flaccidus
Psacalium megaphyllum,Asteraceae,Asteroideae,NA
Psacalium palmeri,Asteraceae,Asteroideae,NA
Senecio cinerarioides,Asteraceae,Asteroideae,NA
Barkleyanthus salicifolius,Asteraceae,Asteroideae,NA
Roldana hartwegii,Asteraceae,Asteroideae,NA
Senecio roseus,Asteraceae,Asteroideae,NA
Psacalium megaphyllum,Asteraceae,Asteroideae,NA
Pseudogynoxys haenkei,Asteraceae,Asteroideae,NA
Senecio orizabensis,Asteraceae,Asteroideae,NA
Psacalium sharpii,Asteraceae,Asteroideae,NA
Senecio stoechadiformis,Asteraceae,Asteroideae,NA
Roldana sessilifolia,Asteraceae,Asteroideae,NA
Roldana heracleifolia,Asteraceae,Asteroideae,NA
Senecio rzedowskii,Asteraceae,Asteroideae,NA
Senecio jacalensis,Asteraceae,Asteroideae,NA
Psacalium goldsmithii goldsmithii,Asteraceae,NA,goldsmithii
Psacalium goldsmithii goldsmithii,Asteraceae,NA,goldsmithii
Senecio bracteatus,Asteraceae,Asteroideae,NA
Roldana aschenborniana,Asteraceae,Asteroideae,NA
Senecio stoechadiformis,Asteraceae,Asteroideae,NA
Barkleyanthus salicifolius,Asteraceae,Asteroideae,NA
Senecio picridis,Asteraceae,Asteroideae,NA
Digitacalia jatrophoides jatrophoides,Asteraceae,Asteroideae,jatrophoides
Psacalium palmeri,Asteraceae,Asteroideae,NA
Telanthophora jaliscana,Asteraceae,Asteroideae,NA
Psacalium sinuatum,Asteraceae,Asteroideae,NA
Erechtites hieracifolia cacalioides,Asteraceae,NA,cacalioides
Erechtites hieracifolia cacalioides,Asteraceae,NA,cacalioides
Psacalium pentaflorum,Asteraceae,Asteroideae,NA
Psacalium sinuatum,Asteraceae,Asteroideae,NA
Senecio mulgediifolius,Asteraceae,Asteroideae,NA
Barkleyanthus salicifolius,Asteraceae,Asteroideae,NA
Senecio callosus,Asteraceae,Asteroideae,NA
Senecio wootonii,Asteraceae,Asteroideae,NA
Roldana aschenborniana,Asteraceae,Asteroideae,NA
Senecio runcinatus,Asteraceae,Asteroideae,NA
Pseudogynoxys chenopodioides chenopodioides,Asteraceae,Asteroideae,chenopodioides
Senecio conzattii,Asteraceae,Asteroideae,NA
Barkleyanthus salicifolius,Asteraceae,Asteroideae,NA
Senecio flaccidus flaccidus,Asteraceae,Asteroideae,flaccidus
Barkleyanthus salicifolius,Asteraceae,Asteroideae,NA
Erechtites hieracifolia cacalioides,Asteraceae,NA,cacalioides
Telanthophora cobanensis cobanensis,Asteraceae,Asteroideae,cobanensis
Roldana barba-johannis,Asteraceae,Asteroideae,NA
Senecio runcinatus,Asteraceae,Asteroideae,NA
Senecio flaccidus flaccidus,Asteraceae,Asteroideae,flaccidus
Psacalium sinuatum,Asteraceae,Asteroideae,NA
Barkleyanthus salicifolius,Asteraceae,Asteroideae,NA
Roldana sessilifolia,Asteraceae,Asteroideae,NA
Erechtites hieracifolia cacalioides,Asteraceae,NA,cacalioides
Roldana heracleifolia,Asteraceae,Asteroideae,NA
Barkleyanthus salicifolius,Asteraceae,Asteroideae,NA
Pittocaulon praecox,Asteraceae,Asteroideae,NA
Pittocaulon velatum velatum,Asteraceae,Asteroideae,velatum
Roldana aschenborniana,Asteraceae,Asteroideae,NA
Erechtites hieracifolia cacalioides,Asteraceae,NA,cacalioides
Roldana aschenborniana,Asteraceae,Asteroideae,NA
Roldana aschenborniana,Asteraceae,Asteroideae,NA
Senecio flaccidus flaccidus,Asteraceae,Asteroideae,flaccidus
Senecio polypodioides,Asteraceae,Asteroideae,NA
Senecio cinerarioides,Asteraceae,Asteroideae,NA
Digitacalia jatrophoides jatrophoides,Asteraceae,Asteroideae,jatrophoides
Pittocaulon praecox,Asteraceae,Asteroideae,NA
Senecio flaccidus monoensis,Asteraceae,Asteroideae,monoensis
Senecio flaccidus flaccidus,Asteraceae,Asteroideae,flaccidus
Senecio mohavensis,Asteraceae,Asteroideae,NA
Psacalium sinuatum,Asteraceae,Asteroideae,NA
Pseudogynoxys chenopodioides cummingii,Asteraceae,Asteroideae,cummingii
Barkleyanthus salicifolius,Asteraceae,Asteroideae,NA
Psacalium sinuatum,Asteraceae,Asteroideae,NA
Roldana angulifolia,Asteraceae,Asteroideae,NA
Senecio alvarezensis,Asteraceae,Asteroideae,NA
Senecio conzattii,Asteraceae,Asteroideae,NA
Barkleyanthus salicifolius,Asteraceae,Asteroideae,NA
Psacalium amplifolium,Asteraceae,Asteroideae,NA
Psacalium sinuatum,Asteraceae,Asteroideae,NA
Psacalium radulifolium,Asteraceae,Asteroideae,NA
Psacalium sinuatum,Asteraceae,Asteroideae,NA
Telanthophora grandifolia grandifolia,Asteraceae,Asteroideae,grandifolia
Telanthophora uspantanensis,Asteraceae,Asteroideae,NA
Erechtites valerianifolius,Asteraceae,Asteroideae,NA
Senecio deformis,Asteraceae,Asteroideae,NA
Senecio runcinatus,Asteraceae,Asteroideae,NA
Senecio roseus,Asteraceae,Asteroideae,NA
Senecio bracteatus,Asteraceae,Asteroideae,NA
Senecio conzattii,Asteraceae,Asteroideae,NA
Senecio polypodioides,Asteraceae,Asteroideae,NA
Roldana albonervia,Asteraceae,Asteroideae,NA
Psacalium poculiferum,Asteraceae,Asteroideae,NA
Senecio doratophyllus,Asteraceae,Asteroideae,NA
Senecio bracteatus,Asteraceae,Asteroideae,NA
Pippenalia delphiniifolia,Asteraceae,Asteroideae,NA
Barkleyanthus salicifolius,Asteraceae,Asteroideae,NA
Senecio stoechadiformis,Asteraceae,Asteroideae,NA
Psacalium goldsmithii goldsmithii,Asteraceae,NA,goldsmithii
Packera bellidifolia,Asteraceae,Asteroideae,NA
Senecio callosus,Asteraceae,Asteroideae,NA
Telanthophora andrieuxii,Asteraceae,Asteroideae,NA
Psacalium tussilaginoides,Asteraceae,Asteroideae,NA
Barkleyanthus salicifolius,Asteraceae,Asteroideae,NA
Pittocaulon velatum velatum,Asteraceae,Asteroideae,velatum
Senecio roseus,Asteraceae,Asteroideae,NA
Senecio godmanii,Asteraceae,Asteroideae,NA
Senecio prionopterus,Asteraceae,Asteroideae,NA
Psacalium sinuatum,Asteraceae,Asteroideae,NA
Senecio orizabensis,Asteraceae,Asteroideae,NA
Senecio mulgediifolius,Asteraceae,Asteroideae,NA
Senecio mulgediifolius,Asteraceae,Asteroideae,NA
Psacalium sinuatum,Asteraceae,Asteroideae,NA
Erechtites valerianifolius,Asteraceae,Asteroideae,NA
Senecio flaccidus flaccidus,Asteraceae,Asteroideae,flaccidus
Telanthophora jaliscana,Asteraceae,Asteroideae,NA
Senecio flaccidus flaccidus,Asteraceae,Asteroideae,flaccidus
Packera tampicana,Asteraceae,Asteroideae,NA
Pseudogynoxys chenopodioides chenopodioides,Asteraceae,Asteroideae,chenopodioides
Senecio callosus,Asteraceae,Asteroideae,NA
Pittocaulon praecox,Asteraceae,Asteroideae,NA
Senecio callosus,Asteraceae,Asteroideae,NA
Senecio callosus,Asteraceae,Asteroideae,NA
Psacalium hintonii,Asteraceae,Asteroideae,NA
Roldana cordovensis,Asteraceae,Asteroideae,NA
Roldana cordovensis,Asteraceae,Asteroideae,NA
Psacalium amplifolium,Asteraceae,Asteroideae,NA
Senecio mulgediifolius,Asteraceae,Asteroideae,NA
Senecio mulgediifolius,Asteraceae,Asteroideae,NA
Barkleyanthus salicifolius,Asteraceae,Asteroideae,NA
Senecio doratophyllus,Asteraceae,Asteroideae,NA
Senecio flaccidus flaccidus,Asteraceae,Asteroideae,flaccidus
Roldana angulifolia,Asteraceae,Asteroideae,NA
Senecio stoechadiformis,Asteraceae,Asteroideae,NA
Pittocaulon praecox,Asteraceae,Asteroideae,NA
Packera sanguisorbae,Asteraceae,Asteroideae,NA
Psacalium megaphyllum,Asteraceae,Asteroideae,NA
Senecio flaccidus flaccidus,Asteraceae,Asteroideae,flaccidus
Senecio polypodioides,Asteraceae,Asteroideae,NA
Pittocaulon velatum velatum,Asteraceae,Asteroideae,velatum
Senecio flaccidus flaccidus,Asteraceae,Asteroideae,flaccidus
Packera bellidifolia,Asteraceae,Asteroideae,NA
Psacalium pachyphyllum,Asteraceae,Asteroideae,NA
Psacalium decompositum,Asteraceae,Asteroideae,NA
Senecio runcinatus,Asteraceae,Asteroideae,NA
Roldana barba-johannis,Asteraceae,Asteroideae,NA
Senecio lasiocaulon,Asteraceae,Asteroideae,NA
Psacalium pringlei,Asteraceae,Asteroideae,NA
Psacalium cirsiifolium,Asteraceae,Asteroideae,NA
Pittocaulon filare,Asteraceae,Asteroideae,NA
Pittocaulon velatum velatum,Asteraceae,Asteroideae,velatum
Senecio flaccidus flaccidus,Asteraceae,Asteroideae,flaccidus
Psacalium radulifolium,Asteraceae,Asteroideae,NA
Senecio callosus,Asteraceae,Asteroideae,NA
Senecio callosus,Asteraceae,Asteroideae,NA
Pittocaulon velatum velatum,Asteraceae,Asteroideae,velatum
Barkleyanthus salicifolius,Asteraceae,Asteroideae,NA
Telanthophora grandifolia grandifolia,Asteraceae,Asteroideae,grandifolia
Erechtites hieracifolia cacalioides,Asteraceae,NA,cacalioides
Pippenalia delphiniifolia,Asteraceae,Asteroideae,NA
Barkleyanthus salicifolius,Asteraceae,Asteroideae,NA
Barkleyanthus salicifolius,Asteraceae,Asteroideae,NA
Erechtites valerianifolius,Asteraceae,Asteroideae,NA
Erechtites hieracifolia cacalioides,Asteraceae,NA,cacalioides
Pittocaulon praecox,Asteraceae,Asteroideae,NA
Barkleyanthus salicifolius,Asteraceae,Asteroideae,NA
Pittocaulon bombycophole,Asteraceae,Asteroideae,NA
Psacalium poculiferum,Asteraceae,Asteroideae,NA
Psacalium cirsiifolium,Asteraceae,Asteroideae,NA
Packera bellidifolia,Asteraceae,Asteroideae,NA
Psacalium megaphyllum,Asteraceae,Asteroideae,NA
Roldana pennellii durangensis,Asteraceae,Asteroideae,durangensis
Telanthophora cobanensis cobanensis,Asteraceae,Asteroideae,cobanensis
Telanthophora grandifolia grandifolia,Asteraceae,Asteroideae,grandifolia
Roldana angulifolia,Asteraceae,Asteroideae,NA
Pittocaulon praecox,Asteraceae,Asteroideae,NA
Psacalium radulifolium,Asteraceae,Asteroideae,NA
Psacalium amplifolium,Asteraceae,Asteroideae,NA
Lepidospartum squamatum,Asteraceae,Asteroideae,NA
Senecio runcinatus,Asteraceae,Asteroideae,NA
Barkleyanthus salicifolius,Asteraceae,Asteroideae,NA
Senecio flaccidus flaccidus,Asteraceae,Asteroideae,flaccidus
Roldana barba-johannis,Asteraceae,Asteroideae,NA
Pippenalia delphiniifolia,Asteraceae,Asteroideae,NA
Barkleyanthus salicifolius,Asteraceae,Asteroideae,NA
Erechtites hieracifolia cacalioides,Asteraceae,NA,cacalioides
Erechtites hieracifolia cacalioides,Asteraceae,NA,cacalioides
Psacalium pringlei,Asteraceae,Asteroideae,NA
Senecio callosus,Asteraceae,Asteroideae,NA
Packera sanguisorbae,Asteraceae,Asteroideae,NA
Barkleyanthus salicifolius,Asteraceae,Asteroideae,NA
Senecio stoechadiformis,Asteraceae,Asteroideae,NA
Senecio runcinatus,Asteraceae,Asteroideae,NA
Roldana angulifolia,Asteraceae,Asteroideae,NA
Senecio procumbens,Asteraceae,Asteroideae,NA
Pippenalia delphiniifolia,Asteraceae,Asteroideae,NA
Barkleyanthus salicifolius,Asteraceae,Asteroideae,NA
Barkleyanthus salicifolius,Asteraceae,Asteroideae,NA
Telanthophora grandifolia grandifolia,Asteraceae,Asteroideae,grandifolia
Roldana lineolata,Asteraceae,Asteroideae,NA
Telanthophora grandifolia grandifolia,Asteraceae,Asteroideae,grandifolia
Barkleyanthus salicifolius,Asteraceae,Asteroideae,NA
Psacalium peltatum peltatum,Asteraceae,Asteroideae,peltatum
Senecio polypodioides,Asteraceae,Asteroideae,NA
Psacalium tabulare,Asteraceae,Asteroideae,NA
Barkleyanthus salicifolius,Asteraceae,Asteroideae,NA
Psacalium sinuatum,Asteraceae,Asteroideae,NA
Senecio stoechadiformis,Asteraceae,Asteroideae,NA
Barkleyanthus salicifolius,Asteraceae,Asteroideae,NA
Psacalium tussilaginoides,Asteraceae,Asteroideae,NA
Senecio bracteatus,Asteraceae,Asteroideae,NA
Senecio stoechadiformis,Asteraceae,Asteroideae,NA
Senecio vulgaris,Asteraceae,Asteroideae,NA
Barkleyanthus salicifolius,Asteraceae,Asteroideae,NA
Barkleyanthus salicifolius,Asteraceae,Asteroideae,NA
Senecio deformis,Asteraceae,Asteroideae,NA
Psacalium cirsiifolium,Asteraceae,Asteroideae,NA
Psacalium tabulare,Asteraceae,Asteroideae,NA
Barkleyanthus salicifolius,Asteraceae,Asteroideae,NA
Roldana mexicana,Asteraceae,Asteroideae,NA
Senecio flaccidus flaccidus,Asteraceae,Asteroideae,flaccidus
Senecio mulgediifolius,Asteraceae,Asteroideae,NA
Psacalium cirsiifolium,Asteraceae,Asteroideae,NA
Erechtites hieracifolia cacalioides,Asteraceae,NA,cacalioides
Packera bellidifolia,Asteraceae,Asteroideae,NA
Senecio conzattii,Asteraceae,Asteroideae,NA
Roldana reticulata,Asteraceae,Asteroideae,NA
Barkleyanthus salicifolius,Asteraceae,Asteroideae,NA
Packera tampicana,Asteraceae,Asteroideae,NA
Roldana aschenborniana,Asteraceae,Asteroideae,NA
Senecio runcinatus,Asteraceae,Asteroideae,NA
Pittocaulon bombycophole,Asteraceae,Asteroideae,NA
Erechtites hieracifolia cacalioides,Asteraceae,NA,cacalioides
Packera tampicana,Asteraceae,Asteroideae,NA
Senecio callosus,Asteraceae,Asteroideae,NA
Senecio flaccidus flaccidus,Asteraceae,Asteroideae,flaccidus
Roldana aschenborniana,Asteraceae,Asteroideae,NA
Senecio flaccidus monoensis,Asteraceae,Asteroideae,monoensis
Senecio lasiocaulon,Asteraceae,Asteroideae,NA
Senecio flaccidus monoensis,Asteraceae,Asteroideae,monoensis
Pittocaulon hintonii,Asteraceae,Asteroideae,NA
Senecio cordovensis,Asteraceae,Asteroideae,NA
Pittocaulon praecox,Asteraceae,Asteroideae,NA
Psacalium peltatum peltatum,Asteraceae,Asteroideae,peltatum
Erechtites hieracifolia cacalioides,Asteraceae,NA,cacalioides
Telanthophora cobanensis cobanensis,Asteraceae,Asteroideae,cobanensis
Psacalium eriocarpum,Asteraceae,Asteroideae,NA
Packera tampicana,Asteraceae,Asteroideae,NA
Telanthophora andrieuxii,Asteraceae,Asteroideae,NA
Psacalium decompositum,Asteraceae,Asteroideae,NA
Senecio toluccanus,Asteraceae,Asteroideae,NA
Pittocaulon velatum velatum,Asteraceae,Asteroideae,velatum
Senecio mulgediifolius,Asteraceae,Asteroideae,NA
Roldana hartwegii,Asteraceae,Asteroideae,NA
Psacalium sinuatum,Asteraceae,Asteroideae,NA
Senecio stoechadiformis,Asteraceae,Asteroideae,NA
Telanthophora grandifolia grandifolia,Asteraceae,Asteroideae,grandifolia
Psacalium amplum,Asteraceae,Asteroideae,NA
Psacalium tabulare,Asteraceae,Asteroideae,NA
Psacalium silphiifolium,Asteraceae,Asteroideae,NA
Pittocaulon praecox,Asteraceae,Asteroideae,NA
Senecio stoechadiformis,Asteraceae,Asteroideae,NA
Senecio procumbens,Asteraceae,Asteroideae,NA
Barkleyanthus salicifolius,Asteraceae,Asteroideae,NA
Roldana lanicaulis,Asteraceae,Asteroideae,NA
Barkleyanthus salicifolius,Asteraceae,Asteroideae,NA
Senecio loratifolius,Asteraceae,Asteroideae,NA
Barkleyanthus salicifolius,Asteraceae,Asteroideae,NA
Packera sanguisorbae,Asteraceae,Asteroideae,NA
Barkleyanthus salicifolius,Asteraceae,Asteroideae,NA
Pseudogynoxys chenopodioides chenopodioides,Asteraceae,Asteroideae,chenopodioides
Psacalium platylepis,Asteraceae,Asteroideae,NA
Barkleyanthus salicifolius,Asteraceae,Asteroideae,NA
Psacalium sinuatum,Asteraceae,Asteroideae,NA
Senecio bracteatus,Asteraceae,Asteroideae,NA
Senecio flaccidus monoensis,Asteraceae,Asteroideae,monoensis
Pseudogynoxys haenkei,Asteraceae,Asteroideae,NA
Senecio callosus,Asteraceae,Asteroideae,NA
Barkleyanthus salicifolius,Asteraceae,Asteroideae,NA
Erechtites valerianifolius,Asteraceae,Asteroideae,NA
Psacalium platylepis,Asteraceae,Asteroideae,NA
Roldana mexicana,Asteraceae,Asteroideae,NA
Senecio vulgaris,Asteraceae,Asteroideae,NA
Psacalium peltatum peltatum,Asteraceae,Asteroideae,peltatum
Psacalium sinuatum,Asteraceae,Asteroideae,NA
Packera tampicana,Asteraceae,Asteroideae,NA
Senecio mohavensis,Asteraceae,Asteroideae,NA
Barkleyanthus salicifolius,Asteraceae,Asteroideae,NA
Psacalium palmeri,Asteraceae,Asteroideae,NA
Roldana sessilifolia,Asteraceae,Asteroideae,NA
Roldana sessilifolia,Asteraceae,Asteroideae,NA
Pseudogynoxys haenkei,Asteraceae,Asteroideae,NA
Psacalium radulifolium,Asteraceae,Asteroideae,NA
Psacalium megaphyllum,Asteraceae,Asteroideae,NA
Senecio flaccidus flaccidus,Asteraceae,Asteroideae,flaccidus
Roldana aschenborniana,Asteraceae,Asteroideae,NA
Roldana barba-johannis,Asteraceae,Asteroideae,NA
Psacalium sinuatum,Asteraceae,Asteroideae,NA
Roldana lobata,Asteraceae,Asteroideae,NA
Psacalium palmeri,Asteraceae,Asteroideae,NA
Senecio multidentatus multidentatus,Asteraceae,Asteroideae,multidentatus
Roldana sessilifolia,Asteraceae,Asteroideae,NA
Senecio flaccidus flaccidus,Asteraceae,Asteroideae,flaccidus
Psacalium pringlei,Asteraceae,Asteroideae,NA
Roldana aschenborniana,Asteraceae,Asteroideae,NA
Senecio flaccidus flaccidus,Asteraceae,Asteroideae,flaccidus
Psacalium decompositum,Asteraceae,Asteroideae,NA
Pseudogynoxys chenopodioides chenopodioides,Asteraceae,Asteroideae,chenopodioides
Psacalium napellifolium,Asteraceae,Asteroideae,NA
Barkleyanthus salicifolius,Asteraceae,Asteroideae,NA
Senecio conzattii,Asteraceae,Asteroideae,NA
Pseudogynoxys haenkei,Asteraceae,Asteroideae,NA
Senecio callosus,Asteraceae,Asteroideae,NA
Senecio conzattii,Asteraceae,Asteroideae,NA
Psacalium peltatum peltatum,Asteraceae,Asteroideae,peltatum
Packera tampicana,Asteraceae,Asteroideae,NA
Packera coahuilensis,Asteraceae,Asteroideae,NA
Senecio roseus,Asteraceae,Asteroideae,NA
Senecio flaccidus monoensis,Asteraceae,Asteroideae,monoensis
Senecio parryi,Asteraceae,Asteroideae,NA
Psacalium sinuatum,Asteraceae,Asteroideae,NA
Erechtites hieracifolia cacalioides,Asteraceae,NA,cacalioides
Senecio flaccidus flaccidus,Asteraceae,Asteroideae,flaccidus
Senecio barkleyi,Asteraceae,Asteroideae,NA
Senecio cinerarioides,Asteraceae,Asteroideae,NA
Barkleyanthus salicifolius,Asteraceae,Asteroideae,NA
Psacalium sinuatum,Asteraceae,Asteroideae,NA
Psacalium peltatum peltatum,Asteraceae,Asteroideae,peltatum
Barkleyanthus salicifolius,Asteraceae,Asteroideae,NA
Psacalium tussilaginoides,Asteraceae,Asteroideae,NA
Pittocaulon praecox,Asteraceae,Asteroideae,NA
Psacalium sinuatum,Asteraceae,Asteroideae,NA
Barkleyanthus salicifolius,Asteraceae,Asteroideae,NA
Barkleyanthus salicifolius,Asteraceae,Asteroideae,NA
Erechtites hieracifolia cacalioides,Asteraceae,NA,cacalioides
Psacalium goldsmithii goldsmithii,Asteraceae,NA,goldsmithii
Pseudogynoxys haenkei,Asteraceae,Asteroideae,NA
Erechtites valerianifolius,Asteraceae,Asteroideae,NA
Senecio iodanthus,Asteraceae,Asteroideae,NA
Psacalium multilobum,Asteraceae,Asteroideae,NA
Barkleyanthus salicifolius,Asteraceae,Asteroideae,NA
Roldana hederifolia,Asteraceae,Asteroideae,NA
Roldana michoacana,Asteraceae,Asteroideae,NA
Barkleyanthus salicifolius,Asteraceae,Asteroideae,NA
Barkleyanthus salicifolius,Asteraceae,Asteroideae,NA
Senecio mairetianus,Asteraceae,Asteroideae,NA
Erechtites valerianifolius,Asteraceae,Asteroideae,NA
Roldana sessilifolia,Asteraceae,Asteroideae,NA
Erechtites hieracifolia cacalioides,Asteraceae,NA,cacalioides
Roldana cristobalensis,Asteraceae,Asteroideae,NA
Barkleyanthus salicifolius,Asteraceae,Asteroideae,NA
Barkleyanthus salicifolius,Asteraceae,Asteroideae,NA
Telanthophora uspantanensis,Asteraceae,Asteroideae,NA
Senecio stoechadiformis,Asteraceae,Asteroideae,NA
Senecio flaccidus flaccidus,Asteraceae,Asteroideae,flaccidus
Packera bellidifolia,Asteraceae,Asteroideae,NA
Senecio toluccanus,Asteraceae,Asteroideae,NA
Erechtites hieracifolia cacalioides,Asteraceae,NA,cacalioides
Erechtites hieracifolia cacalioides,Asteraceae,NA,cacalioides
Barkleyanthus salicifolius,Asteraceae,Asteroideae,NA
Senecio bracteatus,Asteraceae,Asteroideae,NA
Roldana barba-johannis,Asteraceae,Asteroideae,NA
Psacalium radulifolium,Asteraceae,Asteroideae,NA
Pittocaulon filare,Asteraceae,Asteroideae,NA
Pittocaulon praecox,Asteraceae,Asteroideae,NA
Senecio doratophyllus,Asteraceae,Asteroideae,NA
Senecio doratophyllus,Asteraceae,Asteroideae,NA
Psacalium peltatum peltatum,Asteraceae,Asteroideae,peltatum
Barkleyanthus salicifolius,Asteraceae,Asteroideae,NA
Psacalium globosum,Asteraceae,Asteroideae,NA
Pseudogynoxys chenopodioides chenopodioides,Asteraceae,Asteroideae,chenopodioides
Pseudogynoxys chenopodioides chenopodioides,Asteraceae,Asteroideae,chenopodioides
Roldana robinsoniana,Asteraceae,Asteroideae,NA
Roldana aschenborniana,Asteraceae,Asteroideae,NA
Psacalium palmeri,Asteraceae,Asteroideae,NA
Packera sanguisorbae,Asteraceae,Asteroideae,NA
Senecio californicus californicus,Asteraceae,Asteroideae,californicus
Senecio cinerarioides,Asteraceae,Asteroideae,NA
Digitacalia jatrophoides jatrophoides,Asteraceae,Asteroideae,jatrophoides
Roldana hederifolia,Asteraceae,Asteroideae,NA
Psacalium amplum,Asteraceae,Asteroideae,NA
Psacalium radulifolium,Asteraceae,Asteroideae,NA
Roldana eriophylla,Asteraceae,Asteroideae,NA
Barkleyanthus salicifolius,Asteraceae,Asteroideae,NA
Senecio iodanthus,Asteraceae,Asteroideae,NA
Senecio callosus,Asteraceae,Asteroideae,NA
Senecio semperamatae,Asteraceae,Asteroideae,NA
Roldana aschenborniana,Asteraceae,Asteroideae,NA
Packera bellidifolia,Asteraceae,Asteroideae,NA
Psacalium goldsmithii goldsmithii,Asteraceae,NA,goldsmithii
Psacalium sinuatum,Asteraceae,Asteroideae,NA
Lepidospartum squamatum,Asteraceae,Asteroideae,NA
Packera tampicana,Asteraceae,Asteroideae,NA
Roldana barba-johannis,Asteraceae,Asteroideae,NA
Senecio callosus,Asteraceae,Asteroideae,NA
Senecio roseus,Asteraceae,Asteroideae,NA
Psacalium peltatum peltatum,Asteraceae,Asteroideae,peltatum
Barkleyanthus salicifolius,Asteraceae,Asteroideae,NA
Psacalium sinuatum,Asteraceae,Asteroideae,NA
Senecio bracteatus,Asteraceae,Asteroideae,NA
Psacalium platylepis,Asteraceae,Asteroideae,NA
Senecio callosus,Asteraceae,Asteroideae,NA
Psacalium platylepis,Asteraceae,Asteroideae,NA
Barkleyanthus salicifolius,Asteraceae,Asteroideae,NA
Senecio callosus,Asteraceae,Asteroideae,NA
Erechtites hieracifolia cacalioides,Asteraceae,NA,cacalioides
Psacalium sinuatum,Asteraceae,Asteroideae,NA
Roldana robinsoniana,Asteraceae,Asteroideae,NA
Senecio bracteatus,Asteraceae,Asteroideae,NA
Pseudogynoxys chenopodioides chenopodioides,Asteraceae,Asteroideae,chenopodioides
Senecio flaccidus monoensis,Asteraceae,Asteroideae,monoensis
Psacalium laxiflorum,Asteraceae,Asteroideae,NA
Psacalium filicifolium,Asteraceae,Asteroideae,NA
Psacalium pentaflorum,Asteraceae,Asteroideae,NA
Packera sanguisorbae,Asteraceae,Asteroideae,NA
Erechtites hieracifolia cacalioides,Asteraceae,NA,cacalioides
Senecio deformis,Asteraceae,Asteroideae,NA
Senecio aphanactis,Asteraceae,Asteroideae,NA
Psacalium peltatum peltatum,Asteraceae,Asteroideae,peltatum
Barkleyanthus salicifolius,Asteraceae,Asteroideae,NA
Senecio flaccidus flaccidus,Asteraceae,Asteroideae,flaccidus
Roldana angulifolia,Asteraceae,Asteroideae,NA
Senecio flaccidus flaccidus,Asteraceae,Asteroideae,flaccidus
Villasenoria orcuttii,Asteraceae,Asteroideae,NA
Barkleyanthus salicifolius,Asteraceae,Asteroideae,NA
Packera bellidifolia,Asteraceae,Asteroideae,NA
Packera scalaris carmenensis,Asteraceae,Asteroideae,carmenensis
Senecio parryi,Asteraceae,Asteroideae,NA
Roldana lineolata,Asteraceae,Asteroideae,NA
Pittocaulon praecox,Asteraceae,Asteroideae,NA
Packera tampicana,Asteraceae,Asteroideae,NA
Senecio callosus,Asteraceae,Asteroideae,NA
Roldana hartwegii,Asteraceae,Asteroideae,NA
Roldana lineolata,Asteraceae,Asteroideae,NA
Roldana suffulta,Asteraceae,Asteroideae,NA
Senecio conzattii,Asteraceae,Asteroideae,NA
Senecio conzattii,Asteraceae,Asteroideae,NA
Psacalium sinuatum,Asteraceae,Asteroideae,NA
Psacalium radulifolium,Asteraceae,Asteroideae,NA
Senecio lemmonii,Asteraceae,Asteroideae,NA
Psacalium pachyphyllum,Asteraceae,Asteroideae,NA
Psacalium sinuatum,Asteraceae,Asteroideae,NA
Barkleyanthus salicifolius,Asteraceae,Asteroideae,NA
Roldana barba-johannis,Asteraceae,Asteroideae,NA
Senecio stoechadiformis,Asteraceae,Asteroideae,NA
Roldana barba-johannis,Asteraceae,Asteroideae,NA
Telanthophora grandifolia grandifolia,Asteraceae,Asteroideae,grandifolia
Senecio bracteatus,Asteraceae,Asteroideae,NA
Roldana michoacana,Asteraceae,Asteroideae,NA
Barkleyanthus salicifolius,Asteraceae,Asteroideae,NA
Psacalium sinuatum,Asteraceae,Asteroideae,NA
Roldana aschenborniana,Asteraceae,Asteroideae,NA
Roldana lineolata,Asteraceae,Asteroideae,NA
Psacalium peltatum peltatum,Asteraceae,Asteroideae,peltatum
Senecio flaccidus flaccidus,Asteraceae,Asteroideae,flaccidus
Psacalium silphiifolium,Asteraceae,Asteroideae,NA
Senecio roseus,Asteraceae,Asteroideae,NA
Erechtites valerianifolius,Asteraceae,Asteroideae,NA
Senecio godmanii,Asteraceae,Asteroideae,NA
Roldana sessilifolia,Asteraceae,Asteroideae,NA
Senecio toluccanus,Asteraceae,Asteroideae,NA
Roldana sessilifolia,Asteraceae,Asteroideae,NA
Senecio flaccidus monoensis,Asteraceae,Asteroideae,monoensis
Roldana angulifolia,Asteraceae,Asteroideae,NA
Emilia sonchifolia,Asteraceae,Asteroideae,NA
Pseudogynoxys chenopodioides chenopodioides,Asteraceae,Asteroideae,chenopodioides
Roldana schaffneri,Asteraceae,Asteroideae,NA
Erechtites hieracifolia cacalioides,Asteraceae,NA,cacalioides
Robinsonecio gerberifolius,Asteraceae,Asteroideae,NA
Telanthophora jaliscana,Asteraceae,Asteroideae,NA
Psacalium eriocarpum,Asteraceae,Asteroideae,NA
Psacalium eriocarpum,Asteraceae,Asteroideae,NA
Erechtites valerianifolius,Asteraceae,Asteroideae,NA
Psacalium goldsmithii goldsmithii,Asteraceae,NA,goldsmithii
Packera scalaris parrasiana,Asteraceae,Asteroideae,parrasiana
Roldana barba-johannis,Asteraceae,Asteroideae,NA
Pittocaulon velatum velatum,Asteraceae,Asteroideae,velatum
Roldana heracleifolia,Asteraceae,Asteroideae,NA
Erechtites hieracifolia cacalioides,Asteraceae,NA,cacalioides
Barkleyanthus salicifolius,Asteraceae,Asteroideae,NA
Barkleyanthus salicifolius,Asteraceae,Asteroideae,NA
Pseudogynoxys chenopodioides chenopodioides,Asteraceae,Asteroideae,chenopodioides
Barkleyanthus salicifolius,Asteraceae,Asteroideae,NA
Barkleyanthus salicifolius,Asteraceae,Asteroideae,NA
Senecio flaccidus monoensis,Asteraceae,Asteroideae,monoensis
Barkleyanthus salicifolius,Asteraceae,Asteroideae,NA
Senecio runcinatus,Asteraceae,Asteroideae,NA
Senecio mulgediifolius,Asteraceae,Asteroideae,NA
Senecio roseus,Asteraceae,Asteroideae,NA
Psacalium sinuatum,Asteraceae,Asteroideae,NA
Roldana sessilifolia,Asteraceae,Asteroideae,NA
Erechtites hieracifolia cacalioides,Asteraceae,NA,cacalioides
Erechtites hieracifolia cacalioides,Asteraceae,NA,cacalioides
Packera tampicana,Asteraceae,Asteroideae,NA
Senecio mohavensis,Asteraceae,Asteroideae,NA
Roldana aschenborniana,Asteraceae,Asteroideae,NA
Senecio cinerarioides,Asteraceae,Asteroideae,NA
Barkleyanthus salicifolius,Asteraceae,Asteroideae,NA
Telanthophora liebmannii,Asteraceae,Asteroideae,NA
Roldana platanifolia,Asteraceae,Asteroideae,NA
Psacalium tabulare,Asteraceae,Asteroideae,NA
Roldana aschenborniana,Asteraceae,Asteroideae,NA
Senecio multidentatus huachucanus,Asteraceae,Asteroideae,huachucanus
Senecio flaccidus flaccidus,Asteraceae,Asteroideae,flaccidus
Erechtites hieracifolia cacalioides,Asteraceae,NA,cacalioides
Barkleyanthus salicifolius,Asteraceae,Asteroideae,NA
Roldana cordovensis,Asteraceae,Asteroideae,NA
Telanthophora grandifolia grandifolia,Asteraceae,Asteroideae,grandifolia
Senecio lemmonii,Asteraceae,Asteroideae,NA
Pittocaulon hintonii,Asteraceae,Asteroideae,NA
Packera bellidifolia,Asteraceae,Asteroideae,NA
Psacalium mollifolium,Asteraceae,Asteroideae,NA
Roldana lineolata,Asteraceae,Asteroideae,NA
Psacalium palmeri,Asteraceae,Asteroideae,NA
Barkleyanthus salicifolius,Asteraceae,Asteroideae,NA
Pseudogynoxys chenopodioides chenopodioides,Asteraceae,Asteroideae,chenopodioides
Senecio flaccidus flaccidus,Asteraceae,Asteroideae,flaccidus
Senecio stoechadiformis,Asteraceae,Asteroideae,NA
Barkleyanthus salicifolius,Asteraceae,Asteroideae,NA
Erechtites hieracifolia cacalioides,Asteraceae,NA,cacalioides
Senecio callosus,Asteraceae,Asteroideae,NA
Psacalium amplum,Asteraceae,Asteroideae,NA
Senecio bracteatus,Asteraceae,Asteroideae,NA
Erechtites hieracifolia cacalioides,Asteraceae,NA,cacalioides
Psacalium sinuatum,Asteraceae,Asteroideae,NA
Roldana aschenborniana,Asteraceae,Asteroideae,NA
Barkleyanthus salicifolius,Asteraceae,Asteroideae,NA
Psacalium palmeri,Asteraceae,Asteroideae,NA
